0.38062293506318184, -0.3164318386909563,0
-0.20733508319309812, -0.220329500199399,0
0.08848126685815758, -0.3051063033248528,0
0.08848126685815763, -0.3051063033248528,0
-0.20733508319309818, -0.2203295001993991,0
0.30683856840935986, -0.31602861004028504,0
-0.42730794464333205, 0.32545637393265986,0
0.3529876535158186, -0.12496576633916695,0
-0.32442597461634043, 0.01472781649224175,0
0.618104601793469, -0.16297553066789516,0
-0.267727369528525, 0.033276684880377806,0
-0.11151140549929123, -0.2400027463511792,0
-0.1257786105747902, 0.13761434287536045,0
-0.02442447504607167, -0.2548629984177465,0
-0.11767367701124261, -0.03455686110378874,0
-0.33234827163712555, 0.39960313832745364,0
-0.4261554835441783, -0.16499917747204526,0
0.36359658549852375, -0.04223744780455098,0
-0.42615548354417826, -0.16499917747204526,0
-0.2612241990717119, -0.2470031271744124,0
0.5707987858444841, -0.0844013792909622,0
-0.20733508319309812, -0.22032950019939906,0
-0.21939075071700778, -0.0991334691637429,0
-0.36607536980791155, 0.2788413187043724,0
0.24368001838122755, -0.21760465083436348,0
-0.4405826782463914, 0.0471013611871803,0
-0.5450058409124616, -0.13010024380041244,0
-0.02790304040150595, -0.051211243003877756,0
-0.11151140549929123, -0.24000274635117916,0
-0.4261554835441782, -0.16499917747204526,0
0.4242828840525309, -0.2831446442480917,0
0.6159452294891009, -0.3117712271480087,0
-0.33234827163712555, 0.3996031383274534,0
0.5391443204791744, -0.16114561749918346,0
-0.4405826782463912, 0.0471013611871803,0
-0.16335671040139985, 0.007345083490745077,0
0.015324054101066213, 0.06947382606564548,0
-0.42615548354417826, -0.16499917747204526,0
0.618104601793469, -0.16297553066789525,0
-0.02442447504607173, -0.2548629984177465,0
0.38062293506318184, -0.3164318386909562,0
-0.42615548354417826, -0.16499917747204518,0
-0.14671184567916012, 0.9392670430265546,0
-0.40333291540421023, 0.1883419513378969,0
0.6212260937821059, -0.2291091100139198,0
-0.02442447504607173, -0.2548629984177464,0
-0.2612241990717119, -0.24700312717441247,0
-0.20733508319309812, -0.22032950019939893,0
-0.5450058409124615, -0.13010024380041238,0
0.4929436754832218, -0.08023182988586915,0
0.05575803080238561, -0.26569394982780614,0
0.47870787195929, -0.033005555494181195,0
0.018303974876755513, -0.02850157191960678,0
0.05575803080238561, -0.2656939498278061,0
0.5809359843842806, -0.2807453707912081,0
-0.20733508319309818, -0.2203295001993991,0
-0.370003530114824, -0.22015134963908614,0
-0.5450058409124616, -0.13010024380041238,0
-0.5450058409124618, -0.13010024380041252,0
0.6091336184319297, -0.10855437443225024,0
-0.3700035301148237, -0.22015134963908609,0
0.5805273851937832, -0.01981862897824013,0
0.35631463881267206, -0.19544627221354718,0
-0.3700035301148239, -0.22015134963908622,0
0.3495486843938371, -0.28291685774531616,0
-0.427307944643332, 0.3254563739326598,0
0.34954868439383696, -0.2829168577453162,0
-0.2135532923932371, 0.32343120282726306,0
0.09877954873421674, -0.039491456181468765,0
-0.20733508319309818, -0.2203295001993991,0
-0.5231167381778058, 0.22401966637044368,0
-0.42615548354417826, -0.16499917747204532,0
0.052043318003889484, 0.1918075743772651,0
0.05474380462167803, -0.0632315745685617,0
-0.5450058409124616, -0.13010024380041238,0
-0.07971701279872034, 0.10063845921380371,0
-0.5450058409124615, -0.13010024380041235,0
-0.20733508319309818, -0.220329500199399,0
-0.30712280129489605, 0.2878045203212954,0
-0.5450058409124617, -0.13010024380041244,0
-0.25685081172852015, -0.1705543911501985,0
-0.39269004547814357, 0.40287515588638273,0
-0.14184735170296678, 0.21633737686533785,0
0.5805273851937831, -0.01981862897824013,0
-0.11151140549929116, -0.24000274635117932,0
-0.1257786105747902, 0.13761434287536042,0
-0.3125921221700264, -0.1953190007930874,0
-0.5615695053448367, 0.08331857800694072,0
-0.20733508319309812, -0.220329500199399,0
-0.3125921221700263, -0.19531900079308745,0
-0.02442447504607167, -0.25486299841774646,0
0.09412035549847675, 0.16301726357428228,0
-0.5450058409124615, -0.13010024380041244,0
-0.11707726769846943, 0.7361826193062634,0
0.38062293506318184, -0.3164318386909563,0
-0.2163359938883756, -0.012645905446856422,0
-0.5005204989527219, 0.09995060888807371,0
-0.3809626199313266, 0.06445922809132902,0
-0.31259212217002624, -0.19531900079308756,0
0.4642650326319139, -0.22823194666119834,0
-0.5450058409124616, -0.13010024380041238,0
0.0114182057717105, -0.29666849505695847,0
-0.3125921221700262, -0.19531900079308762,0
-0.5450058409124615, -0.1301002438004123,0
0.42428288405253095, -0.2831446442480917,0
-0.22944445651793982, 0.10555321838098855,0
-0.5450058409124616, -0.13010024380041235,0
-0.3864116526573467, -0.08646538646201107,0
0.5391443204791745, -0.16114561749918344,0
-0.5005204989527219, 0.09995060888807371,0
0.1752931647903469, -0.04685675011215379,0
-0.2942516654913511, 0.43063802402439333,0
0.4787078719592901, -0.033005555494181237,0
0.21072856708309914, -0.1840156315276819,0
-0.42615548354417815, -0.16499917747204526,0
-0.22975759384912697, 0.1644142803202907,0
0.13126869969912167, -0.27329526500789564,0
-0.545005840912462, -0.13010024380041244,0
-0.42615548354417815, -0.16499917747204518,0
-0.16164176994342164, -0.2683990289446299,0
0.618104601793469, -0.1629755306678951,0
-0.11767367701124264, -0.03455686110378876,0
-0.36607536980791155, 0.27884131870437256,0
0.13126869969912167, -0.27329526500789547,0
-0.5450058409124617, -0.13010024380041244,0
0.09412035549847682, 0.16301726357428217,0
-0.5450058409124616, -0.13010024380041227,0
0.05575803080238561, -0.2656939498278061,0
-0.16335671040139982, 0.007345083490745056,0
0.6091336184319293, -0.1085543744322502,0
-0.3700035301148239, -0.22015134963908617,0
-0.5450058409124616, -0.13010024380041235,0
0.4642650326319138, -0.22823194666119853,0
0.5806473021206466, -0.1372512187742695,0
-0.6057537554803187, -0.15183360225243597,0
-0.5450058409124615, -0.13010024380041244,0
-0.16335671040139982, 0.007345083490745015,0
-0.02442447504607173, -0.2548629984177465,0
-0.1616417699434217, -0.26839902894462997,0
-0.1418473517029669, 0.21633737686533788,0
-0.20733508319309812, -0.2203295001993991,0
0.6181046017934693, -0.16297553066789516,0
0.4701591537419705, 0.23819296495838657,0
-0.34262924872958356, 0.19698984951157197,0
0.05575803080238561, -0.2656939498278061,0
-0.28572676356226373, 0.15182202392509905,0
0.4403967056581788, 0.05081196075708122,0
-0.3125921221700262, -0.19531900079308745,0
-0.2857267635622637, 0.1518220239250989,0
-0.3296176221861518, -0.0677031223556537,0
-0.4463238747264144, -0.03159072070237065,0
0.456539305221658, -0.31572435238545005,0
-0.3623059014102928, 0.2613188272642592,0
0.01830397487675552, -0.028501571919606807,0
-0.20733508319309812, -0.2203295001993991,0
-0.07124580235323967, -0.28470831508451677,0
-0.40164983657328923, 0.18588086368708237,0
-0.16335671040139982, 0.007345083490745015,0
-0.02442447504607173, -0.2548629984177465,0
0.13126869969912167, -0.2732952650078955,0
0.38062293506318184, -0.3164318386909563,0
0.1324989493576312, -0.07138542936233003,0
-0.11767367701124265, -0.03455686110378876,0
0.5805273851937829, -0.01981862897824013,0
-0.42615548354417804, -0.16499917747204523,0
-0.5450058409124615, -0.13010024380041235,0
-0.40333291540421023, 0.18834195133789697,0
0.5172203865807788, -0.057237166359584944,0
-0.48604142424436314, -0.18811041779690577,0
-0.6057537554803187, -0.1518336022524359,0
0.13126869969912167, -0.2732952650078957,0
-0.02442447504607173, -0.25486299841774646,0
0.05474380462167803, -0.06323157456856168,0
0.08848126685815763, -0.3051063033248529,0
-0.4623527211139952, 0.23422517193335596,0
0.16215569596509502, -0.31076759755362754,0
-0.02442447504607167, -0.25486299841774657,0
0.6091336184319293, -0.10855437443225033,0
0.09412035549847682, 0.16301726357428217,0
-0.4623527211139952, 0.234225171933356,0
-0.4002332355826036, 0.12610767182185798,0
-0.027903040401505874, -0.05121124300387777,0
0.2765404242512239, -0.2814257088037078,0
0.05204331800388955, 0.19180757437726514,0
0.0114182057717105, -0.29666849505695847,0
-0.02620634959450414, 1.1239263319889101,0
0.05575803080238561, -0.265693949827806,0
0.356314638812672, -0.19544627221354716,0
-0.22944445651793982, 0.10555321838098863,0
0.5013408415700592, -0.2823534511008651,0
0.20425428172325366, -0.27835703148573526,0
-0.48604142424436303, -0.18811041779690568,0
-0.4189493346671666, 0.46889115051423036,0
0.4787078719592901, -0.033005555494181195,0
-0.42615548354417815, -0.16499917747204532,0
-0.3244259746163405, 0.01472781649224175,0
0.16215569596509502, -0.31076759755362754,0
-0.4860414242443631, -0.18811041779690563,0
0.20425428172325363, -0.27835703148573526,0
-0.267727369528525, 0.03327668488037783,0
-0.027903040401505888, -0.0512112430038778,0
0.23441039165067576, -0.3142550468028539,0
-0.1418473517029668, 0.2163373768653378,0
0.1362992563563978, -0.1747922117374985,0
0.0114182057717105, -0.29666849505695847,0
-0.16164176994342164, -0.26839902894462997,0
-0.02442447504607167, -0.2548629984177466,0
-0.10423264324914619, 0.29617135140019935,0
-0.5450058409124616, -0.13010024380041238,0
-0.37000353011482384, -0.22015134963908614,0
-0.4623527211139952, 0.23422517193335596,0
-0.3426292487295836, 0.19698984951157197,0
-0.500520498952722, 0.09995060888807367,0
0.618104601793469, -0.16297553066789516,0
-0.5450058409124615, -0.13010024380041244,0
-0.4261554835441782, -0.16499917747204518,0
-0.11151140549929123, -0.24000274635117916,0
0.456539305221658, -0.31572435238545,0
-0.11151140549929116, -0.24000274635117924,0
-0.14184735170296683, 0.2163373768653378,0
0.47870787195929, -0.03300555549418115,0
-0.261224199071712, -0.2470031271744124,0
0.05575803080238561, -0.2656939498278061,0
0.6091336184319297, -0.10855437443225029,0
-0.20733508319309818, -0.22032950019939906,0
-0.26122419907171185, -0.24700312717441242,0
-0.20733508319309812, -0.220329500199399,0
0.3563146388126721, -0.19544627221354727,0
-0.29425166549135107, 0.43063802402439316,0
0.20425428172325374, -0.2783570314857353,0
0.36301985163410294, 0.001970297367961872,0
-0.3307915120947643, 0.357200676560275,0
-0.4405826782463913, 0.0471013611871803,0
0.47870787195929004, -0.033005555494181195,0
-0.26122419907171185, -0.24700312717441242,0
-0.37000353011482384, -0.22015134963908606,0
-0.13561185644446397, 0.41305017394575916,0
-0.213183605594545, 0.5777381199177746,0
-0.5615695053448366, 0.08331857800694067,0
-0.20733508319309818, -0.2203295001993991,0
0.2835137101128528, -0.1907326235525767,0
0.2884475958920887, 0.006101305519535153,0
0.5415151149466233, -0.2291314413114414,0
0.5027831808653529, -0.13462395173862432,0
0.20425428172325377, -0.2783570314857353,0
-0.2612241990717118, -0.2470031271744124,0
0.16215569596509502, -0.3107675975536276,0
-0.030780303283118236, 0.11689469155858437,0
0.054743804621678036, -0.0632315745685617,0
-0.4405826782463914, 0.04710136118718034,0
0.5349733653910538, -0.31411200297140335,0
-0.3426292487295837, 0.196989849511572,0
-0.26122419907171185, -0.24700312717441242,0
0.05575803080238561, -0.2656939498278061,0
0.05575803080238561, -0.26569394982780603,0
0.2835137101128527, -0.19073262355257675,0
0.6159452294891012, -0.3117712271480086,0
-0.5450058409124615, -0.13010024380041238,0
-0.11767367701124264, -0.034556861103788826,0
-0.16164176994342158, -0.26839902894462997,0
-0.307122801294896, 0.2878045203212954,0
-0.22944445651793977, 0.10555321838098859,0
-0.02442447504607167, -0.25486299841774657,0
-0.4860414242443631, -0.18811041779690577,0
0.21369623754189698, 0.012687478964819776,0
-0.3700035301148238, -0.22015134963908609,0
-0.027903040401505905, -0.05121124300387777,0
-0.3244259746163405, 0.01472781649224175,0
0.09505782639787827, -0.20032579761926939,0
-0.3700035301148239, -0.22015134963908614,0
-0.21355329239323714, 0.32343120282726306,0
-0.6057537554803188, -0.15183360225243606,0
-0.500520498952722, 0.09995060888807379,0
-0.030160807074355277, 0.0537669475689316,0
-0.16335671040139982, 0.007345083490744995,0
-0.11151140549929116, -0.2400027463511792,0
0.4625012827574785, -0.15812901419279343,0
0.3529876535158188, -0.12496576633916698,0
-0.561569505344837, 0.08331857800694072,0
0.6212260937821057, -0.22910911001391976,0
0.13126869969912164, -0.2732952650078955,0
-0.4261554835441782, -0.16499917747204526,0
0.05575803080238561, -0.2656939498278061,0
0.47870787195929, -0.03300555549418111,0
-0.4245562143720115, 0.3078098285660488,0
0.4399039033818673, -0.050864024353452615,0
-0.16335671040139982, 0.007345083490745015,0
-0.16335671040139985, 0.007345083490745077,0
0.5391443204791743, -0.16114561749918344,0
0.09936894277745247, 0.052747715498057575,0
-0.26772736952852494, 0.033276684880377806,0
-0.32442597461634043, 0.01472781649224175,0
-0.38641165265734684, -0.08646538646201124,0
-0.36607536980791155, 0.2788413187043725,0
0.17060629500705682, -0.2103095587324356,0
-0.48813043734851264, 0.31759285841347507,0
-0.07124580235323967, -0.2847083150845168,0
-0.3809626199313267, 0.06445922809132902,0
-0.500520498952722, 0.09995060888807375,0
-0.22975759384912692, 0.16441428032029076,0
0.501340841570059, -0.28235345110086507,0
0.3495486843938371, -0.2829168577453161,0
0.2344103916506757, -0.31425504680285404,0
0.4565393052216581, -0.31572435238544994,0
-0.26772736952852483, 0.03327668488037787,0
-0.2193907507170078, -0.09913346916374291,0
-0.31259212217002624, -0.19531900079308748,0
0.018303974876755547, -0.02850157191960679,0
-0.2612241990717119, -0.2470031271744124,0
-0.20733508319309807, -0.2203295001993991,0
-0.07971701279872027, 0.10063845921380371,0
0.006889352917050463, 0.20963394349496042,0
-0.3244259746163404, 0.014727816492241792,0
-0.04573629055520713, 0.14955270344628235,0
-0.20733508319309812, -0.22032950019939918,0
-0.42730794464333205, 0.3254563739326599,0
0.4537168386236165, -0.10050154511901303,0
-0.5450058409124617, -0.13010024380041238,0
0.20425428172325374, -0.2783570314857352,0
-0.267727369528525, 0.03327668488037783,0
-0.07124580235323967, -0.2847083150845169,0
-0.06839270878967353, -0.013120705592170729,0
0.1324989493576312, -0.07138542936233001,0
-0.4463238747264144, -0.03159072070237065,0
0.2765404242512239, -0.2814257088037078,0
0.4537168386236166, -0.10050154511901299,0
-0.030780303283118263, 0.11689469155858435,0
0.05575803080238561, -0.2656939498278061,0
-0.40164983657328923, 0.18588086368708237,0
-0.2612241990717119, -0.24700312717441242,0
0.5415151149466234, -0.22913144131144134,0
-0.48604142424436325, -0.1881104177969058,0
-0.500520498952722, 0.09995060888807371,0
-0.34247217218851617, 0.1393220225771404,0
-0.20733508319309818, -0.220329500199399,0
-0.42615548354417815, -0.16499917747204523,0
0.6212260937821059, -0.22910911001391993,0
0.3529876535158185, -0.12496576633916691,0
-0.2942516654913511, 0.43063802402439316,0
0.46106754923100873, 0.009998608463978109,0
-0.500520498952722, 0.09995060888807375,0
-0.06839270878967352, -0.013120705592170745,0
0.05575803080238561, -0.2656939498278061,0
-0.22944445651793982, 0.10555321838098859,0
0.09505782639787827, -0.20032579761926947,0
-0.31259212217002624, -0.1953190007930874,0
-0.32442597461634054, 0.014727816492241792,0
-0.11767367701124261, -0.034556861103788784,0
-0.2999736182558055, -0.0075636739937298475,0
-0.6057537554803186, -0.1518336022524359,0
-0.3125921221700263, -0.19531900079308748,0
0.38062293506318173, -0.31643183869095637,0
-0.42615548354417837, -0.16499917747204532,0
-0.17526233223799617, 0.3978351182632054,0
-0.11767367701124266, -0.03455686110378876,0
0.13249894935763123, -0.07138542936233003,0
0.13126869969912167, -0.2732952650078957,0
-0.16164176994342164, -0.26839902894462997,0
-0.02442447504607167, -0.2548629984177465,0
-0.26772736952852494, 0.03327668488037785,0
-0.5231167381778058, 0.2240196663704436,0
0.46106754923100873, 0.00999860846397819,0
0.6091336184319295, -0.10855437443225016,0
0.276540424251224, -0.28142570880370776,0
0.456539305221658, -0.31572435238545005,0
0.010399798646502253, 0.08395408717826319,0
-0.37000353011482373, -0.22015134963908609,0
0.3893156757230941, -0.22619338826555466,0
0.2795285548210432, -0.11722308141308838,0
-0.267727369528525, 0.03327668488037783,0
0.3161125757579893, -0.22275880560136688,0
-0.5450058409124615, -0.13010024380041235,0
-0.3809626199313267, 0.06445922809132902,0
0.2835137101128527, -0.19073262355257667,0
0.35631463881267206, -0.19544627221354732,0
0.6212260937821057, -0.22910911001391987,0
0.276540424251224, -0.2814257088037076,0
-0.11151140549929123, -0.24000274635117913,0
0.43862838703764134, -0.00023260491556467212,0
-0.11151140549929123, -0.2400027463511792,0
-0.5450058409124616, -0.13010024380041235,0
-0.31259212217002624, -0.19531900079308745,0
0.5027831808653528, -0.13462395173862432,0
-0.20733508319309812, -0.220329500199399,0
-0.4405826782463913, 0.047101361187180425,0
-0.1418473517029669, 0.21633737686533785,0
-0.11767367701124264, -0.034556861103788805,0
-0.40333291540421023, 0.18834195133789688,0
0.09936894277745249, 0.05274771549805752,0
-0.31259212217002624, -0.19531900079308753,0
-0.07124580235323967, -0.2847083150845167,0
-0.27313389956441597, -0.11935491786671161,0
0.0950578263978783, -0.20032579761926939,0
0.6091336184319294, -0.10855437443225024,0
0.5349733653910539, -0.31411200297140346,0
-0.2193907507170078, -0.09913346916374295,0
-0.07124580235323973, -0.2847083150845169,0
-0.5450058409124616, -0.13010024380041238,0
-0.41894933466716655, 0.46889115051423047,0
-0.2612241990717118, -0.2470031271744124,0
-0.07124580235323967, -0.2847083150845169,0
-0.3809626199313265, 0.06445922809132906,0
0.5349733653910539, -0.3141120029714036,0
-0.42730794464333205, 0.32545637393265986,0
-0.2857267635622637, 0.15182202392509894,0
-0.02442447504607167, -0.25486299841774657,0
-0.2731338995644159, -0.11935491786671164,0
0.0114182057717105, -0.2966684950569586,0
0.05575803080238561, -0.26569394982780614,0
-0.5615695053448367, 0.08331857800694067,0
-0.2842485453426432, 0.0913855446223496,0
-0.207335083193098, -0.220329500199399,0
-0.5450058409124617, -0.13010024380041235,0
0.47870787195929, -0.033005555494181195,0
0.0950578263978783, -0.20032579761926955,0
-0.02790304040150592, -0.05121124300387777,0
-0.1633567104013998, 0.007345083490745015,0
0.3878616339057792, -0.15364844097479424,0
-0.5615695053448371, 0.08331857800694072,0
-0.3244259746163405, 0.01472781649224175,0
-0.38096261993132674, 0.06445922809132906,0
0.2042542817232537, -0.2783570314857352,0
0.5391443204791744, -0.16114561749918346,0
-0.22944445651793982, 0.10555321838098863,0
0.20425428172325363, -0.27835703148573515,0
-0.3700035301148239, -0.22015134963908622,0
0.3563146388126721, -0.19544627221354716,0
-0.3244259746163403, 0.01472781649224175,0
0.6091336184319297, -0.1085543744322502,0
-0.20733508319309818, -0.22032950019939923,0
-0.4016498365732893, 0.18588086368708231,0
0.13629925635639775, -0.17479221173749845,0
-0.16164176994342164, -0.2683990289446299,0
0.3630198516341029, 0.001970297367961872,0
-0.16335671040139976, 0.007345083490744995,0
0.37862269938324683, -0.09389615748530056,0
-0.37000353011482373, -0.22015134963908609,0
-0.267727369528525, 0.033276684880377806,0
0.501340841570059, -0.28235345110086507,0
0.5805273851937833, -0.01981862897824013,0
0.05575803080238561, -0.2656939498278061,0
-0.5450058409124615, -0.13010024380041238,0
-0.4245562143720116, 0.3078098285660488,0
-0.3700035301148239, -0.22015134963908609,0
-0.5231167381778058, 0.22401966637044343,0
-0.3809626199313265, 0.06445922809132906,0
0.276540424251224, -0.28142570880370765,0
-0.3700035301148238, -0.22015134963908609,0
0.42428288405253095, -0.28314464424809166,0
-0.23502777773083888, 0.4324836633342751,0
0.13126869969912172, -0.2732952650078957,0
-0.3560543108688526, 0.47208563432817124,0
-0.19390916694607235, 0.2553049496044369,0
-0.30712280129489594, 0.2878045203212956,0
0.5415151149466233, -0.2291314413114413,0
-0.42615548354417826, -0.16499917747204523,0
-0.20733508319309818, -0.2203295001993991,0
0.018148443988834, 0.18814848015441715,0
0.5349733653910539, -0.3141120029714036,0
0.47870787195929004, -0.033005555494181195,0
0.2042542817232537, -0.2783570314857352,0
-0.4189493346671665, 0.4688911505142303,0
0.23441039165067576, -0.3142550468028539,0
-0.42615548354417815, -0.16499917747204526,0
-0.3570835267419064, 0.4755303719229646,0
-0.34247217218851606, 0.13932202257714044,0
-0.17526233223799623, 0.39783511826320556,0
0.20425428172325366, -0.2783570314857352,0
-0.02442447504607167, -0.2548629984177465,0
0.3495486843938371, -0.28291685774531616,0
0.38062293506318173, -0.31643183869095637,0
0.49294367548322193, -0.0802318298858691,0
0.30683856840935986, -0.31602861004028504,0
-0.21633599388837568, -0.012645905446856422,0
-0.267727369528525, 0.03327668488037783,0
-0.21939075071700784, -0.09913346916374291,0
0.6181046017934689, -0.1629755306678951,0
-0.06839270878967348, -0.013120705592170745,0
0.05575803080238561, -0.26569394982780614,0
-0.17526233223799612, 0.39783511826320545,0
-0.40164983657328923, 0.18588086368708237,0
-0.5615695053448367, 0.08331857800694067,0
0.34954868439383713, -0.2829168577453161,0
-0.3700035301148238, -0.22015134963908609,0
-0.307122801294896, 0.28780452032129544,0
-0.1616326181640449, 0.090981907811743,0
-0.37000353011482373, -0.22015134963908622,0
-0.42615548354417815, -0.16499917747204515,0
-0.5450058409124616, -0.13010024380041244,0
-0.27313389956441597, -0.1193549178667116,0
-0.3666952323067763, 0.3130218014703369,0
0.618104601793469, -0.1629755306678952,0
-0.31259212217002624, -0.1953190007930874,0
0.6607979892548865, -0.13879620882875696,0
-0.14184735170296678, 0.21633737686533788,0
0.456539305221658, -0.31572435238545,0
-0.4405826782463914, 0.047101361187180384,0
0.018303974876755537, -0.028501571919606783,0
-0.02442447504607167, -0.2548629984177465,0
0.6181046017934688, -0.1629755306678952,0
-0.4405826782463912, 0.047101361187180384,0
0.6212260937821059, -0.22910911001391987,0
0.05575803080238561, -0.2656939498278061,0
0.6091336184319294, -0.10855437443225024,0
-0.6057537554803187, -0.15183360225243597,0
-0.04573629055520719, 0.14955270344628233,0
-0.16164176994342164, -0.2683990289446299,0
0.534973365391054, -0.31411200297140346,0
-0.26122419907171185, -0.24700312717441233,0
-0.06839270878967353, -0.013120705592170719,0
0.5415151149466233, -0.22913144131144147,0
-0.32442597461634026, 0.014727816492241792,0
-0.02442447504607167, -0.25486299841774646,0
-0.045736290555207226, 0.14955270344628227,0
0.6091336184319293, -0.1085543744322502,0
-0.5450058409124618, -0.13010024380041252,0
0.23441039165067573, -0.31425504680285393,0
0.4701591537419703, 0.23819296495838657,0
-0.12513257902150676, 0.07692312820089238,0
-0.07124580235323967, -0.28470831508451705,0
-0.42615548354417815, -0.16499917747204518,0
-0.4405826782463914, 0.04710136118718034,0
0.38786163390577916, -0.1536484409747942,0
-0.27313389956441586, -0.11935491786671165,0
-0.4405826782463914, 0.047101361187180384,0
-0.31259212217002624, -0.19531900079308748,0
-0.5450058409124616, -0.13010024380041238,0
-0.16335671040139982, 0.007345083490745015,0
0.3439151964347517, 0.004814518033392097,0
-0.08930705564464438, 0.2291462695463183,0
-0.3125921221700263, -0.19531900079308753,0
-0.11151140549929123, -0.24000274635117938,0
-0.4623527211139952, 0.23422517193335593,0
0.5415151149466232, -0.2291314413114413,0
-0.5450058409124616, -0.13010024380041235,0
-0.21939075071700775, -0.0991334691637429,0
0.3893156757230941, -0.22619338826555482,0
-0.02442447504607167, -0.2548629984177465,0
0.4242828840525309, -0.2831446442480917,0
-0.32278287640744846, 0.0807591952384926,0
-0.02442447504607173, -0.25486299841774646,0
-0.37000353011482395, -0.22015134963908634,0
-0.4033329154042102, 0.18834195133789688,0
-0.5450058409124617, -0.13010024380041238,0
0.28351371011285276, -0.19073262355257659,0
0.5391443204791742, -0.16114561749918335,0
-0.2553340544393727, 0.5033775136669635,0
-0.5005204989527221, 0.09995060888807375,0
0.08848126685815763, -0.3051063033248528,0
-0.11151140549929123, -0.24000274635117924,0
-0.3700035301148239, -0.22015134963908622,0
-0.37000353011482395, -0.22015134963908614,0
0.0114182057717105, -0.2966684950569586,0
0.43862838703764123, -0.00023260491556467212,0
-0.1633567104013998, 0.007345083490745035,0
-0.3660753698079116, 0.27884131870437256,0
0.13629925635639775, -0.17479221173749845,0
-0.4189493346671665, 0.4688911505142305,0
0.13126869969912167, -0.27329526500789575,0
0.6159452294891011, -0.3117712271480087,0
0.423953897323788, 0.11203028521567356,0
-0.37000353011482373, -0.22015134963908609,0
0.052043318003889484, 0.191807574377265,0
-0.4405826782463913, 0.047101361187180384,0
-0.4033329154042104, 0.1883419513378969,0
-0.16164176994342164, -0.2683990289446299,0
-0.11767367701124261, -0.03455686110378878,0
-0.0712458023532396, -0.2847083150845169,0
-0.5615695053448369, 0.08331857800694063,0
-0.26772736952852494, 0.03327668488037785,0
-0.42615548354417804, -0.16499917747204518,0
-0.3426292487295835, 0.19698984951157192,0
0.05662917838743543, 0.10190596984632051,0
-0.5450058409124617, -0.13010024380041235,0
-0.1939091669460724, 0.2553049496044369,0
0.5007698909892201, -0.013985011792258762,0
-0.42615548354417826, -0.16499917747204532,0
0.3893156757230942, -0.22619338826555466,0
-0.5005204989527219, 0.09995060888807379,0
-0.34247217218851606, 0.1393220225771405,0
0.4642650326319138, -0.2282319466611985,0
0.4595801653355826, 0.0659785716226675,0
0.42428288405253084, -0.28314464424809177,0
-0.2193907507170078, -0.0991334691637429,0
-0.2857267635622637, 0.15182202392509897,0
-0.40333291540421023, 0.18834195133789688,0
0.6607979892548865, -0.13879620882875696,0
-0.4273079446433321, 0.3254563739326599,0
-0.4016498365732892, 0.1858808636870823,0
0.5007698909892201, -0.013985011792258679,0
0.08848126685815763, -0.3051063033248528,0
-0.5450058409124616, -0.13010024380041246,0
0.01039979864650239, 0.08395408717826314,0
0.349548684393837, -0.2829168577453162,0
-0.3700035301148237, -0.22015134963908597,0
0.5391443204791743, -0.16114561749918346,0
-0.16335671040139982, 0.007345083490745056,0
-0.11767367701124266, -0.03455686110378878,0
-0.34247217218851606, 0.1393220225771405,0
0.5415151149466233, -0.2291314413114414,0
0.3495486843938371, -0.28291685774531605,0
-0.4189493346671664, 0.4688911505142303,0
-0.5450058409124617, -0.13010024380041244,0
-0.20733508319309826, -0.22032950019939918,0
0.3529876535158187, -0.12496576633916694,0
-0.06839270878967352, -0.01312070559217076,0
-0.20733508319309812, -0.220329500199399,0
0.6159452294891011, -0.3117712271480086,0
0.4815342772938601, 0.02658816943712716,0
0.4239538973237881, 0.11203028521567351,0
0.45653930522165803, -0.3157243523854501,0
-0.26122419907171185, -0.2470031271744123,0
0.5013408415700588, -0.282353451100865,0
0.6212260937821057, -0.2291091100139198,0
-0.26122419907171185, -0.2470031271744123,0
-0.11151140549929116, -0.24000274635117924,0
0.08848126685815763, -0.30510630332485283,0
0.4403967056581786, 0.050811960757081304,0
-0.16799709943575533, -0.1470702362845101,0
0.6159452294891009, -0.3117712271480087,0
0.1362992563563978, -0.1747922117374985,0
0.501340841570059, -0.282353451100865,0
-0.561569505344837, 0.08331857800694067,0
0.47870787195929, -0.033005555494181195,0
-0.4405826782463913, 0.04710136118718034,0
-0.37000353011482384, -0.22015134963908625,0
0.16215569596509508, -0.31076759755362754,0
0.44039670565817873, 0.050811960757081304,0
0.6212260937821057, -0.22910911001391976,0
-0.045736290555207226, 0.1495527034462823,0
0.2173929219914416, -0.023594107795447468,0
-0.37000353011482384, -0.22015134963908614,0
-0.16164176994342158, -0.2683990289446299,0
-0.3809626199313268, 0.064459228091329,0
-0.11151140549929116, -0.2400027463511792,0
0.3878616339057792, -0.15364844097479427,0
-0.4623527211139951, 0.23422517193335596,0
-0.37000353011482384, -0.22015134963908622,0
-0.370003530114824, -0.22015134963908617,0
0.47870787195929, -0.033005555494181195,0
0.4242828840525309, -0.2831446442480917,0
-0.4016498365732892, 0.18588086368708231,0
-0.30712280129489605, 0.2878045203212956,0
-0.26772736952852505, 0.033276684880377744,0
-0.6057537554803188, -0.1518336022524359,0
-0.31259212217002635, -0.19531900079308745,0
-0.32442597461634043, 0.01472781649224171,0
-0.21355329239323717, 0.323431202827263,0
0.4565393052216579, -0.31572435238544994,0
-0.4623527211139952, 0.23422517193335593,0
-0.02442447504607167, -0.2548629984177465,0
-0.3125921221700263, -0.19531900079308745,0
-0.312592122170026, -0.1953190007930874,0
-0.21633599388837577, -0.012645905446856443,0
0.5806473021206466, -0.1372512187742695,0
0.05575803080238561, -0.2656939498278061,0
-0.1257786105747902, 0.13761434287536037,0
0.4642650326319139, -0.2282319466611986,0
-0.4623527211139951, 0.234225171933356,0
0.5806473021206466, -0.1372512187742695,0
0.424282884052531, -0.2831446442480917,0
0.4270768972892475, -0.13063599222259448,0
-0.07124580235323967, -0.28470831508451677,0
-0.31259212217002635, -0.1953190007930874,0
-0.3244259746163404, 0.01472781649224171,0
0.08848126685815763, -0.3051063033248529,0
0.4642650326319137, -0.22823194666119842,0
-0.31259212217002624, -0.1953190007930874,0
-0.22944445651793977, 0.10555321838098855,0
0.16215569596509508, -0.31076759755362726,0
-0.4016498365732891, 0.18588086368708231,0
0.056566198366511, 0.0357907212713869,0
0.05474380462167805, -0.06323157456856168,0
-0.1616417699434217, -0.2683990289446299,0
-0.42615548354417826, -0.16499917747204534,0
-0.34247217218851606, 0.1393220225771405,0
0.3799684514326719, 0.23916153673163407,0
-0.273133899564416, -0.11935491786671164,0
-0.2857267635622637, 0.15182202392509894,0
-0.37000353011482373, -0.22015134963908614,0
-0.29777146515107217, 0.47459480040089674,0
-0.5450058409124616, -0.1301002438004123,0
0.05575803080238561, -0.2656939498278062,0
-0.14671184567916012, 0.9392670430265555,0
0.16215569596509502, -0.31076759755362743,0
0.37165678233828164, 0.285260126950428,0
-0.3125921221700264, -0.19531900079308756,0
-0.3244259746163404, 0.01472781649224175,0
-0.5450058409124617, -0.13010024380041244,0
-0.3244259746163405, 0.01472781649224171,0
-0.5615695053448367, 0.08331857800694063,0
-0.12513257902150673, 0.07692312820089234,0
0.17529316479034693, -0.04685675011215375,0
-0.44058267824639136, 0.04710136118718034,0
-0.3125921221700263, -0.19531900079308748,0
-0.3244259746163405, 0.01472781649224175,0
-0.07124580235323967, -0.28470831508451705,0
-0.3426292487295837, 0.19698984951157206,0
0.0114182057717105, -0.2966684950569585,0
-0.37000353011482395, -0.22015134963908617,0
-0.1761853093301611, 0.061468585034739606,0
-0.15711443956098173, 0.3336451341649292,0
0.47870787195929004, -0.03300555549418115,0
-0.4623527211139952, 0.234225171933356,0
-0.42615548354417826, -0.16499917747204523,0
0.5504101806574758, 0.23633062352416417,0
-0.1616417699434217, -0.2683990289446299,0
0.20425428172325374, -0.27835703148573526,0
-0.11151140549929123, -0.24000274635117913,0
-0.37000353011482395, -0.22015134963908606,0
-0.07124580235323967, -0.2847083150845168,0
-0.16164176994342164, -0.26839902894463,0
-0.37000353011482373, -0.22015134963908609,0
-0.05735068965601116, 0.05592131628326085,0
0.09505782639787827, -0.20032579761926947,0
0.28844759589208874, 0.006101305519535153,0
0.4303522144671583, -0.19854634440766283,0
-0.5615695053448367, 0.08331857800694076,0
0.41689514835657704, -0.07435808871711957,0
0.018303974876755516, -0.02850157191960677,0
0.6991450102667036, -0.30886596238775776,0
0.25398966826952224, 0.031538723728407374,0
-0.3125921221700263, -0.19531900079308748,0
-0.42615548354417826, -0.16499917747204532,0
-0.27313389956441597, -0.11935491786671161,0
-0.34262924872958356, 0.196989849511572,0
-0.21633599388837574, -0.012645905446856402,0
0.3495486843938371, -0.28291685774531616,0
0.0114182057717105, -0.2966684950569586,0
0.4565393052216579, -0.31572435238545,0
0.05575803080238561, -0.26569394982780625,0
-0.3125921221700264, -0.19531900079308745,0
0.018303974876755533, -0.0285015719196068,0
-0.3700035301148238, -0.22015134963908609,0
0.35631463881267206, -0.19544627221354724,0
-0.2999736182558055, -0.007563673993729806,0
-0.26122419907171185, -0.24700312717441222,0
-0.22944445651793982, 0.10555321838098863,0
0.6212260937821059, -0.22910911001391993,0
0.281688666063113, -0.07896094470278121,0
-0.39269004547814346, 0.40287515588638295,0
-0.2942516654913509, 0.43063802402439333,0
-0.42615548354417815, -0.16499917747204523,0
0.4787078719592901, -0.03300555549418115,0
-0.3700035301148236, -0.220151349639086,0
0.3878616339057792, -0.15364844097479427,0
-0.07124580235323967, -0.2847083150845168,0
-0.31259212217002624, -0.19531900079308745,0
-0.24985264874259497, 0.24459424722071163,0
-0.33234827163712555, 0.3996031383274533,0
-0.02442447504607167, -0.2548629984177465,0
-0.16799709943575536, -0.14707023628451016,0
-0.5450058409124617, -0.13010024380041246,0
0.0034806282516433784, -0.09438899583427367,0
-0.31259212217002624, -0.19531900079308728,0
0.456539305221658, -0.31572435238545005,0
0.23441039165067573, -0.3142550468028539,0
-0.16335671040139974, 0.007345083490745015,0
-0.5450058409124616, -0.13010024380041244,0
-0.5450058409124617, -0.13010024380041238,0
0.09505782639787824, -0.20032579761926944,0
0.13249894935763123, -0.07138542936233006,0
-0.02442447504607173, -0.25486299841774657,0
-0.3660753698079116, 0.27884131870437234,0
-0.16799709943575528, -0.14707023628451,0
-0.3244259746163405, 0.01472781649224175,0
-0.22944445651793977, 0.10555321838098859,0
-0.16164176994342164, -0.2683990289446301,0
-0.4261554835441782, -0.16499917747204532,0
0.17060629500705685, -0.21030955873243568,0
-0.4261554835441782, -0.16499917747204526,0
-0.11767367701124265, -0.03455686110378878,0
-0.500520498952722, 0.09995060888807371,0
-0.30712280129489594, 0.2878045203212954,0
-0.06839270878967355, -0.01312070559217076,0
0.46426503263191393, -0.2282319466611985,0
-0.11767367701124264, -0.03455686110378878,0
-0.42615548354417815, -0.16499917747204515,0
-0.3244259746163404, 0.014727816492241792,0
-0.5450058409124618, -0.13010024380041244,0
0.6212260937821057, -0.22910911001391995,0
0.5391443204791742, -0.16114561749918346,0
0.20425428172325366, -0.27835703148573515,0
-0.27313389956441586, -0.11935491786671168,0
-0.17813078320207346, 0.12321163938730087,0
0.31448642930446763, -0.1473736527624898,0
0.17060629500705682, -0.2103095587324356,0
0.05575803080238561, -0.26569394982780603,0
-0.3700035301148238, -0.2201513496390863,0
-0.07124580235323967, -0.28470831508451677,0
0.38062293506318173, -0.31643183869095637,0
-0.27147787200696155, 0.3654261792759553,0
0.08848126685815763, -0.3051063033248529,0
-0.33079151209476426, 0.357200676560275,0
-0.11151140549929116, -0.2400027463511792,0
0.5806473021206469, -0.1372512187742695,0
0.09877954873421677, -0.03949145618146879,0
0.2765404242512239, -0.2814257088037078,0
-0.3700035301148239, -0.22015134963908622,0
0.4399039033818672, -0.05086402435345266,0
-0.07124580235323967, -0.2847083150845169,0
0.05575803080238561, -0.2656939498278061,0
-0.3244259746163404, 0.014727816492241792,0
-0.26122419907171185, -0.2470031271744123,0
-0.02442447504607167, -0.2548629984177464,0
-0.370003530114824, -0.22015134963908614,0
-0.2731338995644159, -0.11935491786671164,0
-0.21633599388837563, -0.012645905446856402,0
-0.1176736770112427, -0.03455686110378878,0
-0.20733508319309818, -0.220329500199399,0
0.09936894277745249, 0.05274771549805751,0
-0.4623527211139951, 0.2342251719333561,0
-0.261224199071712, -0.24700312717441242,0
-0.5450058409124617, -0.1301002438004123,0
-0.17526233223799623, 0.39783511826320556,0
-0.26772736952852494, 0.03327668488037785,0
-0.4623527211139951, 0.23422517193335604,0
-0.21633599388837566, -0.01264590544685636,0
-0.12577861057479017, 0.1376143428753604,0
0.20753204593691413, -0.0764138193896012,0
-0.5450058409124616, -0.13010024380041244,0
0.501340841570059, -0.2823534511008651,0
0.05575803080238561, -0.26569394982780614,0
-0.4405826782463913, 0.047101361187180384,0
0.0114182057717105, -0.2966684950569586,0
0.13126869969912167, -0.27329526500789564,0
0.4270768972892475, -0.13063599222259448,0
0.4787078719592901, -0.033005555494181237,0
0.2344103916506758, -0.31425504680285393,0
-0.11767367701124261, -0.0345568611037888,0
-0.1616417699434217, -0.26839902894462997,0
0.4168951483565771, -0.07435808871711957,0
-0.4261554835441782, -0.16499917747204523,0
-0.33234827163712555, 0.3996031383274535,0
0.36359658549852386, -0.04223744780455094,0
0.09412035549847682, 0.1630172635742823,0
-0.16164176994342153, -0.26839902894462997,0
-0.3426292487295835, 0.1969898495115719,0
0.09499637441200556, 0.0032073462030194335,0
-0.40164983657328923, 0.1858808636870824,0
-0.37000353011482395, -0.22015134963908634,0
0.01141820577171044, -0.2966684950569584,0
-0.5450058409124615, -0.13010024380041244,0
0.6159452294891009, -0.31177122714800876,0
-0.22944445651793977, 0.10555321838098859,0
0.09877954873421677, -0.03949145618146882,0
0.08848126685815763, -0.3051063033248528,0
0.6091336184319293, -0.10855437443225024,0
-0.500520498952722, 0.09995060888807371,0
0.05474380462167804, -0.06323157456856168,0
0.05575803080238561, -0.26569394982780625,0
-0.20733508319309818, -0.22032950019939918,0
-0.37000353011482395, -0.22015134963908617,0
-0.5450058409124615, -0.1301002438004123,0
-0.5450058409124616, -0.13010024380041238,0
0.05575803080238561, -0.2656939498278061,0
-0.28633353207893236, 0.151127369640637,0
-0.1257786105747902, 0.13761434287536037,0
-0.561569505344837, 0.08331857800694067,0
0.4565393052216578, -0.31572435238545016,0
-0.14184735170296692, 0.21633737686533788,0
0.4303522144671582, -0.19854634440766275,0
-0.3700035301148238, -0.22015134963908606,0
-0.12577861057479015, 0.13761434287536037,0
-0.31259212217002624, -0.19531900079308745,0
-0.42615548354417815, -0.16499917747204518,0
-0.030780303283118236, 0.11689469155858435,0
0.018303974876755537, -0.02850157191960679,0
-0.33234827163712566, 0.3996031383274534,0
0.501340841570059, -0.2823534511008651,0
-0.5231167381778057, 0.2240196663704436,0
-0.11151140549929123, -0.24000274635117913,0
0.08848126685815758, -0.3051063033248529,0
-0.3809626199313267, 0.06445922809132902,0
0.47870787195929015, -0.03300555549418115,0
0.45371683862361634, -0.10050154511901312,0
-0.11151140549929116, -0.24000274635117913,0
-0.14184735170296697, 0.21633737686533794,0
-0.31259212217002624, -0.1953190007930874,0
-0.5450058409124617, -0.13010024380041238,0
-0.08843716827686414, 0.2037715633691461,0
-0.2842485453426432, 0.09138554462234968,0
-0.07124580235323967, -0.28470831508451677,0
-0.26122419907171185, -0.24700312717441247,0
-0.11767367701124264, -0.03455686110378884,0
-0.08889969355936066, 0.5479220432177717,0
-0.2857267635622636, 0.15182202392509894,0
-0.42615548354417815, -0.16499917747204526,0
-0.2193907507170078, -0.09913346916374283,0
-0.1257786105747902, 0.13761434287536042,0
-0.40164983657328934, 0.1858808636870823,0
0.28351371011285287, -0.19073262355257659,0
0.052043318003889484, 0.19180757437726517,0
-0.2612241990717118, -0.24700312717441225,0
0.0114182057717105, -0.29666849505695864,0
-0.6057537554803187, -0.15183360225243597,0
-0.11767367701124262, -0.034556861103788784,0
0.09877954873421674, -0.03949145618146877,0
0.3144864293044674, -0.1473736527624897,0
-0.1633567104013998, 0.007345083490745077,0
-0.6057537554803187, -0.15183360225243597,0
0.2344103916506757, -0.31425504680285393,0
-0.20733508319309812, -0.2203295001993991,0
0.5809359843842806, -0.2807453707912081,0
-0.5450058409124616, -0.13010024380041235,0
0.08848126685815763, -0.3051063033248528,0
-0.11767367701124262, -0.03455686110378878,0
0.38062293506318184, -0.3164318386909562,0
0.2816886660631129, -0.07896094470278124,0
0.0114182057717105, -0.2966684950569586,0
0.08848126685815763, -0.3051063033248528,0
0.534973365391054, -0.31411200297140346,0
0.09412035549847682, 0.16301726357428223,0
-0.427307944643332, 0.32545637393265986,0
-0.34247217218851606, 0.13932202257714044,0
0.5027831808653527, -0.1346239517386243,0
0.4303522144671583, -0.19854634440766275,0
-0.26772736952852505, 0.03327668488037783,0
0.052043318003889484, 0.19180757437726523,0
-0.6057537554803191, -0.15183360225243597,0
-0.267727369528525, 0.033276684880377806,0
-0.4405826782463913, 0.04710136118718034,0
-0.5450058409124616, -0.13010024380041227,0
-0.6057537554803186, -0.15183360225243597,0
0.20425428172325377, -0.2783570314857353,0
-0.2612241990717118, -0.24700312717441242,0
0.4642650326319139, -0.22823194666119836,0
-0.24985264874259488, 0.24459424722071163,0
-0.2612241990717119, -0.2470031271744124,0
-0.3125921221700263, -0.1953190007930874,0
-0.02442447504607173, -0.2548629984177465,0
-0.11767367701124266, -0.03455686110378882,0
0.5391443204791744, -0.16114561749918352,0
-0.5450058409124615, -0.13010024380041235,0
-0.38641165265734667, -0.0864653864620112,0
-0.3296176221861519, -0.0677031223556537,0
-0.1679970994357553, -0.14707023628451016,0
0.16215569596509502, -0.31076759755362743,0
-0.15715090701176776, 0.3215919901148422,0
-0.29425166549135107, 0.430638024024393,0
-0.37000353011482384, -0.22015134963908622,0
-0.5615695053448367, 0.08331857800694067,0
0.5848577160387141, -0.20107716514061946,0
0.08848126685815758, -0.3051063033248526,0
-0.3700035301148239, -0.22015134963908617,0
-0.24985264874259497, 0.24459424722071169,0
-0.3244259746163405, 0.01472781649224175,0
-0.34247217218851617, 0.13932202257714052,0
0.42395389732378796, 0.11203028521567351,0
0.38062293506318184, -0.31643183869095637,0
-0.5450058409124615, -0.13010024380041235,0
-0.04255336948579047, 0.194687070982934,0
0.6212260937821059, -0.22910911001391987,0
-0.02442447504607167, -0.25486299841774646,0
-0.11767367701124264, -0.03455686110378874,0
-0.2163359938883757, -0.01264590544685638,0
0.5415151149466235, -0.22913144131144134,0
-0.5005204989527221, 0.09995060888807375,0
-0.30712280129489605, 0.2878045203212954,0
-0.11151140549929116, -0.2400027463511793,0
0.456539305221658, -0.31572435238545005,0
0.618104601793469, -0.1629755306678951,0
0.5415151149466232, -0.22913144131144147,0
0.4242828840525309, -0.2831446442480916,0
-0.3700035301148239, -0.22015134963908609,0
0.46426503263191393, -0.2282319466611985,0
-0.5450058409124617, -0.13010024380041238,0
-0.22944445651793982, 0.10555321838098863,0
-0.24985264874259497, 0.24459424722071152,0
0.6629281001023637, -0.27850089313870524,0
-0.25685081172852026, -0.17055439115019863,0
-0.11767367701124264, -0.03455686110378878,0
-0.3296176221861518, -0.06770312235565366,0
0.5805273851937832, -0.01981862897824013,0
0.6212260937821059, -0.22910911001391976,0
-0.16164176994342158, -0.2683990289446299,0
0.6091336184319295, -0.10855437443225024,0
-0.16164176994342158, -0.26839902894462997,0
-0.500520498952722, 0.09995060888807371,0
-0.48604142424436303, -0.1881104177969057,0
0.2042542817232537, -0.27835703148573526,0
0.018303974876755533, -0.02850157191960679,0
-0.2612241990717119, -0.2470031271744124,0
-0.027903040401505905, -0.05121124300387778,0
-0.486041424244363, -0.1881104177969056,0
0.46426503263191377, -0.22823194666119825,0
0.6091336184319294, -0.10855437443225024,0
0.3495486843938371, -0.2829168577453163,0
-0.26122419907171185, -0.2470031271744124,0
0.5027831808653528, -0.13462395173862438,0
0.6181046017934689, -0.1629755306678951,0
-0.37000353011482395, -0.22015134963908617,0
0.5391443204791743, -0.16114561749918352,0
0.08848126685815758, -0.3051063033248529,0
-0.5450058409124617, -0.13010024380041238,0
-0.4405826782463913, 0.047101361187180384,0
-0.5450058409124618, -0.13010024380041244,0
-0.26772736952852494, 0.03327668488037785,0
-0.37000353011482373, -0.22015134963908609,0
0.34954868439383724, -0.2829168577453161,0
-0.11767367701124266, -0.03455686110378876,0
-0.027903040401505905, -0.05121124300387777,0
-0.29425166549135107, 0.430638024024393,0
-0.42615548354417815, -0.16499917747204532,0
-0.20733508319309818, -0.220329500199399,0
0.5303909113715017, -0.10527092091183898,0
0.28351371011285287, -0.1907326235525766,0
-0.16164176994342164, -0.2683990289446299,0
0.5349733653910539, -0.31411200297140346,0
-0.42615548354417826, -0.16499917747204523,0
-0.17526233223799623, 0.3978351182632054,0
-0.02442447504607167, -0.2548629984177465,0
-0.26772736952852494, 0.033276684880377806,0
-0.2163359938883756, -0.01264590544685638,0
-0.08843716827686417, 0.20377156336914626,0
-0.40333291540421023, 0.18834195133789697,0
-0.5450058409124617, -0.1301002438004123,0
-0.427307944643332, 0.32545637393265986,0
0.13126869969912172, -0.2732952650078956,0
0.01830397487675552, -0.028501571919606807,0
-0.42615548354417815, -0.16499917747204523,0
0.0034806282516433936, -0.09438899583427368,0
-0.20733508319309807, -0.2203295001993991,0
-0.16164176994342158, -0.2683990289446299,0
0.2765404242512239, -0.28142570880370776,0
0.09877954873421674, -0.039491456181468834,0
0.4242828840525308, -0.2831446442480917,0
-0.22944445651793982, 0.10555321838098868,0
-0.4860414242443632, -0.18811041779690585,0
0.006624212283927745, 0.18047134107385546,0
-0.40333291540421023, 0.18834195133789697,0
-0.07124580235323967, -0.2847083150845169,0
-0.11707726769846943, 0.7361826193062632,0
-0.07124580235323967, -0.2847083150845169,0
-0.37000353011482384, -0.220151349639086,0
0.4565393052216578, -0.3157243523854501,0
0.09505782639787827, -0.20032579761926947,0
-0.2857267635622638, 0.1518220239250989,0
-0.0712458023532396, -0.2847083150845169,0
-0.027903040401505905, -0.051211243003877735,0
0.17818204674259983, 0.040351825508013965,0
0.6212260937821059, -0.22910911001391987,0
-0.34262924872958356, 0.196989849511572,0
-0.11767367701124266, -0.03455686110378882,0
-0.02442447504607167, -0.2548629984177465,0
-0.207335083193098, -0.220329500199399,0
0.08848126685815763, -0.3051063033248528,0
-0.12577861057479015, 0.13761434287536034,0
0.3199883695976457, 0.0496913616309116,0
0.17818204674259988, 0.040351825508013986,0
-0.11151140549929116, -0.2400027463511792,0
-0.1616417699434217, -0.26839902894462997,0
0.055758030802385665, -0.26569394982780614,0
0.13854131541401202, 0.09194532311251075,0
0.3529876535158187, -0.12496576633916683,0
-0.42615548354417815, -0.16499917747204526,0
0.05575803080238561, -0.2656939498278061,0
-0.42615548354417815, -0.16499917747204526,0
-0.37000353011482395, -0.22015134963908606,0
-0.14184735170296686, 0.2163373768653378,0
0.17060629500705682, -0.2103095587324356,0
0.5349733653910539, -0.31411200297140346,0
-0.5450058409124618, -0.13010024380041246,0
0.5027831808653529, -0.1346239517386243,0
0.1781820467425998, 0.040351825508013965,0
0.4242828840525309, -0.2831446442480917,0
0.015324054101066228, 0.06947382606564546,0
-0.3307915120947643, 0.357200676560275,0
0.3563951363354124, -0.07956539914805448,0
-0.11151140549929123, -0.24000274635117916,0
-0.31259212217002624, -0.19531900079308748,0
-0.11151140549929123, -0.2400027463511792,0
0.5391443204791744, -0.16114561749918338,0
-0.4016498365732893, 0.18588086368708237,0
0.08848126685815763, -0.3051063033248529,0
0.4399039033818674, -0.050864024353452574,0
-0.5450058409124617, -0.13010024380041244,0
-0.06839270878967352, -0.013120705592170724,0
0.42428288405253084, -0.2831446442480917,0
0.006889352917050463, 0.2096339434949606,0
-0.4405826782463914, 0.0471013611871803,0
-0.2857267635622636, 0.15182202392509894,0
-0.37000353011482384, -0.220151349639086,0
0.13326263791006168, 0.2553909154880847,0
-0.23502777773083888, 0.43248366333427524,0
-0.5005204989527222, 0.09995060888807371,0
0.4565393052216579, -0.31572435238545005,0
-0.16164176994342158, -0.2683990289446299,0
0.24990331560673898, -0.051305747175741094,0
0.23441039165067573, -0.3142550468028539,0
-0.11767367701124266, -0.034556861103788805,0
-0.5450058409124618, -0.13010024380041246,0
0.3563951363354124, -0.07956539914805447,0
-0.6057537554803188, -0.15183360225243597,0
-0.16335671040139982, 0.007345083490745015,0
0.018303974876755516, -0.028501571919606835,0
0.21072856708309917, -0.18401563152768186,0
0.4787078719592899, -0.033005555494181195,0
0.2042542817232537, -0.2783570314857352,0
-0.3051660072356236, 0.26827692274336823,0
-0.31259212217002635, -0.19531900079308753,0
-0.3426292487295835, 0.19698984951157192,0
-0.21633599388837568, -0.01264590544685638,0
-0.5005204989527219, 0.09995060888807379,0
-0.267727369528525, 0.033276684880377785,0
-0.3809626199313265, 0.064459228091329,0
-0.267727369528525, 0.033276684880377785,0
0.05575803080238561, -0.2656939498278061,0
-0.16164176994342158, -0.2683990289446301,0
0.5303909113715017, -0.10527092091183894,0
-0.4405826782463914, 0.047101361187180384,0
-0.030160807074355308, 0.05376694756893162,0
0.05575803080238561, -0.2656939498278061,0
0.35298765351581857, -0.1249657663391669,0
-0.261224199071712, -0.2470031271744123,0
-0.3244259746163403, 0.01472781649224175,0
0.456539305221658, -0.31572435238545005,0
-0.5615695053448367, 0.08331857800694067,0
0.09877954873421674, -0.039491456181468806,0
-0.37000353011482384, -0.22015134963908614,0
-0.11767367701124261, -0.034556861103788784,0
-0.030780303283118295, 0.11689469155858437,0
-0.20733508319309812, -0.22032950019939918,0
-0.4860414242443634, -0.1881104177969057,0
-0.3125921221700263, -0.19531900079308745,0
0.05474380462167801, -0.06323157456856168,0
-0.3244259746163404, 0.01472781649224171,0
-0.06839270878967348, -0.01312070559217076,0
-0.3809626199313265, 0.064459228091329,0
-0.16164176994342164, -0.26839902894462997,0
0.04382210742109925, 0.11801543409520841,0
0.2835137101128528, -0.19073262355257653,0
-0.1176736770112427, -0.034556861103788784,0
0.3199883695976456, 0.049691361630911514,0
-0.20733508319309812, -0.2203295001993991,0
0.5349733653910539, -0.31411200297140346,0
-0.21939075071700784, -0.09913346916374291,0
0.5809359843842805, -0.2807453707912082,0
-0.5450058409124618, -0.13010024380041246,0
-0.1616417699434217, -0.26839902894462997,0
0.2835137101128528, -0.1907326235525767,0
-0.5231167381778057, 0.22401966637044352,0
0.01141820577171044, -0.29666849505695847,0
-0.045736290555207226, 0.14955270344628227,0
0.6212260937821059, -0.2291091100139198,0
0.4399039033818674, -0.050864024353452574,0
-0.07124580235323973, -0.28470831508451677,0
-0.16335671040139985, 0.007345083490745056,0
-0.02442447504607167, -0.25486299841774646,0
-0.0712458023532396, -0.28470831508451666,0
-0.4405826782463913, 0.04710136118718034,0
-0.3125921221700263, -0.19531900079308745,0
-0.3700035301148239, -0.22015134963908606,0
-0.3296176221861519, -0.0677031223556537,0
0.5349733653910539, -0.31411200297140346,0
0.4642650326319138, -0.22823194666119842,0
-0.20733508319309818, -0.2203295001993991,0
-0.42455621437201146, 0.30780982856604877,0
-0.2612241990717119, -0.2470031271744123,0
0.17060629500705682, -0.21030955873243568,0
-0.5450058409124617, -0.13010024380041244,0
-0.2857267635622637, 0.1518220239250989,0
0.08848126685815763, -0.3051063033248528,0
-0.030780303283118236, 0.11689469155858435,0
0.4565393052216579, -0.31572435238545005,0
-0.20733508319309812, -0.220329500199399,0
-0.20733508319309818, -0.22032950019939918,0
-0.3809626199313266, 0.06445922809132902,0
-0.32442597461634043, 0.01472781649224175,0
0.43862838703764145, -0.00023260491556475508,0
-0.22975759384912695, 0.1644142803202907,0
0.38786163390577927, -0.15364844097479421,0
-0.07971701279872025, 0.10063845921380375,0
0.13629925635639775, -0.17479221173749845,0
0.42428288405253084, -0.2831446442480917,0
0.5806473021206467, -0.13725121877426955,0
0.6091336184319294, -0.10855437443225016,0
-0.22944445651793988, 0.10555321838098863,0
0.6159452294891011, -0.3117712271480086,0
-0.16799709943575528, -0.14707023628451008,0
-0.5450058409124617, -0.13010024380041238,0
-0.24985264874259497, 0.2445942472207117,0
0.41689514835657704, -0.07435808871711949,0
0.16215569596509496, -0.3107675975536275,0
-0.12577861057479012, 0.13761434287536037,0
0.6181046017934693, -0.16297553066789508,0
-0.07124580235323967, -0.2847083150845167,0
0.0034806282516433784, -0.09438899583427367,0
0.3878616339057792, -0.15364844097479433,0
0.5415151149466233, -0.22913144131144134,0
-0.2857267635622636, 0.1518220239250989,0
-0.02442447504607167, -0.25486299841774646,0
-0.2857267635622637, 0.1518220239250989,0
0.05474380462167802, -0.06323157456856168,0
0.4929436754832218, -0.08023182988586906,0
0.2042542817232537, -0.2783570314857352,0
-0.4860414242443631, -0.18811041779690563,0
-0.11151140549929116, -0.24000274635117924,0
-0.4261554835441783, -0.16499917747204526,0
0.05575803080238561, -0.2656939498278061,0
0.13629925635639778, -0.17479221173749854,0
0.3635965854985239, -0.04223744780455094,0
-0.3125921221700264, -0.19531900079308737,0
-0.2714778720069616, 0.3654261792759552,0
-0.11151140549929123, -0.2400027463511793,0
0.4787078719592901, -0.03300555549418115,0
-0.3700035301148239, -0.22015134963908614,0
-0.31259212217002635, -0.1953190007930874,0
0.6091336184319294, -0.10855437443225024,0
-0.213183605594545, 0.5777381199177747,0
0.09877954873421674, -0.039491456181468765,0
0.2042542817232537, -0.2783570314857353,0
0.38062293506318184, -0.3164318386909562,0
0.32311138537571926, -0.16488811331875758,0
0.38062293506318173, -0.3164318386909564,0
-0.22944445651793982, 0.10555321838098868,0
-0.3700035301148239, -0.22015134963908622,0
0.09412035549847682, 0.16301726357428223,0
-0.37000353011482384, -0.22015134963908622,0
-0.11151140549929123, -0.2400027463511792,0
0.42428288405253095, -0.28314464424809166,0
0.21369623754189693, 0.012687478964819693,0
-0.16164176994342178, -0.26839902894462986,0
0.349548684393837, -0.28291685774531616,0
-0.027903040401505888, -0.0512112430038778,0
-0.3125921221700262, -0.19531900079308745,0
0.0114182057717105, -0.2966684950569587,0
-0.3125921221700263, -0.19531900079308745,0
-0.3125921221700263, -0.19531900079308748,0
-0.26772736952852494, 0.033276684880377785,0
-0.4261554835441782, -0.16499917747204526,0
-0.5450058409124617, -0.13010024380041238,0
0.43862838703764145, -0.00023260491556471361,0
0.5349733653910538, -0.31411200297140346,0
-0.32442597461634043, 0.01472781649224175,0
-0.3244259746163405, 0.01472781649224175,0
-0.48604142424436314, -0.18811041779690577,0
0.6091336184319295, -0.10855437443225024,0
-0.033413421987350436, 0.22236934820950682,0
0.0068893529170505246, 0.20963394349496056,0
-0.2612241990717118, -0.24700312717441225,0
-0.11151140549929116, -0.2400027463511792,0
-0.1781307832020734, 0.12321163938730087,0
0.6181046017934693, -0.16297553066789508,0
-0.5231167381778057, 0.2240196663704436,0
0.5806473021206469, -0.1372512187742695,0
-0.40333291540421035, 0.18834195133789688,0
-0.20733508319309818, -0.2203295001993991,0
0.24990331560673898, -0.051305747175741136,0
0.3893156757230942, -0.22619338826555466,0
-0.16164176994342164, -0.2683990289446299,0
-0.44058267824639125, 0.047101361187180384,0
-0.07616161651561665, 0.09123580523704121,0
-0.21355329239323712, 0.32343120282726306,0
-0.5450058409124618, -0.13010024380041244,0
-0.20733508319309812, -0.220329500199399,0
0.5806473021206467, -0.13725121877426946,0
-0.11151140549929116, -0.24000274635117916,0
0.4242828840525308, -0.2831446442480917,0
-0.4860414242443632, -0.18811041779690563,0
-0.12577861057479015, 0.13761434287536037,0
-0.0712458023532396, -0.28470831508451677,0
0.5007698909892203, -0.01398501179225872,0
0.05575803080238561, -0.2656939498278061,0
0.13126869969912167, -0.2732952650078955,0
-0.30516600723562354, 0.26827692274336823,0
-0.16164176994342164, -0.26839902894463,0
-0.02442447504607173, -0.2548629984177465,0
0.38062293506318184, -0.31643183869095637,0
0.1781820467425999, 0.040351825508013986,0
-0.06839270878967348, -0.01312070559217076,0
0.08848126685815763, -0.3051063033248529,0
-0.1761853093301611, 0.06146858503473965,0
-0.027903040401505905, -0.05121124300387781,0
0.5806473021206465, -0.1372512187742695,0
-0.6057537554803188, -0.15183360225243597,0
-0.42615548354417815, -0.16499917747204523,0
-0.31259212217002624, -0.19531900079308728,0
-0.267727369528525, 0.03327668488037785,0
-0.22944445651793977, 0.10555321838098855,0
-0.5615695053448371, 0.08331857800694072,0
-0.42615548354417815, -0.16499917747204518,0
0.4242828840525309, -0.2831446442480916,0
-0.561569505344837, 0.08331857800694067,0
0.5027831808653528, -0.13462395173862432,0
0.5405177147979294, 0.002927154853277406,0
-0.02442447504607167, -0.2548629984177465,0
-0.34247217218851606, 0.1393220225771405,0
-0.22944445651793977, 0.10555321838098863,0
-0.30712280129489594, 0.28780452032129544,0
-0.3809626199313267, 0.06445922809132902,0
0.4625012827574785, -0.15812901419279332,0
0.2075320459369142, -0.0764138193896012,0
-0.22944445651793977, 0.10555321838098863,0
-0.3244259746163406, 0.01472781649224175,0
0.5809359843842806, -0.2807453707912082,0
-0.5005204989527222, 0.09995060888807375,0
0.45653930522165803, -0.31572435238545005,0
0.2765404242512239, -0.28142570880370776,0
0.05575803080238561, -0.2656939498278062,0
-0.20733508319309812, -0.2203295001993991,0
-0.16799709943575536, -0.14707023628451002,0
0.5405177147979293, 0.002927154853277323,0
0.5809359843842811, -0.2807453707912081,0
-0.02442447504607167, -0.2548629984177465,0
-0.02442447504607167, -0.2548629984177465,0
0.05474380462167796, -0.06323157456856165,0
-0.40333291540421035, 0.18834195133789702,0
-0.33234827163712566, 0.3996031383274534,0
-0.5450058409124617, -0.13010024380041235,0
0.6629281001023639, -0.2785008931387053,0
0.4625012827574784, -0.15812901419279335,0
-0.5005204989527221, 0.09995060888807367,0
0.01830397487675554, -0.028501571919606828,0
-0.11151140549929116, -0.24000274635117924,0
0.1781820467425999, 0.040351825508013986,0
-0.07124580235323967, -0.2847083150845168,0
0.05575803080238561, -0.2656939498278061,0
0.5391443204791744, -0.16114561749918338,0
-0.5450058409124616, -0.13010024380041244,0
-0.42615548354417826, -0.16499917747204523,0
-0.6057537554803187, -0.15183360225243597,0
-0.3244259746163404, 0.014727816492241792,0
-0.057350689656011054, 0.05592131628326079,0
0.5027831808653528, -0.1346239517386243,0
-0.21939075071700784, -0.0991334691637429,0
0.05575803080238561, -0.26569394982780625,0
0.4242828840525309, -0.2831446442480917,0
0.36301985163410283, 0.001970297367961831,0
0.38062293506318184, -0.3164318386909562,0
0.456539305221658, -0.31572435238544994,0
-0.486041424244363, -0.1881104177969056,0
-0.17813078320207348, 0.12321163938730087,0
0.2835137101128528, -0.1907326235525766,0
-0.500520498952722, 0.09995060888807383,0
0.054743804621678036, -0.0632315745685617,0
-0.5231167381778058, 0.22401966637044352,0
-0.48604142424436314, -0.18811041779690588,0
0.1324989493576312, -0.07138542936233001,0
0.5805273851937833, -0.019818628978240212,0
0.4787078719592901, -0.033005555494181195,0
0.05575803080238561, -0.26569394982780603,0
-0.34262924872958356, 0.19698984951157197,0
-0.42615548354417815, -0.16499917747204526,0
-0.42615548354417815, -0.16499917747204532,0
0.517220386580779, -0.0572371663595849,0
-0.5450058409124616, -0.13010024380041235,0
-0.16335671040139982, 0.007345083490745035,0
0.36413982773865405, 0.35795134333520184,0
-0.42615548354417826, -0.16499917747204526,0
-0.3660753698079118, 0.2788413187043725,0
-0.20733508319309812, -0.2203295001993991,0
-0.3660753698079115, 0.2788413187043725,0
-0.40164983657328923, 0.18588086368708237,0
-0.6057537554803186, -0.15183360225243597,0
-0.3426292487295836, 0.196989849511572,0
0.08848126685815758, -0.3051063033248528,0
0.618104601793469, -0.16297553066789525,0
0.0114182057717105, -0.29666849505695847,0
-0.4860414242443631, -0.1881104177969058,0
-0.11151140549929116, -0.2400027463511792,0
-0.307122801294896, 0.2878045203212954,0
-0.4623527211139951, 0.23422517193335596,0
-0.5450058409124616, -0.13010024380041235,0
-0.267727369528525, 0.03327668488037783,0
-0.05094696818694026, 0.3087160479474158,0
-0.27313389956441597, -0.11935491786671161,0
-0.4033329154042102, 0.18834195133789683,0
-0.12577861057479028, 0.13761434287536037,0
0.20425428172325374, -0.2783570314857353,0
-0.5450058409124616, -0.13010024380041238,0
-0.36607536980791155, 0.27884131870437256,0
0.1761429527964894, 0.15074715932412486,0
-0.5450058409124618, -0.13010024380041238,1
0.40381037857860086, 0.02201382990249459,1
-0.1901049926895462, -0.04186211311948447,1
-0.40333291540421035, 0.18834195133789683,1
-0.08878307172847516, -0.07081191825784122,1
-0.21542593802653096, 0.5260344920319896,1
-0.033413421987350374, 0.2223693482095068,1
-0.030780303283118295, 0.11689469155858441,1
0.9294256455671266, 0.004511220022470174,1
0.7839838805361219, -0.30555648160553184,1
-0.3902375622581044, 0.39638931640134173,1
0.4992260913152379, 0.405835802260729,1
0.30877843756051115, 0.477547601493728,1
0.13126869969912164, -0.27329526500789564,1
0.7037528595780089, -0.005603267106681249,1
-0.02442447504607167, -0.25486299841774657,1
0.5694902400742198, 0.43111577123266986,1
0.46106754923100884, 0.00999860846397819,1
0.499226091315238, 0.40583580226072885,1
0.40604218250037794, 0.21542359328671276,1
-0.5450058409124618, -0.13010024380041235,1
-0.3809626199313266, 0.06445922809132902,1
0.8320554934004781, -0.2727847139159601,1
-0.15787983381418266, 0.5771471044325673,1
0.16215984631908256, 0.8370799441778105,1
-0.48813043734851264, 0.31759285841347495,1
0.955249468953504, -0.29834874880331097,1
-0.11394120704421878, 0.5593818274655483,1
0.29274868657026293, 1.51020345955238,1
0.8320554934004779, -0.2727847139159601,1
0.12691163594206004, 0.7903664404119487,1
0.1747475320310289, 0.49919799503874973,1
0.08644236646588248, 0.5130690534110216,1
-0.44632387472641427, -0.03159072070237061,1
-0.22944445651794002, 0.10555321838098872,1
0.43862838703764145, -0.00023260491556475508,1
-0.40333291540421023, 0.1883419513378969,1
0.2171209643339009, 0.08620328434207655,1
-0.40333291540421023, 0.1883419513378968,1
0.48031004576575925, 0.020198160618259114,1
-0.4033329154042104, 0.18834195133789688,1
1.0860453497046998, -0.2635077387324473,1
0.48291354281186644, 0.5511718981419688,1
-0.31259212217002624, -0.19531900079308753,1
0.7485338001096606, -0.20025773221697366,1
0.16850615094045354, 0.11135380751509254,1
-0.11767367701124266, -0.03455686110378878,1
0.18209771091979798, 0.03709472857121356,1
0.7679724624151432, 0.3010562871706712,1
0.6959515475151115, 0.20668369416806223,1
0.054732240017999485, 0.4478190906257516,1
0.33589630326006054, 1.013660977768715,1
-0.6057537554803188, -0.15183360225243606,1
-0.5450058409124616, -0.13010024380041246,1
-0.22270930360975624, 0.13659235869439854,1
-0.11073952209173309, 0.3134252000276554,1
-0.3902375622581044, 0.3963893164013419,1
0.9552494689535038, -0.29834874880331114,1
-0.40333291540421023, 0.18834195133789688,1
-0.267727369528525, 0.03327668488037783,1
0.20403757220990607, 0.3124950720794597,1
0.2171209643339009, 0.08620328434207655,1
-0.06321139428440992, 0.31243527109571423,1
-0.24787989607685038, 0.2961310794784587,1
0.783983880536122, -0.30555648160553184,1
0.9294256455671266, 0.00451122002247034,1
0.2059401562576094, 0.20467342786609646,1
-0.38886328547188964, -0.014643811146031317,1
-0.20733508319309818, -0.22032950019939915,1
0.08416153458101, 0.35085869486105536,1
0.17614295279648948, 0.15074715932412494,1
0.587693436979152, 0.4489205312499037,1
-0.3888632854718897, -0.014643811146031359,1
0.6805864081064957, 0.41044361397604345,1
0.6425299772397827, 0.6233890585782599,1
-0.3227828764074484, 0.08075919523849265,1
-0.5450058409124616, -0.13010024380041238,1
0.5694902400742196, 0.43111577123266986,1
0.2539896682695222, 0.03153872372840735,1
0.3764946814561222, 0.07811765680414676,1
0.12280043138758394, 0.24569636047290203,1
-0.4623527211139954, 0.234225171933356,1
-0.09381705224967313, 0.7443826997975515,1
0.03746158148996445, 0.5163681709309977,1
0.10904584098829942, -0.024371960236935743,1
0.5307290235432014, 0.15595439815964846,1
0.5694902400742197, 0.4311157712326694,1
0.5349733653910538, -0.31411200297140335,1
0.4386283870376413, -0.00023260491556467212,1
-0.042606999073660196, -0.05408993670586951,1
0.4803100457657594, 0.020198160618259155,1
0.19028833788478386, 0.09815838901037717,1
-0.16335671040139982, 0.007345083490745035,1
0.02212637416709159, -0.002054729953770836,1
0.030738508243300055, 0.4419239787028172,1
-0.3864116526573468, -0.08646538646201124,1
0.6237520394556657, 0.6021420138683847,1
0.7904780093775376, 0.2638163461902047,1
-0.36081698883736724, 0.04359559663176626,1
0.28351371011285276, -0.19073262355257678,1
-0.21542593802653107, 0.5260344920319898,1
0.4228716734108755, 0.255933229124092,1
0.516380119374975, 0.4233184419417559,1
-0.3623059014102929, 0.26131882726425937,1
0.9294256455671266, 0.004511220022470257,1
0.08416153458101013, 0.3508586948610553,1
0.45958016533558266, 0.06597857162266754,1
-0.04255336948579041, 0.19468707098293417,1
0.0092989113342129, 0.30030829333978737,1
0.9294256455671267, 0.004511220022470174,1
0.4829135428118663, 0.5511718981419684,1
-0.6057537554803186, -0.15183360225243597,1
-0.5450058409124617, -0.13010024380041246,1
-0.07274540020923939, 0.02558651370060928,1
0.1006922181187387, 0.4480097573547932,1
-0.5450058409124616, -0.13010024380041238,1
-0.40333291540421023, 0.18834195133789688,1
0.054732240017999485, 0.44781909062575126,1
0.8696619721303114, -0.3020005732701305,1
-0.5450058409124617, -0.13010024380041238,1
-0.5450058409124617, -0.13010024380041238,1
-0.04255336948579047, 0.19468707098293414,1
-0.6057537554803186, -0.1518336022524359,1
0.2653287578112065, 1.06550423288087,1
0.6991450102667035, -0.3088659623877577,1
-0.4033329154042102, 0.18834195133789688,1
-0.5450058409124616, -0.13010024380041246,1
-0.5450058409124617, -0.13010024380041235,1
0.276540424251224, -0.28142570880370765,1
0.11849470836144879, 0.27328397523193726,1
-0.02442447504607167, -0.2548629984177465,1
0.03076871364059626, 0.38875988193800776,1
-0.2875535351968115, 0.0974422690002997,1
0.424282884052531, -0.28314464424809166,1
-0.5450058409124616, -0.1301002438004123,1
-0.18779362312166398, 0.41262235122682966,1
0.21712096433390088, 0.08620328434207657,1
0.3495486843938371, -0.28291685774531616,1
0.3912968267111709, 0.8035144374679738,1
0.1910229586053681, 0.14475187038997356,1
0.55893079687466, 0.3749231616780776,1
0.03043028810146418, 0.711211876568932,1
-0.5450058409124617, -0.13010024380041235,1
-0.6057537554803186, -0.1518336022524359,1
0.9719051660639921, -0.048493129254655286,1
-0.4623527211139952, 0.23422517193335604,1
-0.08878307172847512, -0.0708119182578412,1
0.0114182057717105, -0.2966684950569586,1
-0.5450058409124617, -0.13010024380041246,1
0.506218585043403, 0.250962790697701,1
0.7839838805361221, -0.30555648160553195,1
0.7305771964116448, 0.3128590446329158,1
0.09720796991026233, 0.3062734778933182,1
0.12649918307958752, 0.6923583480041774,1
0.2290034368763452, 0.3852851416570344,1
0.4829135428118662, 0.5511718981419688,1
-0.4159431235663849, 0.03134662311017627,1
0.9552494689535035, -0.2983487488033108,1
0.7622905075679531, 0.23542531207978373,1
0.0114182057717105, -0.2966684950569586,1
0.5261277145336472, 0.1608234178981849,1
-0.2193907507170078, -0.09913346916374287,1
-0.38886328547188964, -0.014643811146031317,1
0.122800431387584, 0.24569636047290194,1
0.713858221603371, 0.17390296231169614,1
-0.5450058409124618, -0.13010024380041246,1
0.0566291783874354, 0.1019059698463205,1
-0.5450058409124616, -0.13010024380041238,1
-0.38886328547188964, -0.014643811146031235,1
-0.4860414242443631, -0.18811041779690568,1
0.2548675087057556, 0.14285974003128848,1
-0.38886328547188975, -0.014643811146031277,1
-0.2651514471862176, 0.41015329197139844,1
-0.5450058409124617, -0.13010024380041244,1
-0.09963737176344052, 0.17964320985023216,1
-0.19010499268954628, -0.04186211311948449,1
0.48291354281186655, 0.5511718981419688,1
0.3491459841753374, 0.3277494116851524,1
-0.6057537554803185, -0.1518336022524359,1
0.14644925107000417, 0.4819943213755745,1
-0.6057537554803188, -0.15183360225243597,1
0.30877843756051127, 0.47754760149372816,1
-0.3051416679234382, 0.4534622456713633,1
-0.4623527211139952, 0.23422517193335585,1
0.4303522144671583, -0.19854634440766275,1
0.018148443988834063, 0.18814848015441724,1
0.2927486865702634, 1.51020345955238,1
0.7679724624151432, 0.30105628717067145,1
0.03548577647375767, 0.3400359222047628,1
0.767972462415143, 0.30105628717067134,1
0.37649468145612214, 0.07811765680414676,1
-0.16799709943575533, -0.14707023628451013,1
0.467731949865047, 0.18721272880084724,1
-0.5450058409124617, -0.13010024380041244,1
-0.0035116882003172053, 0.30132455886343806,1
-0.5450058409124616, -0.13010024380041244,1
-0.40333291540421035, 0.18834195133789688,1
0.07035047255283484, 0.5285744748700135,1
0.0776185375801902, 0.2220204011288213,1
0.48031004576575914, 0.02019816061825903,1
0.13220000827982215, 0.4678632562648875,1
-0.08878307172847516, -0.07081191825784117,1
0.48221535015091155, 0.3886356002938972,1
0.054732240017999485, 0.44781909062575154,1
0.5415897779474478, 0.12090533623680097,1
0.7137153069913027, 0.48360802859576973,1
0.5293088660198486, 0.3943326846668389,1
0.27291438738903107, 0.47699276450025907,1
0.006624212283927806, 0.18047134107385543,1
0.7679724624151432, 0.3010562871706712,1
0.014659494118901233, 0.4210967389290346,1
-0.3809626199313266, 0.06445922809132902,1
-0.09381705224967313, 0.7443826997975518,1
-0.5450058409124617, -0.13010024380041235,1
-0.38886328547188964, -0.014643811146031317,1
-0.26515144718621775, 0.4101532919713987,1
0.14830723521414355, 0.17163664848332474,1
0.14785067753241518, 0.8886396892806193,1
0.4210237754214017, 0.2615442508352855,1
-0.24787989607685038, 0.29613107947845857,1
0.36301985163410283, 0.001970297367961831,1
0.44595639097080825, 0.2243146464401945,1
0.13126869969912167, -0.2732952650078955,1
-0.02442447504607167, -0.25486299841774646,1
0.4677319498650469, 0.18721272880084724,1
1.078677022693277, -0.13855858739155127,1
-0.5450058409124617, -0.13010024380041238,1
0.16215569596509502, -0.3107675975536274,1
0.733437822522188, 0.5018687103113013,1
0.5199582740149109, 0.09427065253080529,1
0.0515334991514812, 0.6412169435521573,1
0.1004795311282474, 0.5832396957384646,1
-0.5450058409124617, -0.13010024380041235,1
-0.5450058409124617, -0.13010024380041235,1
-0.005451668541323154, 0.2766381834782083,1
0.05817724617406506, -0.16242743233616522,1
-0.3809626199313266, 0.06445922809132902,1
0.44665872298546283, 0.3985436400928312,1
-0.5450058409124617, -0.13010024380041244,1
0.4929436754832218, -0.0802318298858691,1
-0.40333291540421023, 0.18834195133789683,1
0.05817724617406506, -0.16242743233616525,1
0.08416153458101, 0.3508586948610553,1
0.55893079687466, 0.37492316167807777,1
0.4610675492310086, 0.009998608463978109,1
-0.40333291540421023, 0.1883419513378969,1
-0.20572306382873656, 0.21352217714990507,1
0.8320554934004779, -0.27278471391596015,1
0.31998836959764554, 0.049691361630911556,1
-0.38886328547188975, -0.014643811146031359,1
-0.4033329154042104, 0.18834195133789683,1
0.40106828009509793, 0.03650645557487603,1
0.40405046261918764, 0.3459324926577053,1
-0.5450058409124617, -0.13010024380041244,1
0.43264162842859144, -0.0786782700062677,1
-0.46160495938725815, 0.17716606571942264,1
0.1483072352141435, 0.17163664848332463,1
0.09493698373891203, 0.30026570432947,1
-0.15093195559360892, 0.3686708099127822,1
0.1383733225177932, 0.3017276728413855,1
0.8320554934004781, -0.27278471391596015,1
-0.29777146515107217, 0.4745948004008971,1
-0.3809626199313267, 0.06445922809132902,1
-0.02138654196025842, -0.01517605141644892,1
-0.5450058409124615, -0.13010024380041235,1
0.13220000827982215, 0.4678632562648875,1
-0.033413421987350374, 0.22236934820950674,1
-0.10225916395051574, 0.12304569618695559,1
0.499226091315238, 0.4058358022607291,1
-0.5450058409124617, -0.13010024380041238,1
0.3526221471480662, 0.41372616739276974,1
-0.40333291540421035, 0.1883419513378969,1
-0.38886328547188964, -0.014643811146031359,1
-0.4463238747264143, -0.03159072070237061,1
0.4208618736380437, 0.3636817140720538,1
-0.38886328547188986, -0.014643811146031359,1
-0.11767367701124264, -0.03455686110378882,1
-0.5450058409124617, -0.13010024380041235,1
0.11362980866511099, 0.905477308598419,1
0.5293088660198485, 0.3943326846668392,1
-0.3888632854718895, -0.014643811146031317,1
-0.033413421987350436, 0.22236934820950674,1
0.9294256455671266, 0.004511220022470257,1
0.4992260913152379, 0.4058358022607289,1
-0.6057537554803188, -0.15183360225243597,1
0.28712628984505123, -0.030841350266516788,1
-0.5005204989527221, 0.09995060888807371,1
0.5163801193749751, 0.42331844194175566,1
-0.4463238747264143, -0.03159072070237061,1
0.5672866683762192, 1.1534512099300518,1
0.9755890394657664, 0.12029592891387575,1
0.8629589529497748, 0.11194062744247904,1
-0.5450058409124616, -0.13010024380041244,1
0.767972462415143, 0.30105628717067134,1
0.303017794162416, 0.03232199349315188,1
0.17060629500705685, -0.21030955873243568,1
0.07761853758019013, 0.22202040112882107,1
-0.16335671040139982, 0.007345083490745056,1
0.16215569596509513, -0.31076759755362743,1
-0.6057537554803187, -0.15183360225243597,1
0.637272835578245, -0.04251239964775976,1
0.4149529749689738, 0.10566861317594448,1
-0.4463238747264143, -0.03159072070237069,1
0.10775527562253591, 0.16379739608364596,1
-0.1679970994357553, -0.1470702362845101,1
1.122295102774184, -0.29127461690521367,1
-0.6057537554803191, -0.1518336022524359,1
0.5199582740149111, 0.09427065253080529,1
0.382297557849051, 0.019598977144275952,1
1.0252435030980813, -0.11256209360844836,1
0.7622905075679528, 0.23542531207978365,1
-0.500520498952722, 0.09995060888807371,1
0.1006922181187387, 0.44800975735479304,1
-0.5450058409124616, -0.13010024380041246,1
0.3563951363354125, -0.07956539914805444,1
0.6237520394556654, 0.6021420138683845,1
0.5616348344364074, 0.10838498086898826,1
0.13709306090230652, 0.022347420732381766,1
0.8161124119497654, 0.08975744929774654,1
0.6372728355782449, -0.04251239964775976,1
0.12029503157627443, 0.387529374045249,1
-0.40333291540421023, 0.18834195133789688,1
0.13126869969912164, -0.2732952650078955,1
-0.36607536980791155, 0.27884131870437256,1
0.3630198516341028, 0.001970297367961872,1
0.014868497741430365, -0.18696963812727493,1
0.9294256455671268, 0.004511220022470257,1
0.3948319336286635, 0.42087460985971825,1
-0.08878307172847515, -0.07081191825784115,1
0.8144601333968072, 0.32313940334336816,1
-0.4033329154042104, 0.18834195133789683,1
0.8717038416511366, -0.2254388288982232,1
0.08833560232711041, 0.4618162842670332,1
-0.04039130473631446, 0.16868067710006548,1
-0.10159332272864322, 0.3673182833082657,1
0.9294256455671267, 0.004511220022470257,1
0.43990390338186736, -0.050864024353452615,1
-0.1790518320691467, 0.43645887957808593,1
0.2548675087057556, 0.14285974003128848,1
0.2570607534179323, 0.4532294798809657,1
0.13220000827982215, 0.46786325626488734,1
1.0860453497046996, -0.2635077387324472,1
0.48793482381728065, 0.13787052865780064,1
0.3663120944970395, 0.4613873424651807,1
0.13390183247874643, 0.24928295104448672,1
0.2644976180215705, 0.018923592024356912,1
0.31271146089241525, 0.6450234972613454,1
0.2932228576012725, 0.2705556682338747,1
-0.11767367701124266, -0.034556861103788805,1
-0.6057537554803186, -0.15183360225243597,1
-0.40333291540421035, 0.18834195133789688,1
0.30877843756051115, 0.477547601493728,1
0.3041633824875755, -0.08503647029198776,1
-0.29612566357193865, 0.48183476720705676,1
-0.02442447504607167, -0.25486299841774657,1
0.4992260913152379, 0.4058358022607292,1
-0.08878307172847512, -0.0708119182578412,1
-0.20733508319309812, -0.2203295001993991,1
-0.4463238747264144, -0.03159072070237065,1
-0.09920183150896161, 0.4877624146334409,1
0.28569493044903477, 0.18702718593177275,1
-0.3700035301148239, -0.220151349639086,1
-0.5450058409124616, -0.13010024380041244,1
0.08008834578124902, 0.2382001489695623,1
0.0114182057717105, -0.29666849505695847,1
0.24663565244808316, 0.09821412779345978,1
-0.4016498365732893, 0.18588086368708223,1
-0.2863335320789323, 0.151127369640637,1
-0.3888632854718897, -0.014643811146031317,1
-0.5450058409124617, -0.13010024380041238,1
0.04383590270660248, 0.27096564447450966,1
-0.07124580235323973, -0.2847083150845169,1
0.07594023688153607, 0.38770496456701187,1
-0.504765776778445, -0.04925579074499403,1
0.39221927193670003, -0.25103203595117285,1
0.8320554934004779, -0.27278471391596026,1
0.7622905075679528, 0.23542531207978365,1
-0.5450058409124617, -0.13010024380041235,1
0.137599024617868, 0.8757838180956052,1
-0.25805825874211136, 0.2073472004691129,1
0.3439151964347518, 0.004814518033392138,1
0.03721646592361755, 0.5559019440492412,1
-0.06321139428440992, 0.3124352710957144,1
-0.3888632854718896, -0.014643811146031317,1
0.7772929970960527, 0.16596299137410075,1
-0.24787989607685026, 0.29613107947845857,1
-0.5005204989527219, 0.09995060888807375,1
0.22077239442451174, 0.5831776326849156,1
0.5349733653910538, -0.3141120029714035,1
-0.5450058409124617, -0.13010024380041244,1
-0.504765776778445, -0.049255790744994116,1
0.42287167341087534, 0.2559332291240919,1
0.6237520394556657, 0.6021420138683845,1
-0.11801659050491556, -0.1252641503248109,1
-0.15787983381418252, 0.5771471044325672,1
0.1356243203624466, 0.3925813648073569,1
-0.14030355537881467, -0.026822268514032663,1
0.4829135428118663, 0.5511718981419684,1
0.43862838703764145, -0.00023260491556467212,1
-0.38886328547188964, -0.014643811146031317,1
0.4759877377195914, 0.11816068046134656,1
-0.2478798960768505, 0.29613107947845857,1
0.5694902400742196, 0.4311157712326697,1
0.28351371011285276, -0.19073262355257653,1
0.6099358359460996, 0.3841239378987604,1
-0.30514166792343816, 0.4534622456713631,1
0.1281499973919266, 0.28927769235114187,1
-0.5450058409124617, -0.13010024380041244,1
0.006624212283927775, 0.18047134107385546,1
0.13390183247874643, 0.24928295104448678,1
-0.012232920048306086, 0.26187086414286476,1
0.11409886092910898, 0.33445611074549675,1
0.43554817474254864, 1.3933484121637005,1
0.43069474426383264, 0.38141568184003705,1
0.7137153069913021, 0.4836080285957697,1
0.29950063535900695, 0.2403744130405116,1
-0.2677273695285249, 0.03327668488037785,1
-0.26122419907171185, -0.24700312717441222,1
0.11516311826395662, 0.4742634316248744,1
0.1611150949677819, 0.9186031556078059,1
-0.40333291540421035, 0.18834195133789683,1
0.48291354281186644, 0.5511718981419688,1
0.349548684393837, -0.28291685774531616,1
0.9719051660639926, -0.048493129254655286,1
0.48031004576575925, 0.020198160618259114,1
-0.42730794464333205, 0.32545637393265986,1
-0.500520498952722, 0.09995060888807371,1
0.1891945280209573, 0.2732476371479147,1
0.516319276816356, 0.33414352956661747,1
0.4303522144671583, -0.19854634440766258,1
0.516380119374975, 0.42331844194175555,1
-0.5450058409124617, -0.13010024380041235,1
-0.4261554835441782, -0.16499917747204534,1
0.7137153069913024, 0.4836080285957699,1
-0.02442447504607173, -0.2548629984177465,1
-0.42615548354417826, -0.16499917747204534,1
-0.08878307172847515, -0.07081191825784118,1
0.637272835578245, -0.042512399647759845,1
0.6411351926447528, 0.4571051372944396,1
0.4677319498650469, 0.18721272880084733,1
-0.2875535351968116, 0.09744226900029972,1
0.5694902400742197, 0.43111577123266975,1
0.2701574861073152, 0.13028031417261002,1
-0.2961256635719386, 0.48183476720705676,1
-0.34247217218851617, 0.1393220225771405,1
-0.5450058409124617, -0.13010024380041235,1
-0.2730949930928855, 0.1313831353440972,1
-0.222241145675703, 0.327837750517919,1
0.430585825763733, 0.5477270528577313,1
0.4768766956196681, -0.052763562024044655,1
0.20615744629180982, 0.48452218285839327,1
0.2171209643339008, 0.08620328434207651,1
0.01747298203466056, 0.3629048609652743,1
0.16215569596509502, -0.31076759755362743,1
0.43862838703764145, -0.00023260491556475508,1
0.8885560770408057, 0.12249899136090985,1
-0.5450058409124617, -0.13010024380041244,1
0.29274868657026293, 1.5102034595523803,1
-0.1733252850141727, 0.3529022523684875,1
-0.2730949930928856, 0.13138313534409712,1
-0.5450058409124617, -0.13010024380041238,1
0.3030177941624158, 0.03232199349315184,1
0.13022419312255745, 0.6041809079600183,1
0.01934780960742257, 0.5854405992386673,1
-0.48813043734851286, 0.31759285841347507,1
0.3849436281130359, 1.0318658250612311,1
0.5391443204791742, -0.16114561749918338,1
-0.3888632854718897, -0.014643811146031359,1
-0.14855749557228384, 0.172059390537499,1
0.2927486865702634, 1.510203459552381,1
-0.1403035553788145, -0.026822268514032705,1
0.5303909113715016, -0.10527092091183898,1
-0.07958481024337462, 0.21829879582138292,1
-0.16335671040139974, 0.007345083490745077,1
0.17060629500705685, -0.21030955873243568,1
0.07844025176370877, 0.49506528392012505,1
0.3222334655190339, 0.8271476233308537,1
0.4303522144671583, -0.19854634440766275,1
0.637272835578245, -0.04251239964775976,1
0.0987568960870578, 0.12343300432848428,1
0.42428288405253084, -0.28314464424809166,1
0.975932282607472, -0.03726688532501692,1
0.7368066148294187, 0.3832125338098221,1
0.13390183247874643, 0.24928295104448686,1
0.8320554934004779, -0.2727847139159602,1
0.25398966826952224, 0.03153872372840733,1
0.733437822522188, 0.5018687103113016,1
0.8320554934004779, -0.2727847139159602,1
-0.22224114567570297, 0.32783775051791897,1
-0.15093195559360892, 0.3686708099127824,1
0.5120241479514495, 0.0584694323637811,1
-0.5450058409124616, -0.13010024380041238,1
-0.112865582623819, 0.29183244342663855,1
0.03721646592361767, 0.5559019440492412,1
0.1532230866940311, 0.4215363925544687,1
0.4345019236857018, 1.3048189483550183,1
0.48291354281186644, 0.5511718981419688,1
0.9176208080164693, -0.26964082442183174,1
0.10997833921251998, 0.14086566122940533,1
-0.2843936096703688, 0.36902341827013496,1
-0.3809626199313266, 0.06445922809132906,1
0.20403757220990607, 0.31249507207945976,1
0.0799965107998613, 0.6065063483400192,1
0.1747475320310289, 0.49919799503874956,1
0.5539196289768636, 0.7550325673762299,1
0.2976439268893067, 0.16516203797622264,1
0.7866100692409974, 0.3941009650964993,1
0.6237520394556652, 0.6021420138683844,1
-0.03932854440017096, 0.395386420114207,1
0.9294256455671266, 0.004511220022470257,1
-0.5450058409124616, -0.13010024380041244,1
1.0593141396185939, -0.03568111931318562,1
0.2060286831100092, 0.31131996489554836,1
0.5232936024930617, 0.29511110860939105,1
0.7137153069913024, 0.48360802859576973,1
0.2171209643339008, 0.08620328434207652,1
-0.46160495938725804, 0.17716606571942273,1
0.09493698373891203, 0.3002657043294699,1
-0.40333291540421035, 0.1883419513378969,1
-0.5450058409124617, -0.13010024380041244,1
-0.06321139428440992, 0.31243527109571423,1
0.5176313769901618, 0.1311753004665589,1
0.416660706906053, 0.09089742671170578,1
-0.25039621054197486, 0.45231067464753616,1
0.24558058835433944, 0.4021867820961733,1
0.11849470836144868, 0.2732839752319372,1
0.48291354281186644, 0.5511718981419688,1
-0.1403035553788145, -0.026822268514032705,1
0.8696619721303114, -0.30200057327013047,1
-0.06321139428440985, 0.31243527109571423,1
0.030173548241240956, 0.4935964254007702,1
-0.09920183150896161, 0.48776241463344094,1
0.9759322826074721, -0.03726688532501684,1
0.20753170720430344, 0.0846572480787857,1
0.7679724624151427, 0.3010562871706712,1
0.33589630326006076, 1.0136609777687153,1
-0.4463238747264145, -0.03159072070237069,1
0.401068280095098, 0.03650645557487603,1
0.9320373292779818, 0.1039594271534244,1
0.401068280095098, 0.03650645557487603,1
0.499226091315238, 0.4058358022607291,1
0.12649918307958752, 0.6923583480041774,1
-0.5450058409124615, -0.1301002438004123,1
0.8696619721303116, -0.3020005732701307,1
0.7679724624151429, 0.30105628717067134,1
-0.4881304373485127, 0.317592858413475,1
0.5349733653910538, -0.3141120029714035,1
0.49922609131523776, 0.4058358022607292,1
0.10069221811873882, 0.4480097573547934,1
-0.042553369485790506, 0.19468707098293406,1
-0.1161243239183228, 0.45187844031837016,1
0.09114348763038559, 0.3892556873377097,1
-0.2999736182558053, -0.007563673993729806,1
-0.1733252850141728, 0.3529022523684874,1
0.05662917838743546, 0.1019059698463205,1
0.3764946814561221, 0.07811765680414676,1
0.8696619721303115, -0.3020005732701305,1
-0.1485574955722838, 0.17205939053749886,1
-0.4834760607387663, 0.30149885230519924,1
0.07761853758019013, 0.2220204011288212,1
0.32343704494881054, 0.3839175078164373,1
0.9719051660639921, -0.048493129254655286,1
1.059314139618594, -0.03568111931318554,1
-0.5450058409124617, -0.13010024380041246,1
0.5823924521686314, 0.12200817227467661,1
0.0114182057717105, -0.2966684950569585,1
0.5293088660198487, 0.3943326846668392,1
0.2171209643339008, 0.08620328434207648,1
0.5349733653910539, -0.31411200297140346,1
0.20403757220990612, 0.3124950720794597,1
-0.3888632854718896, -0.014643811146031277,1
-0.3888632854718897, -0.014643811146031277,1
-0.3888632854718897, -0.014643811146031359,1
0.3242854060596017, -0.05344571524074659,1
-0.02138654196025847, -0.015176051416448986,1
-0.31259212217002624, -0.19531900079308745,1
0.5163801193749751, 0.4233184419417559,1
0.16215569596509502, -0.31076759755362743,1
0.7448971949759507, -0.02663662344034521,1
-0.06321139428440985, 0.31243527109571423,1
0.43069474426383253, 0.381415681840037,1
0.2171209643339008, 0.08620328434207647,1
0.5000512323688819, 0.08010428867247034,1
-0.02442447504607167, -0.2548629984177465,1
-0.16335671040139985, 0.007345083490745056,1
0.6805864081064957, 0.4104436139760435,1
-0.19010499268954628, -0.04186211311948449,1
0.24715709302690528, -0.0016324386349800873,1
0.11849470836144868, 0.2732839752319372,1
0.8696619721303115, -0.3020005732701305,1
0.21712096433390085, 0.08620328434207648,1
0.4992260913152379, 0.4058358022607291,1
0.8696619721303114, -0.30200057327013063,1
0.9294256455671266, 0.004511220022470174,1
0.2880208626768426, 0.40767238552379315,1
0.6805864081064962, 0.41044361397604334,1
-0.4159431235663849, 0.03134662311017627,1
0.4992260913152379, 0.40583580226072924,1
0.7305771964116444, 0.3128590446329158,1
0.3419176922232368, -0.06637645492811468,1
0.7137153069913025, 0.4836080285957699,1
0.14785067753241518, 0.8886396892806193,1
-0.4033329154042104, 0.18834195133789697,1
0.1004795311282474, 0.5832396957384645,1
-0.5450058409124616, -0.13010024380041238,1
0.06932147159511573, 0.5820308931740836,1
-0.40333291540421023, 0.18834195133789683,1
0.015324054101066228, 0.06947382606564545,1
-0.28755353519681154, 0.09744226900029966,1
-0.15093195559360878, 0.3686708099127824,1
-0.14855749557228373, 0.1720593905374989,1
-0.113473775987816, 0.5163291707400892,1
0.15326611108133284, 0.14799923357987393,1
0.8320554934004779, -0.2727847139159602,1
-0.5450058409124616, -0.13010024380041235,1
0.9294256455671265, 0.004511220022470257,1
0.13126869969912167, -0.2732952650078955,1
0.44665872298546283, 0.3985436400928312,1
0.14830723521414346, 0.17163664848332458,1
-0.3809626199313266, 0.06445922809132906,1
-0.4033329154042104, 0.18834195133789688,1
0.49922609131523776, 0.4058358022607291,1
0.12029503157627443, 0.3875293740452488,1
0.499226091315238, 0.4058358022607291,1
-0.48813043734851264, 0.3175928584134752,1
0.5823924521686317, 0.1220081722746767,1
0.9294256455671267, 0.004511220022470257,1
-0.3888632854718898, -0.014643811146031317,1
-0.45387209628727315, 0.3959652037539649,1
0.12735005601936847, 0.13915299928876124,1
-0.5450058409124616, -0.1301002438004123,1
0.7783417507897099, 0.10682383622594911,1
0.10047953112824752, 0.5832396957384642,1
-0.11151140549929116, -0.24000274635117924,1
0.4040504626191878, 0.3459324926577053,1
0.05817724617406509, -0.16242743233616525,1
0.34453695449546795, 0.3227520350241109,1
0.11941649761019167, 0.22637814428214184,1
-0.31259212217002624, -0.19531900079308745,1
0.7622905075679529, 0.23542531207978357,1
0.08833560232711028, 0.4618162842670334,1
0.054732240017999485, 0.4478190906257514,1
-0.3888632854718897, -0.014643811146031277,1
0.3439151964347519, 0.004814518033392179,1
-0.1222703126161953, 0.2872508060016007,1
0.46773194986504696, 0.18721272880084724,1
0.11941649761019173, 0.22637814428214195,1
-0.427307944643332, 0.32545637393265986,1
0.7679724624151429, 0.3010562871706712,1
-0.11956927186399077, 0.014334512572867907,1
0.6425299772397827, 0.6233890585782602,1
0.5293088660198483, 0.394332684666839,1
0.39695274421924476, 1.6788603651530731,1
0.3242854060596017, -0.053445715240746504,1
