-1.7548329839830832, 0.6334714555473983,0
0.33199244262688077, 0.27594701068772765,0
-0.7215598988909977, 0.5445167247263902,0
-0.7215598988909977, 0.5445167247263902,0
0.33199244262688077, 0.27594701068772765,0
-1.496514712710062, 0.6112327728421465,0
0.4910631470366443, 0.31543014212041764,0
-0.674715842200497, -0.1729871806593003,0
0.36473675433767566, 0.468723037716279,0
-1.728268183718375, 0.09558253337936237,0
0.38501601076346864, 0.2891080544986244,0
0.07367417135385945, 0.2981856933929795,0
-0.07859696364598631, 0.3467464637200251,0
-0.18464409991916197, 0.3204243760982318,0
-0.15189978820836705, 0.5132004031267827,0
0.6335046828055089, 0.035366339683773396,0
0.8486289851729236, 0.2314696452772231,0
-0.1517937558155394, -0.5757384850201861,0
0.8486289851729236, 0.2314696452772231,0
0.31171318620108784, 0.4555619939053822,0
-1.0489108489776753, -0.4085736176854403,0
0.33199244262688077, 0.27594701068772765,0
0.7327522496687667, -0.026355474454168415,0
0.2124656193378301, 0.5172838080433242,0
-0.8374366343951545, 0.28669160499499824,0
0.6230550256106971, 0.44648435501102635,0
1.1069472564459448, 0.20923096257197124,0
-0.41021805948138845, 0.535439085832035,0
0.07367417135385945, 0.2981856933929795,0
0.8486289851729236, 0.2314696452772231,0
-1.7345537275572902, 0.4538564723297439,0
-2.529787797802147, 0.7001875036631549,0
0.6335046828055089, 0.035366339683773396,0
-1.469949912445354, 0.07334385067411028,0
0.6230550256106971, 0.44648435501102635,0
0.12669773949044724, 0.3113467372038762,0
0.010821003986290444, 0.0535216174724842,0
0.8486289851729236, 0.2314696452772231,0
-1.728268183718375, 0.09558253337936237,0
-0.18464409991916197, 0.3204243760982318,0
-1.7548329839830832, 0.6334714555473983,0
0.8486289851729236, 0.2314696452772231,0
-1.1715737344806167, 0.7782429374672617,0
1.0440940890783759, -0.03543311334852379,0
-2.129027990760261, 0.3978850185212587,0
-0.18464409991916197, 0.3204243760982318,0
0.31171318620108784, 0.4555619939053822,0
0.33199244262688077, 0.27594701068772765,0
1.1069472564459448, 0.20923096257197124,0
-0.7905925777046535, -0.4308123003906924,0
-0.4429623711921833, 0.3426630588034837,0
-0.3898327706627678, -0.7331147855325882,0
-0.3899388030555955, 0.35582410261438036,0
-0.4429623711921833, 0.3426630588034837,0
-2.251190270103333, 0.4983338377402482,0
0.33199244262688077, 0.27594701068772765,0
0.5700314574741092, 0.4333233112001298,0
1.1069472564459448, 0.20923096257197124,0
1.1069472564459448, 0.20923096257197124,0
-1.3275083766764897, -0.20671995176253385,0
0.5700314574741092, 0.4333233112001298,0
-0.5259887625927175, -0.8113249220463261,0
-1.0754756492423827, 0.12931530448259557,0
0.5700314574741092, 0.4333233112001298,0
-1.476235456284269, 0.4316177896244918,0
0.4910631470366443, 0.31543014212041764,0
-1.476235456284269, 0.4316177896244918,0
-0.25114735507162494, 0.574922217264725,0
-0.6482570743286168, 0.37806278531963255,0
0.33199244262688077, 0.27594701068772765,0
0.6760785937472849, 0.459645398821923,0
0.8486289851729236, 0.2314696452772231,0
-0.19447369915014312, 0.08892134398863313,0
-0.6685363307544098, 0.5576777685372869,0
1.1069472564459448, 0.20923096257197124,0
-0.35719449134480064, 0.5486001296429317,0
1.1069472564459448, 0.20923096257197124,0
0.33199244262688077, 0.27594701068772765,0
0.23274487576362307, 0.3376688248256695,0
1.1069472564459448, 0.20923096257197124,0
0.6105899703256952, 0.07409334476482118,0
0.28576844390021083, 0.3508298686365662,0
-0.3041709232082128, 0.5617611734538284,0
-0.5259887625927175, -0.8113249220463261,0
0.07367417135385945, 0.2981856933929795,0
-0.07859696364598631, 0.3467464637200251,0
0.5903107138999022, 0.2537083279824758,0
0.8813732968837183, 0.4242456723057745,0
0.33199244262688077, 0.27594701068772765,0
0.5903107138999022, 0.2537083279824758,0
-0.18464409991916197, 0.3204243760982318,0
-0.4730712268489574, 0.29077500991153965,0
1.1069472564459448, 0.20923096257197124,0
-1.019302599480771, 0.7296821671402163,0
-1.7548329839830832, 0.6334714555473983,0
0.10641848306465428, 0.49096172042153086,0
0.9016525533095113, 0.2446306890881198,0
0.6433342820364901, 0.26686937179337233,0
0.5903107138999022, 0.2537083279824758,0
-1.6123914482142185, 0.3534076531107544,0
1.1069472564459448, 0.20923096257197124,0
-0.46324162761797627, 0.5222780420211383,0
0.5903107138999022, 0.2537083279824758,0
1.1069472564459448, 0.20923096257197124,0
-1.7345537275572902, 0.4538564723297439,0
0.5071782901065403, 0.1886592352796348,0
1.1069472564459448, 0.20923096257197124,0
0.9707912645159953, 0.13102082605823354,0
-1.469949912445354, 0.07334385067411028,0
0.9016525533095113, 0.2446306890881198,0
-0.9065753456016382, 0.4003014680248844,0
-0.19812378693503696, 0.5880832610756215,0
-0.3898327706627678, -0.7331147855325882,0
-0.5588391066963401, 0.08483793907209161,0
0.8486289851729236, 0.2314696452772231,0
0.17972130762703512, 0.32450778101477296,0
-0.7012806424652047, 0.3649017415087359,0
1.1069472564459448, 0.20923096257197124,0
0.8486289851729236, 0.2314696452772231,0
0.05339491492806647, 0.4778006766106342,0
-1.728268183718375, 0.09558253337936237,0
-0.15189978820836705, 0.5132004031267827,0
0.2124656193378301, 0.5172838080433242,0
-0.7012806424652047, 0.3649017415087359,0
1.1069472564459448, 0.20923096257197124,0
-0.4730712268489574, 0.29077500991153965,0
1.1069472564459448, 0.20923096257197124,0
-0.4429623711921833, 0.3426630588034837,0
0.12669773949044724, 0.3113467372038762,0
-1.3275083766764897, -0.20671995176253385,0
0.5700314574741092, 0.4333233112001298,0
1.1069472564459448, 0.20923096257197124,0
-1.6123914482142185, 0.3534076531107544,0
-1.4496706560195611, -0.10627113254354427,0
1.0866680000201518, 0.38884594578962606,0
1.1069472564459448, 0.20923096257197124,0
0.12669773949044724, 0.3113467372038762,0
-0.18464409991916197, 0.3204243760982318,0
0.05339491492806647, 0.4778006766106342,0
-0.3041709232082128, 0.5617611734538284,0
0.33199244262688077, 0.27594701068772765,0
-1.728268183718375, 0.09558253337936237,0
-0.9631429691302924, -0.20263654684599225,0
0.4380395789000566, 0.302269098309521,0
-0.4429623711921833, 0.3426630588034837,0
0.15944205120124214, 0.5041227642324276,0
0.41168684342100403, -1.3377197558163807,0
0.5903107138999022, 0.2537083279824758,0
0.15944205120124214, 0.5041227642324276,0
0.9910705209417882, -0.04859415715942045,0
1.2493887922148095, -0.07083283986467298,0
-2.013151255256104, 0.6557101382526506,0
0.5399226018173352, 0.38143526230818603,0
-0.3899388030555955, 0.35582410261438036,0
0.33199244262688077, 0.27594701068772765,0
-0.2049233563449549, 0.5000393593158861,0
0.41776032247426365, 0.48188408152717555,0
0.12669773949044724, 0.3113467372038762,0
-0.18464409991916197, 0.3204243760982318,0
-0.7012806424652047, 0.3649017415087359,0
-1.7548329839830832, 0.6334714555473983,0
-0.9268546020274312, 0.5799164512425391,0
-0.15189978820836705, 0.5132004031267827,0
-0.5259887625927175, -0.8113249220463261,0
0.8486289851729236, 0.2314696452772231,0
1.1069472564459448, 0.20923096257197124,0
1.0440940890783759, -0.03543311334852379,0
-0.668430298361582, -0.5312611196096819,0
0.8283497287471306, 0.4110846284948778,0
1.0866680000201518, 0.38884594578962606,0
-0.7012806424652047, 0.3649017415087359,0
-0.18464409991916197, 0.3204243760982318,0
-0.6685363307544098, 0.5576777685372869,0
-0.7215598988909977, 0.5445167247263902,0
0.6963578501730778, 0.280030415604269,0
-0.9798781701640189, 0.5667554074316425,0
-0.18464409991916197, 0.3204243760982318,0
-1.3275083766764897, -0.20671995176253385,0
-0.4730712268489574, 0.29077500991153965,0
0.6963578501730778, 0.280030415604269,0
0.7452173049537688, 0.3460355357920367,0
-0.41021805948138845, 0.535439085832035,0
-1.2179171850112473, 0.40937910691923984,0
-0.19447369915014312, 0.08892134398863313,0
-0.46324162761797627, 0.5222780420211383,0
-1.582163140753484, 0.8490423904995592,0
-0.4429623711921833, 0.3426630588034837,0
-1.0754756492423827, 0.12931530448259557,0
0.5071782901065403, 0.1886592352796348,0
-1.9928719988303112, 0.4760951550349961,0
-0.9595989137382261, 0.38714042421398787,0
0.8283497287471306, 0.4110846284948778,0
0.060194484337984466, 0.5658445783703693,0
-0.3898327706627678, -0.7331147855325882,0
0.8486289851729236, 0.2314696452772231,0
0.36473675433767566, 0.468723037716279,0
-0.9798781701640189, 0.5667554074316425,0
0.8283497287471306, 0.4110846284948778,0
-0.9595989137382261, 0.38714042421398787,0
0.38501601076346864, 0.2891080544986244,0
-0.41021805948138845, 0.535439085832035,0
-1.2381964414370403, 0.5889940901368942,0
-0.3041709232082128, 0.5617611734538284,0
-0.30052083542331876, 0.06259925636683975,0
-0.46324162761797627, 0.5222780420211383,0
0.05339491492806647, 0.4778006766106342,0
-0.18464409991916197, 0.3204243760982318,0
-0.5094656263446462, 0.5971608999699769,0
1.1069472564459448, 0.20923096257197124,0
0.5700314574741092, 0.4333233112001298,0
0.6963578501730778, 0.280030415604269,0
0.4380395789000566, 0.302269098309521,0
0.9016525533095113, 0.2446306890881198,0
-1.728268183718375, 0.09558253337936237,0
1.1069472564459448, 0.20923096257197124,0
0.8486289851729236, 0.2314696452772231,0
0.07367417135385945, 0.2981856933929795,0
-2.013151255256104, 0.6557101382526506,0
0.07367417135385945, 0.2981856933929795,0
-0.3041709232082128, 0.5617611734538284,0
-0.3898327706627678, -0.7331147855325882,0
0.31171318620108784, 0.4555619939053822,0
-0.4429623711921833, 0.3426630588034837,0
-1.3275083766764897, -0.20671995176253385,0
0.33199244262688077, 0.27594701068772765,0
0.31171318620108784, 0.4555619939053822,0
0.33199244262688077, 0.27594701068772765,0
-1.0754756492423827, 0.12931530448259557,0
-0.19812378693503696, 0.5880832610756215,0
-0.9595989137382261, 0.38714042421398787,0
-1.3010496088046093, 0.34433001421639875,0
0.007170916201396649, 0.5526835345594727,0
0.6230550256106971, 0.44648435501102635,0
-0.3898327706627678, -0.7331147855325882,0
0.31171318620108784, 0.4555619939053822,0
0.5700314574741092, 0.4333233112001298,0
0.5176279473013521, -0.22245878004761854,0
-0.608713193207904, 0.658882714107919,0
0.8813732968837183, 0.4242456723057745,0
0.33199244262688077, 0.27594701068772765,0
-0.8171573779693615, 0.10707662177734392,0
-1.042731337531588, 0.3220913315111471,0
-1.87070971948724, 0.3756463358160066,0
-1.1913523847465397, -0.12850981524879612,0
-0.9595989137382261, 0.38714042421398787,0
0.31171318620108784, 0.4555619939053822,0
-0.9798781701640189, 0.5667554074316425,0
-0.33691523491900766, 0.368985146425277,0
-0.6685363307544098, 0.5576777685372869,0
0.6230550256106971, 0.44648435501102635,0
-2.271469526529126, 0.6779488209579028,0
0.4380395789000566, 0.302269098309521,0
0.31171318620108784, 0.4555619939053822,0
-0.4429623711921833, 0.3426630588034837,0
-0.4429623711921833, 0.3426630588034837,0
-0.8171573779693615, 0.10707662177734392,0
-2.529787797802147, 0.7001875036631549,0
1.1069472564459448, 0.20923096257197124,0
-0.15189978820836705, 0.5132004031267827,0
0.05339491492806647, 0.4778006766106342,0
0.23274487576362307, 0.3376688248256695,0
0.5071782901065403, 0.1886592352796348,0
-0.18464409991916197, 0.3204243760982318,0
0.8283497287471306, 0.4110846284948778,0
-0.7844130662585665, 0.2998526488058948,0
0.5700314574741092, 0.4333233112001298,0
-0.41021805948138845, 0.535439085832035,0
0.36473675433767566, 0.468723037716279,0
-0.32080009184911173, 0.24221423958449403,0
0.5700314574741092, 0.4333233112001298,0
-0.25114735507162494, 0.574922217264725,0
1.0866680000201518, 0.38884594578962606,0
0.9016525533095113, 0.2446306890881198,0
-0.009458252439502522, 0.23313660069013886,0
0.12669773949044724, 0.3113467372038762,0
0.07367417135385945, 0.2981856933929795,0
-1.2116316411723327, 0.051105167968858306,0
-0.674715842200497, -0.1729871806593003,0
0.8813732968837183, 0.4242456723057745,0
-2.129027990760261, 0.3978850185212587,0
-0.7012806424652047, 0.3649017415087359,0
0.8486289851729236, 0.2314696452772231,0
-0.4429623711921833, 0.3426630588034837,0
-0.3898327706627678, -0.7331147855325882,0
0.8185201295161495, 0.17958159638527946,0
-0.41011202708856076, -0.5534998023149338,0
0.12669773949044724, 0.3113467372038762,0
0.12669773949044724, 0.3113467372038762,0
-1.469949912445354, 0.07334385067411028,0
-0.24749726728673097, 0.07576030017773644,0
0.38501601076346864, 0.2891080544986244,0
0.36473675433767566, 0.468723037716279,0
0.9707912645159953, 0.13102082605823354,0
0.2124656193378301, 0.5172838080433242,0
-0.579118363122133, 0.26445292228974626,0
0.4707838906108513, 0.4950451253380722,0
-0.2049233563449549, 0.5000393593158861,0
0.6433342820364901, 0.26686937179337233,0
0.9016525533095113, 0.2446306890881198,0
0.17972130762703512, 0.32450778101477296,0
-1.9928719988303112, 0.4760951550349961,0
-1.476235456284269, 0.4316177896244918,0
-1.2381964414370403, 0.5889940901368942,0
-2.013151255256104, 0.6557101382526506,0
0.38501601076346864, 0.2891080544986244,0
0.7327522496687667, -0.026355474454168415,0
0.5903107138999022, 0.2537083279824758,0
-0.3899388030555955, 0.35582410261438036,0
0.31171318620108784, 0.4555619939053822,0
0.33199244262688077, 0.27594701068772765,0
-0.35719449134480064, 0.5486001296429317,0
-0.5422099380554413, 0.4043848729414259,0
0.36473675433767566, 0.468723037716279,0
1.682998943360318, -1.2692981861249866,0
0.33199244262688077, 0.27594701068772765,0
0.4910631470366443, 0.31543014212041764,0
-0.8108718341304466, -0.25119731717303795,0
1.1069472564459448, 0.20923096257197124,0
-0.9595989137382261, 0.38714042421398787,0
0.38501601076346864, 0.2891080544986244,0
-0.2049233563449549, 0.5000393593158861,0
-0.13162053178257413, 0.3335854199091285,0
-0.9268546020274312, 0.5799164512425391,0
1.2493887922148095, -0.07083283986467298,0
-1.2179171850112473, 0.40937910691923984,0
-0.8108718341304466, -0.25119731717303795,0
-0.33691523491900766, 0.368985146425277,0
-0.4429623711921833, 0.3426630588034837,0
0.41776032247426365, 0.48188408152717555,0
0.31171318620108784, 0.4555619939053822,0
-1.87070971948724, 0.3756463358160066,0
0.8283497287471306, 0.4110846284948778,0
0.9016525533095113, 0.2446306890881198,0
0.7654965613795617, 0.16642055257438276,0
0.33199244262688077, 0.27594701068772765,0
0.8486289851729236, 0.2314696452772231,0
-2.129027990760261, 0.3978850185212587,0
-0.674715842200497, -0.1729871806593003,0
-0.19812378693503696, 0.5880832610756215,0
0.010927036379118127, -1.0354172706744846,0
0.9016525533095113, 0.2446306890881198,0
-0.13162053178257413, 0.3335854199091285,0
-0.4429623711921833, 0.3426630588034837,0
0.5071782901065403, 0.1886592352796348,0
-0.32080009184911173, 0.24221423958449403,0
0.5903107138999022, 0.2537083279824758,0
0.36473675433767566, 0.468723037716279,0
-0.15189978820836705, 0.5132004031267827,0
1.1132328002848597, -0.14904297637841002,0
1.0866680000201518, 0.38884594578962606,0
0.5903107138999022, 0.2537083279824758,0
-1.7548329839830832, 0.6334714555473983,0
0.8486289851729236, 0.2314696452772231,0
-0.45644205820805833, 0.6103219437808735,0
-0.15189978820836705, 0.5132004031267827,0
-0.9268546020274312, 0.5799164512425391,0
-0.7012806424652047, 0.3649017415087359,0
0.05339491492806647, 0.4778006766106342,0
-0.18464409991916197, 0.3204243760982318,0
0.38501601076346864, 0.2891080544986244,0
0.6760785937472849, 0.459645398821923,0
0.010927036379118127, -1.0354172706744846,0
-1.3275083766764897, -0.20671995176253385,0
-1.2179171850112473, 0.40937910691923984,0
-2.013151255256104, 0.6557101382526506,0
-0.615512762617822, 0.5708388123481836,0
0.5700314574741092, 0.4333233112001298,0
-1.3540731769411973, 0.3311689704055023,0
-0.41639757092747565, -0.19522586336455228,0
0.38501601076346864, 0.2891080544986244,0
-1.0957549056681757, 0.30893028770025033,0
1.1069472564459448, 0.20923096257197124,0
0.6433342820364901, 0.26686937179337233,0
-0.8171573779693615, 0.10707662177734392,0
-1.0754756492423827, 0.12931530448259557,0
-2.129027990760261, 0.3978850185212587,0
-1.2179171850112473, 0.40937910691923984,0
0.07367417135385945, 0.2981856933929795,0
-1.559367880077631, 0.36656869692165106,0
0.07367417135385945, 0.2981856933929795,0
1.1069472564459448, 0.20923096257197124,0
0.5903107138999022, 0.2537083279824758,0
-1.1913523847465397, -0.12850981524879612,0
0.33199244262688077, 0.27594701068772765,0
0.6230550256106971, 0.44648435501102635,0
-0.3041709232082128, 0.5617611734538284,0
-0.15189978820836705, 0.5132004031267827,0
1.0440940890783759, -0.03543311334852379,0
-0.24749726728673097, 0.07576030017773644,0
0.5903107138999022, 0.2537083279824758,0
-0.2049233563449549, 0.5000393593158861,0
0.7124729932429738, 0.15325950876348612,0
-0.32080009184911173, 0.24221423958449403,0
-1.3275083766764897, -0.20671995176253385,0
-2.271469526529126, 0.6779488209579028,0
0.7327522496687667, -0.026355474454168415,0
-0.2049233563449549, 0.5000393593158861,0
1.1069472564459448, 0.20923096257197124,0
0.060194484337984466, 0.5658445783703693,0
0.31171318620108784, 0.4555619939053822,0
-0.2049233563449549, 0.5000393593158861,0
0.6433342820364901, 0.26686937179337233,0
-2.271469526529126, 0.6779488209579028,0
0.4910631470366443, 0.31543014212041764,0
0.15944205120124214, 0.5041227642324276,0
-0.18464409991916197, 0.3204243760982318,0
0.7124729932429738, 0.15325950876348612,0
-0.46324162761797627, 0.5222780420211383,0
-0.4429623711921833, 0.3426630588034837,0
0.8813732968837183, 0.4242456723057745,0
0.4868990336807473, 0.36827421849728936,0
0.33199244262688077, 0.27594701068772765,0
1.1069472564459448, 0.20923096257197124,0
-0.3898327706627678, -0.7331147855325882,0
-0.32080009184911173, 0.24221423958449403,0
-0.41021805948138845, 0.535439085832035,0
0.12669773949044724, 0.3113467372038762,0
-0.953313369899311, 0.028866485263605995,0
0.8813732968837183, 0.4242456723057745,0
0.36473675433767566, 0.468723037716279,0
0.6433342820364901, 0.26686937179337233,0
-0.9595989137382261, 0.38714042421398787,0
-1.469949912445354, 0.07334385067411028,0
0.5071782901065403, 0.1886592352796348,0
-0.9595989137382261, 0.38714042421398787,0
0.5700314574741092, 0.4333233112001298,0
-1.0754756492423827, 0.12931530448259557,0
0.36473675433767566, 0.468723037716279,0
-1.3275083766764897, -0.20671995176253385,0
0.33199244262688077, 0.27594701068772765,0
0.41776032247426365, 0.48188408152717555,0
-0.30052083542331876, 0.06259925636683975,0
0.05339491492806647, 0.4778006766106342,0
-1.3010496088046093, 0.34433001421639875,0
0.12669773949044724, 0.3113467372038762,0
-0.5525535628574253, -0.2734359998782899,0
0.5700314574741092, 0.4333233112001298,0
0.38501601076346864, 0.2891080544986244,0
-1.9928719988303112, 0.4760951550349961,0
-0.5259887625927175, -0.8113249220463261,0
-0.4429623711921833, 0.3426630588034837,0
1.1069472564459448, 0.20923096257197124,0
0.8185201295161495, 0.17958159638527946,0
0.5700314574741092, 0.4333233112001298,0
0.6760785937472849, 0.459645398821923,0
0.6433342820364901, 0.26686937179337233,0
-1.2179171850112473, 0.40937910691923984,0
0.5700314574741092, 0.4333233112001298,0
-1.7345537275572902, 0.4538564723297439,0
0.14961245197026107, 0.2726197321228288,0
-0.7012806424652047, 0.3649017415087359,0
0.4079307232432825, 0.2503810494175766,0
-0.025573395509398522, 0.3599075075309218,0
0.23274487576362307, 0.3376688248256695,0
-1.87070971948724, 0.3756463358160066,0
0.8486289851729236, 0.2314696452772231,0
0.33199244262688077, 0.27594701068772765,0
0.533743090371248, -0.3492296868884015,0
-2.271469526529126, 0.6779488209579028,0
-0.3898327706627678, -0.7331147855325882,0
-0.9595989137382261, 0.38714042421398787,0
0.060194484337984466, 0.5658445783703693,0
-1.2381964414370403, 0.5889940901368942,0
0.8486289851729236, 0.2314696452772231,0
0.08047374076377745, 0.38622959515271493,0
0.7654965613795617, 0.16642055257438276,0
-0.45644205820805833, 0.6103219437808735,0
-0.9595989137382261, 0.38714042421398787,0
-0.18464409991916197, 0.3204243760982318,0
-1.476235456284269, 0.4316177896244918,0
-1.7548329839830832, 0.6334714555473983,0
-0.7905925777046535, -0.4308123003906924,0
-1.496514712710062, 0.6112327728421465,0
0.10641848306465428, 0.49096172042153086,0
0.38501601076346864, 0.2891080544986244,0
0.7327522496687667, -0.026355474454168415,0
-1.728268183718375, 0.09558253337936237,0
-0.13162053178257413, 0.3335854199091285,0
-0.4429623711921833, 0.3426630588034837,0
-0.45644205820805833, 0.6103219437808735,0
0.41776032247426365, 0.48188408152717555,0
0.8813732968837183, 0.4242456723057745,0
-1.476235456284269, 0.4316177896244918,0
0.5700314574741092, 0.4333233112001298,0
0.23274487576362307, 0.3376688248256695,0
1.398115871822589, -0.7091705812516984,0
0.5700314574741092, 0.4333233112001298,0
0.8486289851729236, 0.2314696452772231,0
1.1069472564459448, 0.20923096257197124,0
0.7124729932429738, 0.15325950876348612,0
0.8387993859419425, -3.338683237510964e-05,0
-1.728268183718375, 0.09558253337936237,0
0.5903107138999022, 0.2537083279824758,0
-1.7079889272925823, -0.08403244983829218,0
-0.3041709232082128, 0.5617611734538284,0
-2.013151255256104, 0.6557101382526506,0
0.6230550256106971, 0.44648435501102635,0
-0.3899388030555955, 0.35582410261438036,0
-0.18464409991916197, 0.3204243760982318,0
-1.728268183718375, 0.09558253337936237,0
0.6230550256106971, 0.44648435501102635,0
-2.129027990760261, 0.3978850185212587,0
-0.4429623711921833, 0.3426630588034837,0
-1.3275083766764897, -0.20671995176253385,0
1.0866680000201518, 0.38884594578962606,0
1.682998943360318, -1.2692981861249866,0
0.05339491492806647, 0.4778006766106342,0
-2.271469526529126, 0.6779488209579028,0
0.31171318620108784, 0.4555619939053822,0
-0.13162053178257413, 0.3335854199091285,0
-1.87070971948724, 0.3756463358160066,0
0.36473675433767566, 0.468723037716279,0
-0.18464409991916197, 0.3204243760982318,0
1.682998943360318, -1.2692981861249866,0
-1.3275083766764897, -0.20671995176253385,0
1.1069472564459448, 0.20923096257197124,0
-1.2381964414370403, 0.5889940901368942,0
-0.9631429691302924, -0.20263654684599225,0
0.24886001883351885, 0.2108979179848866,0
-0.2049233563449549, 0.5000393593158861,0
0.8486289851729236, 0.2314696452772231,0
0.6230550256106971, 0.44648435501102635,0
-0.953313369899311, 0.028866485263605995,0
0.7124729932429738, 0.15325950876348612,0
0.6230550256106971, 0.44648435501102635,0
0.5903107138999022, 0.2537083279824758,0
1.1069472564459448, 0.20923096257197124,0
0.12669773949044724, 0.3113467372038762,0
0.24896605122634663, -0.8780409701620823,0
-0.28389166678241984, 0.3821461902361737,0
0.5903107138999022, 0.2537083279824758,0
0.07367417135385945, 0.2981856933929795,0
0.6963578501730778, 0.280030415604269,0
-1.87070971948724, 0.3756463358160066,0
1.1069472564459448, 0.20923096257197124,0
0.7327522496687667, -0.026355474454168415,0
-1.3540731769411973, 0.3311689704055023,0
-0.18464409991916197, 0.3204243760982318,0
-1.7345537275572902, 0.4538564723297439,0
0.6636135384622831, 0.08725438857571777,0
-0.18464409991916197, 0.3204243760982318,0
0.5700314574741092, 0.4333233112001298,0
1.0440940890783759, -0.03543311334852379,0
1.1069472564459448, 0.20923096257197124,0
-0.8171573779693615, 0.10707662177734392,0
-1.469949912445354, 0.07334385067411028,0
-0.40341849007147057, 0.6234829875917702,0
0.9016525533095113, 0.2446306890881198,0
-0.7215598988909977, 0.5445167247263902,0
0.07367417135385945, 0.2981856933929795,0
0.5700314574741092, 0.4333233112001298,0
0.5700314574741092, 0.4333233112001298,0
-0.46324162761797627, 0.5222780420211383,0
-1.559367880077631, 0.36656869692165106,0
0.12669773949044724, 0.3113467372038762,0
0.2124656193378301, 0.5172838080433242,0
-0.30052083542331876, 0.06259925636683975,0
0.060194484337984466, 0.5658445783703693,0
-0.7012806424652047, 0.3649017415087359,0
-2.529787797802147, 0.7001875036631549,0
-0.7578482659938588, -0.23803627336214103,0
0.5700314574741092, 0.4333233112001298,0
-0.19447369915014312, 0.08892134398863313,0
0.6230550256106971, 0.44648435501102635,0
1.0440940890783759, -0.03543311334852379,0
0.05339491492806647, 0.4778006766106342,0
-0.15189978820836705, 0.5132004031267827,0
-0.2049233563449549, 0.5000393593158861,0
0.8813732968837183, 0.4242456723057745,0
0.38501601076346864, 0.2891080544986244,0
0.8486289851729236, 0.2314696452772231,0
0.4380395789000566, 0.302269098309521,0
-0.5952335061920291, 0.3912238291305292,0
1.1069472564459448, 0.20923096257197124,0
-0.025573395509398522, 0.3599075075309218,0
-0.26767049131969617, -0.8335636047515779,0
0.8486289851729236, 0.2314696452772231,0
-1.3540731769411973, 0.3311689704055023,0
0.9016525533095113, 0.2446306890881198,0
0.7654965613795617, 0.16642055257438276,0
-1.6123914482142185, 0.3534076531107544,0
0.5338491227640756, -1.4381685750353703,0
-1.7345537275572902, 0.4538564723297439,0
0.7327522496687667, -0.026355474454168415,0
0.15944205120124214, 0.5041227642324276,0
1.0440940890783759, -0.03543311334852379,0
-1.7079889272925823, -0.08403244983829218,0
0.4910631470366443, 0.31543014212041764,0
0.41776032247426365, 0.48188408152717555,0
-0.26767049131969617, -0.8335636047515779,0
-0.7215598988909977, 0.5445167247263902,0
1.1069472564459448, 0.20923096257197124,0
-0.615512762617822, 0.5708388123481836,0
-1.476235456284269, 0.4316177896244918,0
0.5700314574741092, 0.4333233112001298,0
-1.469949912445354, 0.07334385067411028,0
0.12669773949044724, 0.3113467372038762,0
-0.15189978820836705, 0.5132004031267827,0
0.7654965613795617, 0.16642055257438276,0
-1.87070971948724, 0.3756463358160066,0
-1.476235456284269, 0.4316177896244918,0
0.060194484337984466, 0.5658445783703693,0
1.1069472564459448, 0.20923096257197124,0
0.33199244262688077, 0.27594701068772765,0
-0.674715842200497, -0.1729871806593003,0
-0.13162053178257413, 0.3335854199091285,0
0.33199244262688077, 0.27594701068772765,0
-2.529787797802147, 0.7001875036631549,0
0.13308931572218963, -1.135866089893474,0
-0.7578482659938588, -0.23803627336214103,0
-2.013151255256104, 0.6557101382526506,0
0.31171318620108784, 0.4555619939053822,0
-1.9928719988303112, 0.4760951550349961,0
-2.129027990760261, 0.3978850185212587,0
0.31171318620108784, 0.4555619939053822,0
0.07367417135385945, 0.2981856933929795,0
-0.7215598988909977, 0.5445167247263902,0
0.41168684342100403, -1.3377197558163807,0
0.4541547219699524, 0.17549819146873805,0
-2.529787797802147, 0.7001875036631549,0
-0.30052083542331876, 0.06259925636683975,0
-1.9928719988303112, 0.4760951550349961,0
0.8813732968837183, 0.4242456723057745,0
-0.3898327706627678, -0.7331147855325882,0
0.6230550256106971, 0.44648435501102635,0
0.5700314574741092, 0.4333233112001298,0
-0.9798781701640189, 0.5667554074316425,0
0.41168684342100403, -1.3377197558163807,0
-2.129027990760261, 0.3978850185212587,0
1.682998943360318, -1.2692981861249866,0
-0.8862960891758452, 0.22068648480723008,0
0.5700314574741092, 0.4333233112001298,0
0.05339491492806647, 0.4778006766106342,0
0.6433342820364901, 0.26686937179337233,0
0.07367417135385945, 0.2981856933929795,0
-0.953313369899311, 0.028866485263605995,0
0.6963578501730778, 0.280030415604269,0
0.5700314574741092, 0.4333233112001298,0
0.5700314574741092, 0.4333233112001298,0
-0.3898327706627678, -0.7331147855325882,0
-1.7345537275572902, 0.4538564723297439,0
0.41776032247426365, 0.48188408152717555,0
0.23274487576362307, 0.3376688248256695,0
0.38501601076346864, 0.2891080544986244,0
1.0866680000201518, 0.38884594578962606,0
0.5903107138999022, 0.2537083279824758,0
0.36473675433767566, 0.468723037716279,0
-0.25114735507162494, 0.574922217264725,0
-2.013151255256104, 0.6557101382526506,0
0.6963578501730778, 0.280030415604269,0
-0.18464409991916197, 0.3204243760982318,0
0.5903107138999022, 0.2537083279824758,0
0.5903107138999022, 0.2537083279824758,0
0.10641848306465428, 0.49096172042153086,0
-1.4496706560195611, -0.10627113254354427,0
-0.4429623711921833, 0.3426630588034837,0
-0.07859696364598631, 0.3467464637200251,0
-1.6123914482142185, 0.3534076531107544,0
0.6963578501730778, 0.280030415604269,0
-1.4496706560195611, -0.10627113254354427,0
-1.7345537275572902, 0.4538564723297439,0
-0.9330341134735181, -0.15074849795404832,0
-0.2049233563449549, 0.5000393593158861,0
0.5903107138999022, 0.2537083279824758,0
0.36473675433767566, 0.468723037716279,0
-0.7215598988909977, 0.5445167247263902,0
-1.6123914482142185, 0.3534076531107544,0
0.5903107138999022, 0.2537083279824758,0
0.5071782901065403, 0.1886592352796348,0
-0.9798781701640189, 0.5667554074316425,0
0.41776032247426365, 0.48188408152717555,0
-0.26777652371252386, 0.25537528339539073,0
-0.6685363307544098, 0.5576777685372869,0
0.05339491492806647, 0.4778006766106342,0
0.8486289851729236, 0.2314696452772231,0
0.7654965613795617, 0.16642055257438276,0
-1.453320743804455, 0.39289078454344456,0
0.7124729932429738, 0.15325950876348612,0
0.15944205120124214, 0.5041227642324276,0
0.5700314574741092, 0.4333233112001298,0
0.4282099796690755, 0.07076606619992232,0
1.1069472564459448, 0.20923096257197124,0
-0.4429623711921833, 0.3426630588034837,0
-1.1715737344806167, 0.7782429374672617,0
-0.9798781701640189, 0.5667554074316425,0
-0.3040648908153851, -0.5271777146931406,0
0.5903107138999022, 0.2537083279824758,0
0.36473675433767566, 0.468723037716279,0
1.1069472564459448, 0.20923096257197124,0
0.36473675433767566, 0.468723037716279,0
0.8813732968837183, 0.4242456723057745,0
0.24886001883351885, 0.2108979179848866,0
-0.9065753456016382, 0.4003014680248844,0
0.6230550256106971, 0.44648435501102635,0
0.5903107138999022, 0.2537083279824758,0
0.36473675433767566, 0.468723037716279,0
-0.2049233563449549, 0.5000393593158861,0
0.4380395789000566, 0.302269098309521,0
-0.46324162761797627, 0.5222780420211383,0
0.5700314574741092, 0.4333233112001298,0
0.22858076240772587, 0.39051290120254123,0
-0.23086809864583197, 0.39530723404707035,0
-0.3898327706627678, -0.7331147855325882,0
0.6963578501730778, 0.280030415604269,0
0.8486289851729236, 0.2314696452772231,0
-1.2214612404033138, -0.1803978641407405,0
0.05339491492806647, 0.4778006766106342,0
-0.9595989137382261, 0.38714042421398787,0
0.07367417135385945, 0.2981856933929795,0
0.5700314574741092, 0.4333233112001298,0
-0.2049233563449549, 0.5000393593158861,0
0.05339491492806647, 0.4778006766106342,0
0.5700314574741092, 0.4333233112001298,0
1.1397976005495674, -0.6869318985464462,0
-0.32080009184911173, 0.24221423958449403,0
-1.042731337531588, 0.3220913315111471,0
-1.3337939205154044, 0.15155398718784788,0
0.8813732968837183, 0.4242456723057745,0
-0.5322743064316323, -0.45305098309594427,0
-0.3899388030555955, 0.35582410261438036,0
-2.788106069075168, 0.7224261863684065,0
-0.7641338098327737, 0.1202376655882405,0
0.5903107138999022, 0.2537083279824758,0
0.8486289851729236, 0.2314696452772231,0
0.7124729932429738, 0.15325950876348612,0
0.4380395789000566, 0.302269098309521,0
0.10641848306465428, 0.49096172042153086,0
-1.476235456284269, 0.4316177896244918,0
-0.46324162761797627, 0.5222780420211383,0
-2.013151255256104, 0.6557101382526506,0
-0.4429623711921833, 0.3426630588034837,0
0.5903107138999022, 0.2537083279824758,0
-0.3899388030555955, 0.35582410261438036,0
0.5700314574741092, 0.4333233112001298,0
-1.0754756492423827, 0.12931530448259557,0
1.1132328002848597, -0.14904297637841002,0
0.31171318620108784, 0.4555619939053822,0
0.5071782901065403, 0.1886592352796348,0
-2.129027990760261, 0.3978850185212587,0
-1.443491144573474, 0.624393816653043,0
0.28576844390021083, 0.3508298686365662,0
-0.19812378693503696, 0.5880832610756215,0
0.8486289851729236, 0.2314696452772231,0
-0.3898327706627678, -0.7331147855325882,0
0.5700314574741092, 0.4333233112001298,0
-0.953313369899311, 0.028866485263605995,0
-0.2049233563449549, 0.5000393593158861,0
0.5903107138999022, 0.2537083279824758,0
-0.04585265193519139, 0.5395224907485762,0
0.6335046828055089, 0.035366339683773396,0
-0.18464409991916197, 0.3204243760982318,0
0.4541547219699524, 0.17549819146873805,0
1.1069472564459448, 0.20923096257197124,0
0.3382779864657956, -0.08232692826265393,0
0.5903107138999022, 0.2537083279824758,0
-2.013151255256104, 0.6557101382526506,0
-1.2381964414370403, 0.5889940901368942,0
0.12669773949044724, 0.3113467372038762,0
1.1069472564459448, 0.20923096257197124,0
1.1069472564459448, 0.20923096257197124,0
-0.32080009184911173, 0.24221423958449403,0
-0.9268546020274312, 0.5799164512425391,0
-0.18464409991916197, 0.3204243760982318,0
0.2124656193378301, 0.5172838080433242,0
0.4541547219699524, 0.17549819146873805,0
0.36473675433767566, 0.468723037716279,0
0.5071782901065403, 0.1886592352796348,0
0.05339491492806647, 0.4778006766106342,0
0.8486289851729236, 0.2314696452772231,0
-0.579118363122133, 0.26445292228974626,0
0.8486289851729236, 0.2314696452772231,0
-0.15189978820836705, 0.5132004031267827,0
0.9016525533095113, 0.2446306890881198,0
0.23274487576362307, 0.3376688248256695,0
-0.13162053178257413, 0.3335854199091285,0
-1.6123914482142185, 0.3534076531107544,0
-0.15189978820836705, 0.5132004031267827,0
0.8486289851729236, 0.2314696452772231,0
0.36473675433767566, 0.468723037716279,0
1.1069472564459448, 0.20923096257197124,0
-2.129027990760261, 0.3978850185212587,0
-1.469949912445354, 0.07334385067411028,0
-0.9595989137382261, 0.38714042421398787,0
0.7124729932429738, 0.15325950876348612,0
-0.09887622007177924, 0.5263614469376794,0
-0.6949950986262899, 0.006627802558354351,0
-0.579118363122133, 0.26445292228974626,0
-0.4429623711921833, 0.3426630588034837,0
0.5700314574741092, 0.4333233112001298,0
-0.2049233563449549, 0.5000393593158861,0
-1.7548329839830832, 0.6334714555473983,0
0.027450172627189406, 0.3730685513418184,0
-0.7215598988909977, 0.5445167247263902,0
0.007170916201396649, 0.5526835345594727,0
0.07367417135385945, 0.2981856933929795,0
-1.4496706560195611, -0.10627113254354427,0
-0.6482570743286168, 0.37806278531963255,0
-1.2179171850112473, 0.40937910691923984,0
0.5700314574741092, 0.4333233112001298,0
-0.41011202708856076, -0.5534998023149338,0
-0.2049233563449549, 0.5000393593158861,0
-0.4429623711921833, 0.3426630588034837,0
0.36473675433767566, 0.468723037716279,0
0.31171318620108784, 0.4555619939053822,0
-0.18464409991916197, 0.3204243760982318,0
0.5700314574741092, 0.4333233112001298,0
0.7124729932429738, 0.15325950876348612,0
0.10641848306465428, 0.49096172042153086,0
-0.15189978820836705, 0.5132004031267827,0
0.33199244262688077, 0.27594701068772765,0
-0.24749726728673097, 0.07576030017773644,0
0.6963578501730778, 0.280030415604269,0
0.31171318620108784, 0.4555619939053822,0
1.1069472564459448, 0.20923096257197124,0
-0.45644205820805833, 0.6103219437808735,0
0.38501601076346864, 0.2891080544986244,0
0.6963578501730778, 0.280030415604269,0
0.10641848306465428, 0.49096172042153086,0
-0.07859696364598631, 0.3467464637200251,0
-1.1851728733004527, 0.6021551339477911,0
1.1069472564459448, 0.20923096257197124,0
-1.9928719988303112, 0.4760951550349961,0
-0.4429623711921833, 0.3426630588034837,0
0.6230550256106971, 0.44648435501102635,0
-0.46324162761797627, 0.5222780420211383,0
-0.7012806424652047, 0.3649017415087359,0
-0.9330341134735181, -0.15074849795404832,0
-0.3898327706627678, -0.7331147855325882,0
-1.2381964414370403, 0.5889940901368942,0
-0.15189978820836705, 0.5132004031267827,0
0.05339491492806647, 0.4778006766106342,0
-0.5322743064316323, -0.45305098309594427,0
0.8486289851729236, 0.2314696452772231,0
0.6335046828055089, 0.035366339683773396,0
-0.1517937558155394, -0.5757384850201861,0
-0.4730712268489574, 0.29077500991153965,0
0.05339491492806647, 0.4778006766106342,0
0.4380395789000566, 0.302269098309521,0
-0.5463740514113382, 0.4572289493182973,0
0.41776032247426365, 0.48188408152717555,0
0.5700314574741092, 0.4333233112001298,0
-0.46324162761797627, 0.5222780420211383,0
1.1069472564459448, 0.20923096257197124,0
-2.529787797802147, 0.7001875036631549,0
0.5071782901065403, 0.1886592352796348,0
-0.6482570743286168, 0.37806278531963255,0
-0.7215598988909977, 0.5445167247263902,0
-1.3275083766764897, -0.20671995176253385,0
0.9016525533095113, 0.2446306890881198,0
-0.6685363307544098, 0.5576777685372869,0
-0.4429623711921833, 0.3426630588034837,0
0.33199244262688077, 0.27594701068772765,0
0.5700314574741092, 0.4333233112001298,0
1.1069472564459448, 0.20923096257197124,0
1.1069472564459448, 0.20923096257197124,0
-0.4429623711921833, 0.3426630588034837,0
0.7857758178053547, -0.01319443064327181,0
-0.07859696364598631, 0.3467464637200251,0
0.8813732968837183, 0.4242456723057745,0
-2.013151255256104, 0.6557101382526506,0
-0.3041709232082128, 0.5617611734538284,0
-1.3337939205154044, 0.15155398718784788,0
0.5700314574741092, 0.4333233112001298,0
-0.07859696364598631, 0.3467464637200251,0
0.5903107138999022, 0.2537083279824758,0
0.8486289851729236, 0.2314696452772231,0
-0.33691523491900766, 0.368985146425277,0
-0.3899388030555955, 0.35582410261438036,0
0.6335046828055089, 0.035366339683773396,0
-1.9928719988303112, 0.4760951550349961,0
0.6760785937472849, 0.459645398821923,0
0.07367417135385945, 0.2981856933929795,0
-0.7215598988909977, 0.5445167247263902,0
0.6433342820364901, 0.26686937179337233,0
-0.3898327706627678, -0.7331147855325882,0
-0.8108718341304466, -0.25119731717303795,0
0.07367417135385945, 0.2981856933929795,0
-0.3041709232082128, 0.5617611734538284,0
0.5903107138999022, 0.2537083279824758,0
1.1069472564459448, 0.20923096257197124,0
0.0435653156970853, 0.24629764450103553,0
0.4868990336807473, 0.36827421849728936,0
-0.2049233563449549, 0.5000393593158861,0
0.31171318620108784, 0.4555619939053822,0
-0.15189978820836705, 0.5132004031267827,0
-0.8670314644809254, 0.6811213968131709,0
0.15944205120124214, 0.5041227642324276,0
0.8486289851729236, 0.2314696452772231,0
0.7327522496687667, -0.026355474454168415,0
-0.07859696364598631, 0.3467464637200251,0
0.41776032247426365, 0.48188408152717555,0
-0.8171573779693615, 0.10707662177734392,0
-0.19447369915014312, 0.08892134398863313,0
0.31171318620108784, 0.4555619939053822,0
-0.46324162761797627, 0.5222780420211383,0
1.0866680000201518, 0.38884594578962606,0
-0.15189978820836705, 0.5132004031267827,0
-0.6482570743286168, 0.37806278531963255,0
-0.6949950986262899, 0.006627802558354351,0
0.12669773949044724, 0.3113467372038762,0
1.0866680000201518, 0.38884594578962606,0
-1.2381964414370403, 0.5889940901368942,0
0.33199244262688077, 0.27594701068772765,0
-2.251190270103333, 0.4983338377402482,0
1.1069472564459448, 0.20923096257197124,0
-0.7215598988909977, 0.5445167247263902,0
-0.15189978820836705, 0.5132004031267827,0
-1.7548329839830832, 0.6334714555473983,0
-1.443491144573474, 0.624393816653043,0
-0.46324162761797627, 0.5222780420211383,0
-0.7215598988909977, 0.5445167247263902,0
-2.271469526529126, 0.6779488209579028,0
-0.4730712268489574, 0.29077500991153965,0
0.4910631470366443, 0.31543014212041764,0
0.7654965613795617, 0.16642055257438276,0
-1.1913523847465397, -0.12850981524879612,0
-1.3337939205154044, 0.15155398718784788,0
0.38501601076346864, 0.2891080544986244,0
-0.19447369915014312, 0.08892134398863313,0
1.0866680000201518, 0.38884594578962606,0
0.38501601076346864, 0.2891080544986244,0
0.6230550256106971, 0.44648435501102635,0
1.1069472564459448, 0.20923096257197124,0
1.0866680000201518, 0.38884594578962606,0
-0.9595989137382261, 0.38714042421398787,0
0.31171318620108784, 0.4555619939053822,0
-1.6123914482142185, 0.3534076531107544,0
-0.04585265193519139, 0.5395224907485762,0
0.31171318620108784, 0.4555619939053822,0
0.5903107138999022, 0.2537083279824758,0
-0.18464409991916197, 0.3204243760982318,0
-0.15189978820836705, 0.5132004031267827,0
-1.469949912445354, 0.07334385067411028,0
1.1069472564459448, 0.20923096257197124,0
0.9707912645159953, 0.13102082605823354,0
0.9910705209417882, -0.04859415715942045,0
0.4541547219699524, 0.17549819146873805,0
-0.9798781701640189, 0.5667554074316425,0
0.09658888383367309, 0.25945868831193225,0
-0.19812378693503696, 0.5880832610756215,0
0.5700314574741092, 0.4333233112001298,0
0.8813732968837183, 0.4242456723057745,0
-1.850430463061447, 0.19603135259835194,0
-0.7215598988909977, 0.5445167247263902,0
0.5700314574741092, 0.4333233112001298,0
-0.04585265193519139, 0.5395224907485762,0
0.36473675433767566, 0.468723037716279,0
0.7654965613795617, 0.16642055257438276,0
-0.7578482659938588, -0.23803627336214103,0
-1.7548329839830832, 0.6334714555473983,0
1.1069472564459448, 0.20923096257197124,0
-0.5624891944812341, 0.5839998561590802,0
-2.129027990760261, 0.3978850185212587,0
-0.18464409991916197, 0.3204243760982318,0
-0.15189978820836705, 0.5132004031267827,0
0.10641848306465428, 0.49096172042153086,0
-1.87070971948724, 0.3756463358160066,0
0.9016525533095113, 0.2446306890881198,0
0.23274487576362307, 0.3376688248256695,0
0.07367417135385945, 0.2981856933929795,0
-2.013151255256104, 0.6557101382526506,0
-1.728268183718375, 0.09558253337936237,0
-1.87070971948724, 0.3756463358160066,0
-1.7345537275572902, 0.4538564723297439,0
0.5700314574741092, 0.4333233112001298,0
-1.6123914482142185, 0.3534076531107544,0
1.1069472564459448, 0.20923096257197124,0
0.5071782901065403, 0.1886592352796348,0
-0.04585265193519139, 0.5395224907485762,0
-2.509508541376354, 0.5205725204455003,0
0.6105899703256952, 0.07409334476482118,0
-0.15189978820836705, 0.5132004031267827,0
0.9910705209417882, -0.04859415715942045,0
-0.5259887625927175, -0.8113249220463261,0
-2.129027990760261, 0.3978850185212587,0
0.05339491492806647, 0.4778006766106342,0
-1.3275083766764897, -0.20671995176253385,0
0.05339491492806647, 0.4778006766106342,0
0.9016525533095113, 0.2446306890881198,0
0.8283497287471306, 0.4110846284948778,0
-0.9595989137382261, 0.38714042421398787,0
-0.3899388030555955, 0.35582410261438036,0
0.31171318620108784, 0.4555619939053822,0
-0.41021805948138845, 0.535439085832035,0
0.8283497287471306, 0.4110846284948778,0
-1.6123914482142185, 0.3534076531107544,0
-1.3275083766764897, -0.20671995176253385,0
-1.476235456284269, 0.4316177896244918,0
0.31171318620108784, 0.4555619939053822,0
-1.1913523847465397, -0.12850981524879612,0
-1.728268183718375, 0.09558253337936237,0
0.5700314574741092, 0.4333233112001298,0
-1.469949912445354, 0.07334385067411028,0
-0.7215598988909977, 0.5445167247263902,0
1.1069472564459448, 0.20923096257197124,0
0.6230550256106971, 0.44648435501102635,0
1.1069472564459448, 0.20923096257197124,0
0.38501601076346864, 0.2891080544986244,0
0.5700314574741092, 0.4333233112001298,0
-1.476235456284269, 0.4316177896244918,0
-0.15189978820836705, 0.5132004031267827,0
-0.41021805948138845, 0.535439085832035,0
-0.19812378693503696, 0.5880832610756215,0
0.8486289851729236, 0.2314696452772231,0
0.33199244262688077, 0.27594701068772765,0
-1.0691901054034683, -0.22895863446778572,0
-0.8171573779693615, 0.10707662177734392,0
0.05339491492806647, 0.4778006766106342,0
-2.271469526529126, 0.6779488209579028,0
0.8486289851729236, 0.2314696452772231,0
-0.45644205820805833, 0.6103219437808735,0
-0.18464409991916197, 0.3204243760982318,0
0.38501601076346864, 0.2891080544986244,0
0.10641848306465428, 0.49096172042153086,0
0.0435653156970853, 0.24629764450103553,0
1.0440940890783759, -0.03543311334852379,0
1.1069472564459448, 0.20923096257197124,0
0.4910631470366443, 0.31543014212041764,0
-0.7012806424652047, 0.3649017415087359,0
-0.3899388030555955, 0.35582410261438036,0
0.8486289851729236, 0.2314696452772231,0
0.3382779864657956, -0.08232692826265393,0
0.33199244262688077, 0.27594701068772765,0
0.05339491492806647, 0.4778006766106342,0
-1.2179171850112473, 0.40937910691923984,0
-0.6482570743286168, 0.37806278531963255,0
-1.7345537275572902, 0.4538564723297439,0
0.5071782901065403, 0.1886592352796348,0
0.8283497287471306, 0.4110846284948778,0
-0.21475295557593604, 0.26853632720628745,0
1.0440940890783759, -0.03543311334852379,0
-0.2049233563449549, 0.5000393593158861,0
-1.019302599480771, 0.7296821671402163,0
-0.2049233563449549, 0.5000393593158861,0
0.5700314574741092, 0.4333233112001298,0
-2.013151255256104, 0.6557101382526506,0
-0.32080009184911173, 0.24221423958449403,0
0.15944205120124214, 0.5041227642324276,0
-0.2049233563449549, 0.5000393593158861,0
-0.41021805948138845, 0.535439085832035,0
-0.5058155385597523, 0.0979989828829883,0
-2.129027990760261, 0.3978850185212587,0
0.4380395789000566, 0.302269098309521,0
-0.15189978820836705, 0.5132004031267827,0
-0.18464409991916197, 0.3204243760982318,0
0.33199244262688077, 0.27594701068772765,0
-0.7215598988909977, 0.5445167247263902,0
-0.07859696364598631, 0.3467464637200251,0
0.6497258582682324, -1.1803434553039784,0
-0.5058155385597523, 0.0979989828829883,0
0.07367417135385945, 0.2981856933929795,0
0.05339491492806647, 0.4778006766106342,0
-0.4429623711921833, 0.3426630588034837,0
-0.8535517774650503, 0.4134625118357811,0
-0.674715842200497, -0.1729871806593003,0
0.8486289851729236, 0.2314696452772231,0
-0.4429623711921833, 0.3426630588034837,0
0.8486289851729236, 0.2314696452772231,0
0.5700314574741092, 0.4333233112001298,0
-0.3041709232082128, 0.5617611734538284,0
-0.579118363122133, 0.26445292228974626,0
-2.271469526529126, 0.6779488209579028,0
1.1069472564459448, 0.20923096257197124,0
-1.1913523847465397, -0.12850981524879612,0
-0.5058155385597523, 0.0979989828829883,0
-1.7345537275572902, 0.4538564723297439,0
0.010821003986290444, 0.0535216174724842,0
0.007170916201396649, 0.5526835345594727,0
-1.7018094158464956, 0.646632499358295,0
0.07367417135385945, 0.2981856933929795,0
0.5903107138999022, 0.2537083279824758,0
0.07367417135385945, 0.2981856933929795,0
-1.469949912445354, 0.07334385067411028,0
0.41776032247426365, 0.48188408152717555,0
-0.7215598988909977, 0.5445167247263902,0
-0.41011202708856076, -0.5534998023149338,0
1.1069472564459448, 0.20923096257197124,0
-0.13162053178257413, 0.3335854199091285,0
-1.7345537275572902, 0.4538564723297439,0
-0.5422099380554413, 0.4043848729414259,0
0.6230550256106971, 0.44648435501102635,0
0.15944205120124214, 0.5041227642324276,0
0.5700314574741092, 0.4333233112001298,0
-0.678365929985391, 0.32617473642768824,0
0.14961245197026107, 0.2726197321228288,0
0.9016525533095113, 0.2446306890881198,0
-2.013151255256104, 0.6557101382526506,0
0.05339491492806647, 0.4778006766106342,0
-1.1648936168746598, 0.42254015073013673,0
-1.2381964414370403, 0.5889940901368942,0
-0.15189978820836705, 0.5132004031267827,0
1.1069472564459448, 0.20923096257197124,0
-1.7018094158464956, 0.646632499358295,0
1.0866680000201518, 0.38884594578962606,0
0.12669773949044724, 0.3113467372038762,0
-0.3899388030555955, 0.35582410261438036,0
-0.5588391066963401, 0.08483793907209161,0
-0.3898327706627678, -0.7331147855325882,0
-0.9595989137382261, 0.38714042421398787,0
0.5602018582431282, 0.20182027909053143,0
0.5903107138999022, 0.2537083279824758,0
0.4380395789000566, 0.302269098309521,0
0.10641848306465428, 0.49096172042153086,0
0.9016525533095113, 0.2446306890881198,0
0.38501601076346864, 0.2891080544986244,0
0.6433342820364901, 0.26686937179337233,0
0.38501601076346864, 0.2891080544986244,0
-0.4429623711921833, 0.3426630588034837,0
0.05339491492806647, 0.4778006766106342,0
-1.0691901054034683, -0.22895863446778572,0
0.6230550256106971, 0.44648435501102635,0
-0.009458252439502522, 0.23313660069013886,0
-0.4429623711921833, 0.3426630588034837,0
-0.674715842200497, -0.1729871806593003,0
0.31171318620108784, 0.4555619939053822,0
0.36473675433767566, 0.468723037716279,0
-2.013151255256104, 0.6557101382526506,0
0.8813732968837183, 0.4242456723057745,0
-0.6482570743286168, 0.37806278531963255,0
0.5700314574741092, 0.4333233112001298,0
-0.15189978820836705, 0.5132004031267827,0
-0.33691523491900766, 0.368985146425277,0
0.33199244262688077, 0.27594701068772765,0
0.8283497287471306, 0.4110846284948778,0
0.5903107138999022, 0.2537083279824758,0
-0.6685363307544098, 0.5576777685372869,0
0.36473675433767566, 0.468723037716279,0
-0.13162053178257413, 0.3335854199091285,0
0.6433342820364901, 0.26686937179337233,0
0.05339491492806647, 0.4778006766106342,0
0.13298328332936205, -0.04692720174650539,0
-0.8171573779693615, 0.10707662177734392,0
-0.15189978820836705, 0.5132004031267827,0
0.6497258582682324, -1.1803434553039784,0
0.33199244262688077, 0.27594701068772765,0
-2.271469526529126, 0.6779488209579028,0
0.7327522496687667, -0.026355474454168415,0
-2.251190270103333, 0.4983338377402482,0
1.1069472564459448, 0.20923096257197124,0
0.05339491492806647, 0.4778006766106342,0
-0.8171573779693615, 0.10707662177734392,0
0.6760785937472849, 0.459645398821923,0
-0.46324162761797627, 0.5222780420211383,0
1.682998943360318, -1.2692981861249866,0
-2.129027990760261, 0.3978850185212587,0
-0.41011202708856076, -0.5534998023149338,0
-0.2049233563449549, 0.5000393593158861,0
0.12669773949044724, 0.3113467372038762,0
-0.18464409991916197, 0.3204243760982318,0
-0.2049233563449549, 0.5000393593158861,0
0.6230550256106971, 0.44648435501102635,0
0.5903107138999022, 0.2537083279824758,0
0.5700314574741092, 0.4333233112001298,0
0.9910705209417882, -0.04859415715942045,0
-2.271469526529126, 0.6779488209579028,0
-1.6123914482142185, 0.3534076531107544,0
0.33199244262688077, 0.27594701068772765,0
0.8185201295161495, 0.17958159638527946,0
0.31171318620108784, 0.4555619939053822,0
-0.579118363122133, 0.26445292228974626,0
1.1069472564459448, 0.20923096257197124,0
0.15944205120124214, 0.5041227642324276,0
-0.7215598988909977, 0.5445167247263902,0
-0.33691523491900766, 0.368985146425277,0
-2.013151255256104, 0.6557101382526506,0
0.33199244262688077, 0.27594701068772765,0
0.33199244262688077, 0.27594701068772765,0
0.6433342820364901, 0.26686937179337233,0
0.36473675433767566, 0.468723037716279,0
-1.559367880077631, 0.36656869692165106,0
0.17972130762703512, 0.32450778101477296,0
-0.953313369899311, 0.028866485263605995,0
-0.35719449134480064, 0.5486001296429317,0
-0.30052083542331876, 0.06259925636683975,0
-1.7345537275572902, 0.4538564723297439,0
-1.4496706560195611, -0.10627113254354427,0
-1.3275083766764897, -0.20671995176253385,0
0.5071782901065403, 0.1886592352796348,0
-2.529787797802147, 0.7001875036631549,0
0.4541547219699524, 0.17549819146873805,0
1.1069472564459448, 0.20923096257197124,0
-0.04585265193519139, 0.5395224907485762,0
-0.5322743064316323, -0.45305098309594427,0
-0.9798781701640189, 0.5667554074316425,0
-0.07859696364598631, 0.3467464637200251,0
-1.728268183718375, 0.09558253337936237,0
-0.2049233563449549, 0.5000393593158861,0
0.3382779864657956, -0.08232692826265393,0
-0.953313369899311, 0.028866485263605995,0
-1.87070971948724, 0.3756463358160066,0
0.15944205120124214, 0.5041227642324276,0
-0.18464409991916197, 0.3204243760982318,0
0.15944205120124214, 0.5041227642324276,0
-0.6685363307544098, 0.5576777685372869,0
-0.7905925777046535, -0.4308123003906924,0
-0.9595989137382261, 0.38714042421398787,0
0.8283497287471306, 0.4110846284948778,0
0.07367417135385945, 0.2981856933929795,0
0.8486289851729236, 0.2314696452772231,0
-0.4429623711921833, 0.3426630588034837,0
-0.30052083542331876, 0.06259925636683975,0
-0.1517937558155394, -0.5757384850201861,0
0.5903107138999022, 0.2537083279824758,0
0.027450172627189406, 0.3730685513418184,0
0.07367417135385945, 0.2981856933929795,0
-0.3898327706627678, -0.7331147855325882,0
0.5700314574741092, 0.4333233112001298,0
0.5903107138999022, 0.2537083279824758,0
-1.3275083766764897, -0.20671995176253385,0
-0.608713193207904, 0.658882714107919,0
-0.6482570743286168, 0.37806278531963255,0
-0.9595989137382261, 0.38714042421398787,0
-1.7548329839830832, 0.6334714555473983,0
-0.7968781215435685, -0.07253836144031073,0
-1.7548329839830832, 0.6334714555473983,0
0.5071782901065403, 0.1886592352796348,0
0.5700314574741092, 0.4333233112001298,0
-0.4730712268489574, 0.29077500991153965,0
0.5700314574741092, 0.4333233112001298,0
0.07367417135385945, 0.2981856933929795,0
-1.7345537275572902, 0.4538564723297439,0
-0.7844130662585665, 0.2998526488058948,0
0.05339491492806647, 0.4778006766106342,0
-1.476235456284269, 0.4316177896244918,0
-0.41021805948138845, 0.535439085832035,0
0.5903107138999022, 0.2537083279824758,0
-0.46324162761797627, 0.5222780420211383,0
0.5903107138999022, 0.2537083279824758,0
0.5903107138999022, 0.2537083279824758,0
0.38501601076346864, 0.2891080544986244,0
0.8486289851729236, 0.2314696452772231,0
1.1069472564459448, 0.20923096257197124,0
-1.559367880077631, 0.36656869692165106,0
-2.271469526529126, 0.6779488209579028,0
0.36473675433767566, 0.468723037716279,0
0.36473675433767566, 0.468723037716279,0
0.8283497287471306, 0.4110846284948778,0
-1.3275083766764897, -0.20671995176253385,0
0.8123406180700623, -0.551083352811308,0
-0.5422099380554413, 0.4043848729414259,0
0.31171318620108784, 0.4555619939053822,0
0.07367417135385945, 0.2981856933929795,0
-0.09887622007177924, 0.5263614469376794,0
-1.728268183718375, 0.09558253337936237,0
0.6760785937472849, 0.459645398821923,0
-1.4496706560195611, -0.10627113254354427,0
1.0440940890783759, -0.03543311334852379,0
0.33199244262688077, 0.27594701068772765,0
-1.1648936168746598, 0.42254015073013673,0
-1.3540731769411973, 0.3311689704055023,0
0.05339491492806647, 0.4778006766106342,0
0.6230550256106971, 0.44648435501102635,0
0.2691392752593118, 0.03128293476723228,0
-0.25114735507162494, 0.574922217264725,0
1.1069472564459448, 0.20923096257197124,0
0.33199244262688077, 0.27594701068772765,0
-1.4496706560195611, -0.10627113254354427,0
0.07367417135385945, 0.2981856933929795,0
-1.7345537275572902, 0.4538564723297439,0
0.8283497287471306, 0.4110846284948778,0
-0.07859696364598631, 0.3467464637200251,0
-0.2049233563449549, 0.5000393593158861,0
-0.26767049131969617, -0.8335636047515779,0
-0.4429623711921833, 0.3426630588034837,0
-0.7012806424652047, 0.3649017415087359,0
0.5602018582431282, 0.20182027909053143,0
0.05339491492806647, 0.4778006766106342,0
-0.18464409991916197, 0.3204243760982318,0
-1.7548329839830832, 0.6334714555473983,0
-0.5058155385597523, 0.0979989828829883,0
-0.13162053178257413, 0.3335854199091285,0
-0.7215598988909977, 0.5445167247263902,0
0.22858076240772587, 0.39051290120254123,0
-0.41021805948138845, 0.535439085832035,0
-1.4496706560195611, -0.10627113254354427,0
1.0866680000201518, 0.38884594578962606,0
0.8486289851729236, 0.2314696452772231,0
0.5903107138999022, 0.2537083279824758,0
0.38501601076346864, 0.2891080544986244,0
0.5071782901065403, 0.1886592352796348,0
0.8813732968837183, 0.4242456723057745,0
0.8486289851729236, 0.2314696452772231,0
-1.7345537275572902, 0.4538564723297439,0
0.8813732968837183, 0.4242456723057745,0
-1.1913523847465397, -0.12850981524879612,0
-0.2473912348939032, -1.0131785879692325,0
-0.18464409991916197, 0.3204243760982318,0
0.7654965613795617, 0.16642055257438276,0
0.5071782901065403, 0.1886592352796348,0
0.23274487576362307, 0.3376688248256695,0
0.6433342820364901, 0.26686937179337233,0
-1.2116316411723327, 0.051105167968858306,0
-1.1851728733004527, 0.6021551339477911,0
0.5071782901065403, 0.1886592352796348,0
0.36473675433767566, 0.468723037716279,0
-2.251190270103333, 0.4983338377402482,0
0.9016525533095113, 0.2446306890881198,0
-2.013151255256104, 0.6557101382526506,0
-1.2179171850112473, 0.40937910691923984,0
-0.4429623711921833, 0.3426630588034837,0
0.33199244262688077, 0.27594701068772765,0
0.4541547219699524, 0.17549819146873805,0
-0.2473912348939032, -1.0131785879692325,0
-2.251190270103333, 0.4983338377402482,0
-0.18464409991916197, 0.3204243760982318,0
-0.18464409991916197, 0.3204243760982318,0
-0.6685363307544098, 0.5576777685372869,0
1.0440940890783759, -0.03543311334852379,0
0.6335046828055089, 0.035366339683773396,0
1.1069472564459448, 0.20923096257197124,0
-2.509508541376354, 0.5205725204455003,0
-1.2116316411723327, 0.051105167968858306,0
0.9016525533095113, 0.2446306890881198,0
-0.3899388030555955, 0.35582410261438036,0
0.07367417135385945, 0.2981856933929795,0
-0.5058155385597523, 0.0979989828829883,0
-0.2049233563449549, 0.5000393593158861,0
-0.4429623711921833, 0.3426630588034837,0
-1.469949912445354, 0.07334385067411028,0
1.1069472564459448, 0.20923096257197124,0
0.8486289851729236, 0.2314696452772231,0
1.0866680000201518, 0.38884594578962606,0
0.36473675433767566, 0.468723037716279,0
1.1397976005495674, -0.6869318985464462,0
-1.1913523847465397, -0.12850981524879612,0
0.7327522496687667, -0.026355474454168415,0
-0.4429623711921833, 0.3426630588034837,0
-1.7345537275572902, 0.4538564723297439,0
-1.3010496088046093, 0.34433001421639875,0
-1.7548329839830832, 0.6334714555473983,0
-2.013151255256104, 0.6557101382526506,0
0.8283497287471306, 0.4110846284948778,0
-0.09887622007177924, 0.5263614469376794,0
-0.8171573779693615, 0.10707662177734392,0
0.9016525533095113, 0.2446306890881198,0
-0.6685363307544098, 0.5576777685372869,0
0.6760785937472849, 0.459645398821923,0
0.8283497287471306, 0.4110846284948778,0
-0.9268546020274312, 0.5799164512425391,0
-0.5259887625927175, -0.8113249220463261,0
-0.3898327706627678, -0.7331147855325882,0
-0.4429623711921833, 0.3426630588034837,0
0.4380395789000566, 0.302269098309521,0
0.8486289851729236, 0.2314696452772231,0
0.8486289851729236, 0.2314696452772231,0
-0.668430298361582, -0.5312611196096819,0
1.1069472564459448, 0.20923096257197124,0
0.12669773949044724, 0.3113467372038762,0
3.1011287572100485, -3.7116622715410457,0
0.8486289851729236, 0.2314696452772231,0
0.2124656193378301, 0.5172838080433242,0
0.33199244262688077, 0.27594701068772765,0
0.2124656193378301, 0.5172838080433242,0
0.41776032247426365, 0.48188408152717555,0
1.0866680000201518, 0.38884594578962606,0
0.4380395789000566, 0.302269098309521,0
-0.7215598988909977, 0.5445167247263902,0
-1.728268183718375, 0.09558253337936237,0
-0.46324162761797627, 0.5222780420211383,0
0.8283497287471306, 0.4110846284948778,0
0.07367417135385945, 0.2981856933929795,0
0.23274487576362307, 0.3376688248256695,0
0.6963578501730778, 0.280030415604269,0
1.1069472564459448, 0.20923096257197124,0
0.38501601076346864, 0.2891080544986244,0
-0.48918636991885334, 0.41754591675232255,0
0.7124729932429738, 0.15325950876348612,0
1.0440940890783759, -0.03543311334852379,0
-0.07859696364598631, 0.3467464637200251,0
-0.9595989137382261, 0.38714042421398787,0
1.1069472564459448, 0.20923096257197124,0
0.2124656193378301, 0.5172838080433242,0
-0.7313894981219787, 0.3130136926167916,0
1.1069472564459448, 0.20923096257197124,1
-1.2807703523788163, 0.16471503099874446,1
0.8549145290118383, -0.126804293673158,1
1.0440940890783759, -0.03543311334852379,1
0.596596257738817, -0.10456561096790619,1
0.5706515154379401, -0.20929773623672188,1
0.8123406180700623, -0.551083352811308,1
-0.33691523491900766, 0.368985146425277,1
-3.1092775077157593, 0.5000007931531635,1
-3.0464243403481897, 0.7446648690736586,1
0.6132254263797159, 0.2149813229014281,1
3.386011828747778, -4.271789876414334,1
1.4414158731210232, -2.016451457697369,1
-0.7012806424652047, 0.3649017415087359,1
-0.7640277774399462, -0.9687012225587284,1
-0.18464409991916197, 0.3204243760982318,1
3.5284533645166425, -4.551853678850978,1
0.010927036379118127, -1.0354172706744846,1
3.386011828747778, -4.271789876414334,1
0.16583362743298455, -0.9430900628649229,1
1.1069472564459448, 0.20923096257197124,1
0.6433342820364901, 0.26686937179337233,1
-3.0261450839223967, 0.565049885856004,1
-0.2609769543026059, 0.34341918515512637,1
-0.36640403261195087, -0.3255239499035192,1
0.4707838906108513, 0.4950451253380722,1
-3.5630608828942325, 0.7891422344841628,1
0.08675928460269233, 0.027955656202333423,1
-2.3830626968734245, 0.8110263133464999,1
-3.0261450839223967, 0.565049885856004,1
-0.038947050132445815, -0.46137249563865734,1
0.8087965626779958, -1.1408603238712884,1
1.8358901363239943, -1.9604800038888839,1
1.2493887922148095, -0.07083283986467298,1
0.5071782901065403, 0.1886592352796348,1
-1.559367880077631, 0.36656869692165106,1
1.0440940890783759, -0.03543311334852379,1
-1.1118700487380717, 0.4357011945410333,1
1.0440940890783759, -0.03543311334852379,1
-1.539088623651838, 0.18695371370399666,1
1.0440940890783759, -0.03543311334852379,1
-3.8010998977414614, 0.6317659339717603,1
3.03827558984248, -3.956326347461541,1
0.5903107138999022, 0.2537083279824758,1
-2.36706700560749, 0.24050871800885634,1
-0.10505573151786637, -0.20430350225890778,1
-0.15189978820836705, 0.5132004031267827,1
0.7656025937723894, -0.9225183355725863,1
-3.0926483390748594, 0.8195477270224976,1
-0.5888419299602865, -1.0559889979668216,1
0.5239134911402668, -0.5807327189980002,1
0.4616803817365285, -1.4680178423553474,1
1.0866680000201518, 0.38884594578962606,1
1.1069472564459448, 0.20923096257197124,1
1.6767133995214032, -0.911024247174605,1
1.3149834480292268, -0.7742196739545392,1
0.6132254263797159, 0.2149813229014281,1
-3.5630608828942325, 0.7891422344841628,1
1.0440940890783759, -0.03543311334852379,1
0.38501601076346864, 0.2891080544986244,1
0.21257165173065765, -0.5716550801036446,1
-1.1118700487380717, 0.4357011945410333,1
1.3352627044550198, -0.9538346571721937,1
1.328977160616105, -0.5955607182218122,1
-3.0464243403481897, 0.7446648690736586,1
-3.1092775077157593, 0.5000007931531635,1
0.43814561129288415, -0.7866697898374478,1
1.2696680486406025, -0.250447823082327,1
0.33199244262688077, 0.27594701068772765,1
-0.6253423618488031, 0.33933578023858485,1
-0.7313894981219787, 0.3130136926167916,1
3.650615643859714, -4.652302498069967,1
1.2696680486406025, -0.250447823082327,1
3.2701350932436206, -4.5296149961457255,1
3.4453209407232803, -4.616902771553819,1
0.6636135384622831, 0.08725438857571777,1
1.1069472564459448, 0.20923096257197124,1
3.5284533645166425, -4.551853678850978,1
-0.7641338098327737, 0.1202376655882405,1
0.7921673940370969, -1.4604072577406224,1
-0.0520321633812785, -0.19114245844801114,1
0.6963578501730778, 0.280030415604269,1
-0.04523259397136048, -0.10309855668827561,1
1.8156108798982014, -1.780865020671229,1
0.5009987786604531, -0.5420057139169525,1
-1.7443833267882713, 0.22235344022014533,1
3.5284533645166425, -4.551853678850978,1
-2.271469526529126, 0.6779488209579028,1
-1.559367880077631, 0.36656869692165106,1
0.6168755141646098, -0.2841805941855605,1
-1.539088623651838, 0.18695371370399666,1
1.186641657240068, -1.4044358039321367,1
0.12669773949044724, 0.3113467372038762,1
0.7593170499334745, -0.5642443966222047,1
1.272409537087451, -1.198498733092689,1
0.9707912645159953, 0.13102082605823354,1
3.3231586613802087, -4.516453952334829,1
-2.7449121001695618, 0.5040841980697048,1
1.3918303279836741, -0.35089664230131656,1
-0.8171573779693615, 0.10707662177734392,1
0.5706515154379401, -0.20929773623672188,1
-1.433041487378662, 0.21327580132579013,1
3.5081741080908495, -4.372238695633324,1
0.5399226018173352, 0.38143526230818603,1
-3.1092775077157593, 0.5000007931531635,1
-0.6253423618488031, 0.33933578023858485,1
0.5338491227640756, -1.4381685750353703,1
-0.5624891944812341, 0.5839998561590802,1
0.30816913080902153, -0.1342149771545983,1
-3.1092775077157593, 0.5000007931531635,1
3.03827558984248, -3.956326347461541,1
1.0866680000201518, 0.38884594578962606,1
1.1069472564459448, 0.20923096257197124,1
1.017635321206496, -0.5864830793274566,1
0.5441927475660597, -0.7603477022156545,1
1.1069472564459448, 0.20923096257197124,1
1.0440940890783759, -0.03543311334852379,1
0.5239134911402668, -0.5807327189980002,1
-3.3047426116212106, 0.7669035517789109,1
1.1069472564459448, 0.20923096257197124,1
1.1069472564459448, 0.20923096257197124,1
-0.5624891944812341, 0.5839998561590802,1
1.0866680000201518, 0.38884594578962606,1
0.09366488640543769, -0.9729393301849001,1
-2.788106069075168, 0.7224261863684065,1
1.0440940890783759, -0.03543311334852379,1
1.1069472564459448, 0.20923096257197124,1
1.1069472564459448, 0.20923096257197124,1
-1.2179171850112473, 0.40937910691923984,1
2.53136261413459, -2.5914070617944693,1
-0.18464409991916197, 0.3204243760982318,1
0.851370473619772, -0.7165812647331383,1
1.5342718637525385, -0.6309604447379608,1
-1.7345537275572902, 0.4538564723297439,1
1.1069472564459448, 0.20923096257197124,1
0.49734869087555905, -0.042843796829963976,1
-1.1118700487380717, 0.4357011945410333,1
-1.476235456284269, 0.4316177896244918,1
1.9747876167007925, -2.8303207773855075,1
0.01710654782520522, -0.3047523214778973,1
3.107414301048964, -4.069936210491427,1
-0.3035508652443817, -0.08085987398302374,1
1.1069472564459448, 0.20923096257197124,1
1.0866680000201518, 0.38884594578962606,1
-1.9397423983008963, -0.5996826893010756,1
0.6963578501730778, 0.280030415604269,1
0.596596257738817, -0.10456561096790619,1
-0.46324162761797627, 0.5222780420211383,1
1.1069472564459448, 0.20923096257197124,1
0.32855441962764204, -1.4027688485192216,1
-3.0464243403481897, 0.7446648690736586,1
-2.8140508113760454, 0.6176940610995909,1
0.3487276436606074, -0.4934449435899073,1
1.4050214736253344, -1.7100655676389318,1
0.7557729945414082, -1.154021367682185,1
3.03827558984248, -3.956326347461541,1
1.3715510715578811, -0.17128165908366255,1
-3.5630608828942325, 0.7891422344841628,1
-0.44640039419142197, -1.3360528004034657,1
-0.46324162761797627, 0.5222780420211383,1
-0.5951274737992013, -0.6977150590164396,1
0.7327522496687667, -0.026355474454168415,1
1.2696680486406025, -0.250447823082327,1
-0.0520321633812785, -0.19114245844801114,1
-0.9896017370021727, -0.7536865128249252,1
1.1069472564459448, 0.20923096257197124,1
-0.5952335061920291, 0.3912238291305292,1
1.1069472564459448, 0.20923096257197124,1
1.2696680486406025, -0.250447823082327,1
0.8283497287471306, 0.4110846284948778,1
-0.9897077693950002, 0.33525237532204377,1
1.2696680486406025, -0.250447823082327,1
1.1034032010538786, -0.380546008488009,1
1.1069472564459448, 0.20923096257197124,1
0.6698990823011977, -0.27101955037466374,1
0.8549145290118383, -0.126804293673158,1
3.03827558984248, -3.956326347461541,1
-1.400297175667867, 0.4060518283543411,1
1.0866680000201518, 0.38884594578962606,1
1.55729260862518, -1.7586263379659772,1
1.0866680000201518, 0.38884594578962606,1
1.4414158731210232, -2.016451457697369,1
0.7556669621485805, -0.06508247953521618,1
0.6963578501730778, 0.280030415604269,1
-1.3337939205154044, 0.15155398718784788,1
0.533743090371248, -0.3492296868884015,1
-2.3830626968734245, 0.8110263133464999,1
-3.0926483390748594, 0.8195477270224976,1
-0.6456216182745961, 0.5189507634562396,1
-3.0926483390748594, 0.8195477270224976,1
0.7921673940370969, -1.4604072577406224,1
0.4541547219699524, 0.17549819146873805,1
-0.21464692318310838, -0.8204025609406813,1
1.1069472564459448, 0.20923096257197124,1
-0.1414501310135553, 0.10208238779952977,1
1.1069472564459448, 0.20923096257197124,1
1.0440940890783759, -0.03543311334852379,1
1.0671148339510172, -1.1630990065765405,1
0.6761846261401125, -0.6292934893250454,1
-1.539088623651838, 0.18695371370399666,1
-0.0821410190380526, -0.24303050733995524,1
0.596596257738817, -0.10456561096790619,1
3.263849549404706, -4.171341057195344,1
0.5239134911402668, -0.5807327189980002,1
-0.9958872808410872, -0.39541257387454376,1
3.813336436054372, -5.111981283724266,1
1.6935546329479572, -2.769355089599208,1
0.5504782914049744, -1.1186216411660364,1
-0.21475295557593604, 0.26853632720628745,1
-3.0926483390748594, 0.8195477270224976,1
-0.2448618112327101, 0.2166482783143434,1
0.6433342820364901, 0.26686937179337233,1
-0.04523259397136048, -0.10309855668827561,1
1.1069472564459448, 0.20923096257197124,1
1.2696680486406025, -0.250447823082327,1
1.1034032010538786, -0.380546008488009,1
0.29570407552401956, -0.5066059874008039,1
0.5042542926783047, -1.0437387832171974,1
0.5868726909006634, -1.4250075312244737,1
1.328977160616105, -0.5955607182218122,1
-1.3010496088046093, 0.34433001421639875,1
0.18611288385877753, -1.1227050460825776,1
-0.7012806424652047, 0.3649017415087359,1
-0.18464409991916197, 0.3204243760982318,1
-0.21464692318310838, -0.8204025609406813,1
-2.9995802836576893, 0.027160963687968248,1
1.1069472564459448, 0.20923096257197124,1
-0.9798781701640189, 0.5667554074316425,1
3.9354987153974434, -5.212430102943256,1
0.67629065853294, -1.7182323774720143,1
1.140417658513398, -1.3295529459832984,1
0.7396578514715124, -1.0272504608414021,1
1.1069472564459448, 0.20923096257197124,1
1.1069472564459448, 0.20923096257197124,1
1.0566651767562054, -0.7519809912492872,1
-0.042202564150297384, 0.040360573661587545,1
0.6433342820364901, 0.26686937179337233,1
3.365732572321985, -4.092174893196679,1
1.1069472564459448, 0.20923096257197124,1
-0.7905925777046535, -0.4308123003906924,1
1.0440940890783759, -0.03543311334852379,1
-0.042202564150297384, 0.040360573661587545,1
-0.6253423618488031, 0.33933578023858485,1
3.107414301048964, -4.069936210491427,1
0.010927036379118127, -1.0354172706744846,1
1.0440940890783759, -0.03543311334852379,1
0.9282173535742192, -0.29325823307991605,1
-3.0261450839223967, 0.565049885856004,1
0.6497258582682324, -1.1803434553039784,1
1.2696680486406025, -0.250447823082327,1
1.0440940890783759, -0.03543311334852379,1
0.39140758699521105, -1.1581047725987261,1
1.408671561410228, -2.2092274847259206,1
1.1069472564459448, 0.20923096257197124,1
-1.9601276871195168, 0.6688711820635471,1
1.0238148326525829, 0.14418186986913023,1
0.29570407552401956, -0.5066059874008039,1
1.219385968950863, -1.211659776903586,1
0.8450849297808571, -0.3583073257827567,1
1.2396652253766558, -1.3912747601212403,1
-3.0261450839223967, 0.565049885856004,1
0.4282099796690755, 0.07076606619992232,1
0.6433342820364901, 0.26686937179337233,1
0.7390377935076815, -0.3846294134045501,1
1.1069472564459448, 0.20923096257197124,1
-0.0821410190380526, -0.24303050733995524,1
0.8123406180700623, -0.551083352811308,1
1.5405574075914534, -0.9892343836883424,1
3.386011828747778, -4.271789876414334,1
1.1069472564459448, 0.20923096257197124,1
-0.12887904333572564, -0.6144654901012335,1
1.0440940890783759, -0.03543311334852379,1
1.2696680486406025, -0.250447823082327,1
1.2493887922148095, -0.07083283986467298,1
1.5308338407532998, -2.3096763039449097,1
1.2696680486406025, -0.250447823082327,1
-0.15189978820836705, 0.5132004031267827,1
1.1069472564459448, 0.20923096257197124,1
0.034355774429935204, -0.6278264350454155,1
1.6935546329479572, -2.769355089599208,1
1.2696680486406025, -0.250447823082327,1
0.8123406180700623, -0.551083352811308,1
-3.1092775077157593, 0.5000007931531635,1
3.386011828747778, -4.271789876414334,1
1.0866680000201518, 0.38884594578962606,1
0.10652451545748198, -0.597977167725438,1
0.9016525533095113, 0.2446306890881198,1
3.5081741080908495, -4.372238695633324,1
1.2493887922148095, -0.07083283986467298,1
1.011167268386194, -2.408658068884269,1
-0.19426163436448796, -2.088956432305305,1
-3.1784162189222425, 0.6136106561830499,1
1.1069472564459448, 0.20923096257197124,1
-3.0926483390748594, 0.8195477270224976,1
0.5275635789251609, -1.0798946360849888,1
-0.579118363122133, 0.26445292228974626,1
0.6761846261401125, -0.6292934893250454,1
0.12669773949044724, 0.3113467372038762,1
-0.9798781701640189, 0.5667554074316425,1
1.0866680000201518, 0.38884594578962606,1
-0.9064693132088109, -0.6886374201220844,1
-1.6082273348583214, 0.3005635767338828,1
1.2493887922148095, -0.07083283986467298,1
0.2754248190982266, -0.3269910041831493,1
0.4541547219699524, 0.17549819146873805,1
-4.079697425440276, 0.8336195998946667,1
1.0866680000201518, 0.38884594578962606,1
0.67629065853294, -1.7182323774720143,1
0.26924530765213955, -1.0576559533797367,1
-2.6190997330415966, -0.09552653823627341,1
-0.44640039419142197, -1.3360528004034657,1
0.9016525533095113, 0.2446306890881198,1
0.5441927475660597, -0.7603477022156545,1
1.1069472564459448, 0.20923096257197124,1
-1.7018094158464956, 0.646632499358295,1
3.3231586613802087, -4.516453952334829,1
0.696569914958733, -1.8978473606896689,1
-0.5260947949855452, 0.27761396610064293,1
-3.198695475348035, 0.793225639400704,1
-0.9064693132088109, -0.6886374201220844,1
0.891928986471358, -1.0758112311684473,1
1.0440940890783759, -0.03543311334852379,1
-0.7012806424652047, 0.3649017415087359,1
0.2124656193378301, 0.5172838080433242,1
-1.3010496088046093, 0.34433001421639875,1
-0.06248182057609036, 0.21997555687924217,1
-3.1092775077157593, 0.5000007931531635,1
-0.10859978690993272, -0.7940804733188879,1
0.596596257738817, -0.10456561096790619,1
-3.0723690826490673, 0.6399327438048434,1
1.0440940890783759, -0.03543311334852379,1
-2.903982804579325, 0.4646010666370145,1
1.4148510728563153, -1.478562535529333,1
-0.23503221200172902, 0.4481513104239421,1
0.8653641862066501, -0.5379223090004113,1
-3.1092775077157593, 0.5000007931531635,1
-0.41011202708856076, -0.5534998023149338,1
0.16989170839605405, 0.0930047489051743,1
-0.9897077693950002, 0.33525237532204377,1
0.428316012061903, -1.0181728219470467,1
-0.0821410190380526, -0.24303050733995524,1
-3.8010998977414614, 0.6317659339717603,1
-1.7646625832140643, 0.4019684234377999,1
0.29216002013195314, -1.0963829584607843,1
0.8186261619089772, -0.9093572917616897,1
0.507284322499368, -0.9002796528673341,1
-1.098784935489239, 0.1654711573503871,1
0.8249117057478919, -1.2676312307120714,1
-0.15189978820836705, 0.5132004031267827,1
1.0866680000201518, 0.38884594578962606,1
1.0440940890783759, -0.03543311334852379,1
1.4414158731210232, -2.016451457697369,1
-0.294235291584404, -0.2956746825835419,1
0.10075299718957043, 0.20661461193506037,1
-0.18464409991916197, 0.3204243760982318,1
3.386011828747778, -4.271789876414334,1
0.596596257738817, -0.10456561096790619,1
0.33199244262688077, 0.27594701068772765,1
1.2493887922148095, -0.07083283986467298,1
0.3123332441649187, -0.18705905353146968,1
-0.8675454900519286, 0.23480355610305415,1
0.5700314574741092, 0.4333233112001298,1
1.1069472564459448, 0.20923096257197124,1
-0.07231141980707148, -0.011527475230356465,1
-0.46324162761797627, 0.5222780420211383,1
-0.3633740027908877, -0.18206481955365564,1
0.41776032247426365, 0.48188408152717555,1
0.7857758178053547, -0.01319443064327181,1
1.2696680486406025, -0.250447823082327,1
1.1069472564459448, 0.20923096257197124,1
-0.4200476587123696, 0.3039360537224364,1
-0.2049233563449549, 0.5000393593158861,1
0.871649730045565, -0.896196247950793,1
1.2291095357890165, 0.10878214335298167,1
-1.455956199858476, 0.2520028064068375,1
-3.0261450839223967, 0.565049885856004,1
-0.44640039419142197, -1.3360528004034657,1
1.1069472564459448, 0.20923096257197124,1
-0.7141402715172489, -0.010060420950726234,1
0.9079380971484262, -0.1136432498622614,1
0.24896605122634663, -0.8780409701620823,1
0.5972163157026478, -0.747186658404758,1
1.3352627044550198, -0.9538346571721937,1
1.2696680486406025, -0.250447823082327,1
-2.5193381406073354, 0.28906948833590157,1
1.328977160616105, -0.5955607182218122,1
0.9016525533095113, 0.2446306890881198,1
0.6035018595415624, -1.1054605973551395,1
-2.271469526529126, 0.6779488209579028,1
1.1069472564459448, 0.20923096257197124,1
1.2291095357890165, 0.10878214335298167,1
-1.433041487378662, 0.21327580132579013,1
3.3231586613802087, -4.516453952334829,1
0.47443397839574536, -0.004116791748916604,1
-0.2609769543026059, 0.34341918515512637,1
0.14343294052417382, -0.45804521707375845,1
0.8751937854376313, -0.30641927689081266,1
3.03827558984248, -3.956326347461541,1
-1.559367880077631, 0.36656869692165106,1
1.2696680486406025, -0.250447823082327,1
0.9548881862317544, -1.9200860433949207,1
1.328977160616105, -0.5955607182218122,1
3.5284533645166425, -4.551853678850978,1
-0.8171573779693615, 0.10707662177734392,1
3.127693557474756, -4.249551193709082,1
0.7556669621485805, -0.06508247953521618,1
2.6535248934776616, -2.691855881013459,1
1.1069472564459448, 0.20923096257197124,1
-0.21475295557593604, 0.26853632720628745,1
0.8186261619089772, -0.9093572917616897,1
0.1860068514659499, -0.03376615793560872,1
0.47088992300367905, -0.5938937628088968,1
-0.8699554619091612, -0.5512766216836611,1
3.243570292978913, -3.9917260739776896,1
3.813336436054372, -5.111981283724266,1
-1.1950024725314337, 0.3706521018381923,1
0.38501601076346864, 0.2891080544986244,1
0.31171318620108784, 0.4555619939053822,1
0.6663550269091314, -0.8607965214346441,1
-0.5919779921741775, -0.11050924016971586,1
1.0440940890783759, -0.03543311334852379,1
3.03827558984248, -3.956326347461541,1
-1.476235456284269, 0.4316177896244918,1
-1.9397423983008963, -0.5996826893010756,1
-1.539088623651838, 0.18695371370399666,1
0.4910631470366443, 0.31543014212041764,1
0.9016525533095113, 0.2446306890881198,1
0.9610676976778416, -1.1894210941983336,1
-1.91693371821391, 0.4505291937648451,1
-1.3337939205154044, 0.15155398718784788,1
3.5081741080908495, -4.372238695633324,1
1.1069472564459448, 0.20923096257197124,1
0.8486289851729236, 0.2314696452772231,1
3.813336436054372, -5.111981283724266,1
-0.18464409991916197, 0.3204243760982318,1
0.8486289851729236, 0.2314696452772231,1
0.596596257738817, -0.10456561096790619,1
-0.9064693132088109, -0.6886374201220844,1
3.670894900285507, -4.831917481287622,1
-0.21464692318310838, -0.8204025609406813,1
1.5342718637525385, -0.6309604447379608,1
3.5284533645166425, -4.551853678850978,1
-0.24121172344781616, -0.28251363877264524,1
0.10075299718957043, 0.20661461193506037,1
0.7654965613795617, 0.16642055257438276,1
1.1069472564459448, 0.20923096257197124,1
1.6564341430956102, -0.7314092639569503,1
0.7026433940119927, -0.07824352334611284,1
3.017996333416687, -3.7767113642438863,1
-1.9398484306937238, 0.48925619884589266,1
-0.688195529216372, 0.09467170431808936,1
-1.1118700487380717, 0.4357011945410333,1
0.7292081942767004, -0.6161324455141487,1
-0.9798781701640189, 0.5667554074316425,1
-1.559367880077631, 0.36656869692165106,1
0.06405663690853369, -2.1111951150105566,1
1.1069472564459448, 0.20923096257197124,1
-2.3830626968734245, 0.8110263133464999,1
1.5935809757280412, -0.9760733398774457,1
1.6564341430956102, -0.7314092639569503,1
1.1069472564459448, 0.20923096257197124,1
0.5275635789251609, -1.0798946360849888,1
1.6305954331875607, -1.925080277372735,1
1.467874640992903, -1.4654014917184361,1
0.4707838906108513, 0.4950451253380722,1
-1.3830479490631373, 0.08297771478682359,1
-1.469949912445354, 0.07334385067411028,1
1.2696680486406025, -0.250447823082327,1
0.6496198258754048, -0.09140456715700947,1
-2.3830626968734245, 0.8110263133464999,1
0.8751937854376313, -0.30641927689081266,1
-1.0691901054034683, -0.22895863446778572,1
0.7920613616442693, -0.37146836959365337,1
0.12669773949044724, 0.3113467372038762,1
-0.579118363122133, 0.26445292228974626,1
0.1964565086607617, -0.44488417326286167,1
-1.2510560704890847, 0.2140319276774323,1
-1.3337939205154044, 0.15155398718784788,1
-0.9064693132088109, -0.6886374201220844,1
1.4449599285130896, -1.426674486637389,1
-1.7345537275572902, 0.4538564723297439,1
-3.489758058331852, 0.6226882950774054,1
2.9915375655448067, -4.3277613302228195,1
0.8186261619089772, -0.9093572917616897,1
-3.0261450839223967, 0.565049885856004,1
-0.7641338098327737, 0.1202376655882405,1
3.9354987153974434, -5.212430102943256,1
-3.0261450839223967, 0.565049885856004,1
0.7026433940119927, -0.07824352334611284,1
0.8450849297808571, -0.3583073257827567,1
-1.4169263443087663, 0.08650489448500708,1
1.1069472564459448, 0.20923096257197124,1
0.4443251227389712, -0.05600484064086053,1
0.5972163157026478, -0.747186658404758,1
0.2655952198672454, -0.5584940362927481,1
-0.6443815023469348, -0.766291331417464,1
3.03827558984248, -3.956326347461541,1
-3.2844633551954185, 0.5872885685612568,1
1.567122207856161, -1.5271233058563787,1
0.9812409217108071, -0.2800971892690194,1
0.6433342820364901, 0.26686937179337233,1
0.21257165173065765, -0.5716550801036446,1
1.6103161767617677, -1.7454652941550806,1
0.8087965626779958, -1.1408603238712884,1
-0.20156180993427575, -1.0906325981313274,1
-1.5957622795733197, 0.6729545869800885,1
3.0118168219705996, -4.507376313440473,1
3.3231586613802087, -4.516453952334829,1
1.0078057219755148, -0.8179861114370552,1
-3.1092775077157593, 0.5000007931531635,1
1.1069472564459448, 0.20923096257197124,1
-3.748076329604873, 0.6449269777826566,1
-0.5359243942165264, 0.04611093399104427,1
0.7495934830953208, -1.8846863168787722,1
3.813336436054372, -5.111981283724266,1
-1.1118700487380717, 0.4357011945410333,1
1.0238148326525829, 0.14418186986913023,1
1.219385968950863, -1.211659776903586,1
1.0440940890783759, -0.03543311334852379,1
1.1069472564459448, 0.20923096257197124,1
1.3352627044550198, -0.9538346571721937,1
0.9751674426575473, -2.0997010266125753,1
0.8124466504628899, -1.6400222409582768,1
0.7759462185743735, -0.24469746275287052,1
0.00727694859422412, -0.5362553535874961,1
2.53136261413459, -2.5914070617944693,1
3.03827558984248, -3.956326347461541,1
0.8751937854376313, -0.30641927689081266,1
-3.3047426116212106, 0.7669035517789109,1
1.3352627044550198, -0.9538346571721937,1
0.17617725223496883, -0.2652691900452073,1
0.3123332441649187, -0.18705905353146968,1
-3.489758058331852, 0.6226882950774054,1
-0.38365325921668064, -0.0024498363360012793,1
-3.0926483390748594, 0.8195477270224976,1
0.4616803817365285, -1.4680178423553474,1
1.2493887922148095, -0.07083283986467298,1
0.39140758699521105, -1.1581047725987261,1
-0.21454089079028094, -1.90934144908765,1
0.39140758699521105, -1.1581047725987261,1
3.386011828747778, -4.271789876414334,1
1.4050214736253344, -1.7100655676389318,1
1.1069472564459448, 0.20923096257197124,1
-3.3047426116212106, 0.7669035517789109,1
-3.0926483390748594, 0.8195477270224976,1
0.4707838906108513, 0.4950451253380722,1
-2.271469526529126, 0.6779488209579028,1
3.386011828747778, -4.271789876414334,1
0.5441927475660597, -0.7603477022156545,1
-0.5624891944812341, 0.5839998561590802,1
0.6397902266444235, -0.32290759926660806,1
0.12315368409838084, -0.2784302338561041,1
1.1132328002848597, -0.14904297637841002,1
1.5935809757280412, -0.9760733398774457,1
-0.5952335061920291, 0.3912238291305292,1
0.7921673940370969, -1.4604072577406224,1
-3.3047426116212106, 0.7669035517789109,1
0.6496198258754048, -0.09140456715700947,1
0.7982408730903565, 0.3591965796029335,1
0.6761846261401125, -0.6292934893250454,1
1.789152112026321, -2.331914986650162,1
-1.9397423983008963, -0.5996826893010756,1
-3.748076329604873, 0.6449269777826566,1
1.1069472564459448, 0.20923096257197124,1
0.8187321943018047, -1.9982961799086585,1
-0.46324162761797627, 0.5222780420211383,1
1.6935546329479572, -2.769355089599208,1
-1.1118700487380717, 0.4357011945410333,1
-2.271469526529126, 0.6779488209579028,1
0.21257165173065765, -0.5716550801036446,1
1.2696680486406025, -0.250447823082327,1
1.2696680486406025, -0.250447823082327,1
1.2696680486406025, -0.250447823082327,1
-1.423211888147681, 0.4447788334353884,1
0.7390377935076815, -0.3846294134045501,1
0.5903107138999022, 0.2537083279824758,1
3.5081741080908495, -4.372238695633324,1
-0.9798781701640189, 0.5667554074316425,1
-1.0426253051387604, -0.7668475566358219,1
1.3352627044550198, -0.9538346571721937,1
3.243570292978913, -3.9917260739776896,1
-1.1118700487380717, 0.4357011945410333,1
0.5541283791898686, -1.6177835582530247,1
-0.18464409991916197, 0.3204243760982318,1
0.12669773949044724, 0.3113467372038762,1
3.2701350932436206, -4.5296149961457255,1
0.8549145290118383, -0.126804293673158,1
0.3851220431562963, -0.7998308336483445,1
2.53136261413459, -2.5914070617944693,1
-3.3047426116212106, 0.7669035517789109,1
-1.1118700487380717, 0.4357011945410333,1
3.386011828747778, -4.271789876414334,1
-3.3047426116212106, 0.7669035517789109,1
-3.1092775077157593, 0.5000007931531635,1
0.027556205020017044, -0.7158703368051506,1
3.2701350932436206, -4.5296149961457255,1
1.3715510715578811, -0.17128165908366255,1
3.386011828747778, -4.271789876414334,1
-2.8140508113760454, 0.6176940610995909,1
-0.273956035158611, -0.4752896658011966,1
3.813336436054372, -5.111981283724266,1
0.5042542926783047, -1.0437387832171974,1
1.0440940890783759, -0.03543311334852379,1
0.7396578514715124, -1.0272504608414021,1
1.1069472564459448, 0.20923096257197124,1
1.488153897418696, -1.645016474936091,1
1.0440940890783759, -0.03543311334852379,1
0.010821003986290444, 0.0535216174724842,1
1.5342718637525385, -0.6309604447379608,1
0.8450849297808571, -0.3583073257827567,1
0.6496198258754048, -0.09140456715700947,1
1.0608292901121024, -0.8048250676261587,1
1.5874014642819538, -1.706738289074033,1
-3.0261450839223967, 0.565049885856004,1
1.1069472564459448, 0.20923096257197124,1
-3.1092775077157593, 0.5000007931531635,1
-0.7012806424652047, 0.3649017415087359,1
3.365732572321985, -4.092174893196679,1
0.29570407552401956, -0.5066059874008039,1
0.6433342820364901, 0.26686937179337233,1
1.0440940890783759, -0.03543311334852379,1
3.386011828747778, -4.271789876414334,1
0.891928986471358, -1.0758112311684473,1
3.386011828747778, -4.271789876414334,1
0.4707838906108513, 0.4950451253380722,1
0.8187321943018047, -1.9982961799086585,1
-3.1092775077157593, 0.5000007931531635,1
1.2696680486406025, -0.250447823082327,1
0.26548918747441785, 0.5304448518542209,1
0.17354179618094798, -0.40615716818181435,1
1.1069472564459448, 0.20923096257197124,1
-2.920097947649221, 0.5913719734777978,1
0.7396578514715124, -1.0272504608414021,1
0.07367417135385945, 0.2981856933929795,1
1.408671561410228, -2.2092274847259206,1
-0.042202564150297384, 0.040360573661587545,1
1.2662300256413634, -1.9291636822892761,1
0.6964638825659055, -0.8089084725427,1
0.5903107138999022, 0.2537083279824758,1
-0.44640039419142197, -1.3360528004034657,1
1.4148510728563153, -1.478562535529333,1
0.5239134911402668, -0.5807327189980002,1
1.2696680486406025, -0.250447823082327,1
0.24896605122634663, -0.8780409701620823,1
1.1928211686861552, -0.6737708547355495,1
-0.21464692318310838, -0.8204025609406813,1
0.6964638825659055, -0.8089084725427,1
0.4910631470366443, 0.31543014212041764,1
-3.0926483390748594, 0.8195477270224976,1
0.9973560647807029, -0.40686809610980224,1
3.4453209407232803, -4.616902771553819,1
1.6935546329479572, -2.769355089599208,1
-2.7936521031462913, 0.8818257663787961,1
-1.423211888147681, 0.4447788334353884,1
