-0.06286095447742307, 0.898294017826095,0
0.20238985892956585, -0.9917491341289584,0
0.04952671065442815, -0.18622064180095477,0
0.04952671065442815, -0.18622064180095477,0
0.20238985892956585, -0.9917491341289584,0
-0.034764038194460334, 0.6271653529193324,0
-0.6270864195512419, -1.35128630226309,0
0.2320745963759556, 1.1794167519385101,0
-0.11457771704065661, -1.3905810241393826,0
0.07921144810081779, 1.9849452442665132,0
-0.07410223389737008, -1.1115948568403355,0
0.17429294264660306, -0.7206204692221956,0
-0.40678815929023165, -0.6891832497381879,0
0.1461960263636402, -0.44949180431543334,0
-0.1707715496065822, -0.848323694325857,0
-0.5420017601206399, -0.9435250214962618,0
0.2585836914954916, -1.5340064639424826,0
0.38986534837683573, 1.4448244812663569,0
0.2585836914954916, -1.5340064639424826,0
0.16191437578627932, -1.2707353014280052,0
0.2609654232406318, 2.129435362518863,0
0.20238985892956585, -0.9917491341289584,0
0.31557143464313053, -0.8551165182688928,0
-0.6956588189774912, -1.3591438046553743,0
0.1065144538020672, 0.49266930387263563,0
-0.08648080075769365, -1.661709689046144,0
0.2866806077784543, -1.8051351288492454,0
-0.19886846588954504, -0.5771950294190947,0
0.17429294264660306, -0.7206204692221956,0
0.2585836914954916, -1.5340064639424826,0
-0.022385471334136653, 1.1772801851251413,0
-0.14715170332631167, 1.7116800125463822,0
-0.5420017601206399, -0.9435250214962618,0
0.10730836438378066, 1.7138165793597506,0
-0.08648080075769365, -1.661709689046144,0
-0.10219915018033288, -0.8404661919335729,0
-0.0452114070326938, -0.16157624625998246,0
0.2585836914954916, -1.5340064639424826,0
0.07921144810081779, 1.9849452442665132,0
0.1461960263636402, -0.44949180431543334,0
-0.06286095447742307, 0.898294017826095,0
0.2585836914954916, -1.5340064639424826,0
-3.1042739755737183, -0.420008931999055,0
0.06717625809915737, -1.2460909058870329,0
-0.03397012761274687, 1.8483126284064477,0
0.1461960263636402, -0.44949180431543334,0
0.16191437578627932, -1.2707353014280052,0
0.20238985892956585, -0.9917491341289584,0
0.2866806077784543, -1.8051351288492454,0
0.2890623395235947, 1.8583066976121003,0
0.11809911008067744, -0.17836313940867066,0
0.4022439152371593, 1.9949393134721656,0
-0.15839298274625851, -0.29820886212004794,0
0.11809911008067744, -0.17836313940867066,0
-0.07857930390006229, 1.7195375149386665,0
0.20238985892956585, -0.9917491341289584,0
0.19001129206924228, -1.5418639663347669,0
0.2866806077784543, -1.8051351288492454,0
0.2866806077784543, -1.8051351288492454,0
0.19239302381438256, 2.1215778601265782,0
0.19001129206924228, -1.5418639663347669,0
0.41875617524151204, 2.3948430918467096,0
0.11889302066239099, 1.0427841360784447,0
0.19001129206924228, -1.5418639663347669,0
0.005711444948826194, 0.9061515202183792,0
-0.6270864195512419, -1.35128630226309,0
0.005711444948826194, 0.9061515202183792,0
-1.0283447443703528, -0.9367321975532266,0
-0.18648989902922136, -0.02708019721328572,0
0.20238985892956585, -0.9917491341289584,0
-0.36297289358462964, -1.7815554117575214,0
0.2585836914954916, -1.5340064639424826,0
-0.3498004161425926, -0.010293304064597553,0
-0.2269653821725078, -0.3060663645123321,0
0.2866806077784543, -1.8051351288492454,0
-0.475360558716481, -0.6970407521304721,0
0.2866806077784543, -1.8051351288492454,0
0.20238985892956585, -0.9917491341289584,0
-0.6551833358342046, -1.0801576373563275,0
0.2866806077784543, -1.8051351288492454,0
0.27096225835581517, -0.9838916317366742,0
-0.9316754286611406, -1.2000033600677047,0
-0.7518526515434169, -0.8168864748418494,0
0.41875617524151204, 2.3948430918467096,0
0.17429294264660306, -0.7206204692221956,0
-0.40678815929023165, -0.6891832497381879,0
0.23048677521252864, -1.2628777990357212,0
-0.05838388447473095, -1.9328383539529068,0
0.20238985892956585, -0.9917491341289584,0
0.23048677521252864, -1.2628777990357212,0
0.1461960263636402, -0.44949180431543334,0
-0.4183728155688419, -0.01815080645688169,0
0.2866806077784543, -1.8051351288492454,0
-2.5231928736368836, -0.4514461514830632,0
-0.06286095447742307, 0.898294017826095,0
-0.14267463332361938, -1.1194523592326198,0
-0.017908401331444397, -1.6538521866538598,0
-0.0460053176144073, -1.3827235217470983,0
0.23048677521252864, -1.2628777990357212,0
0.02222370495317877, 1.3060552985929226,0
0.2866806077784543, -1.8051351288492454,0
0.07762362693739094, -0.45734930670771745,0
0.23048677521252864, -1.2628777990357212,0
0.2866806077784543, -1.8051351288492454,0
-0.022385471334136653, 1.1772801851251413,0
-0.02949305761005469, -0.9828197433725542,0
0.2866806077784543, -1.8051351288492454,0
0.30319286778280696, -1.4052313504747014,0
0.10730836438378066, 1.7138165793597506,0
-0.017908401331444397, -1.6538521866538598,0
-0.21458681531218413, 0.24404846769347704,0
-1.3048368371972885, -1.056577920264604,0
0.4022439152371593, 1.9949393134721656,0
0.17508685322831652, 0.5005268062649197,0
0.2585836914954916, -1.5340064639424826,0
-0.37869124300726886, -0.9603119146449501,0
0.09000219379771462, 0.09276552549809158,0
0.2866806077784543, -1.8051351288492454,0
0.2585836914954916, -1.5340064639424826,0
0.13381745950331655, -0.9996066365212424,0
0.07921144810081779, 1.9849452442665132,0
-0.1707715496065822, -0.848323694325857,0
-0.6956588189774912, -1.3591438046553743,0
0.09000219379771462, 0.09276552549809158,0
0.2866806077784543, -1.8051351288492454,0
-0.4183728155688419, -0.01815080645688169,0
0.2866806077784543, -1.8051351288492454,0
0.11809911008067744, -0.17836313940867066,0
-0.10219915018033288, -0.8404661919335729,0
0.19239302381438256, 2.1215778601265782,0
0.19001129206924228, -1.5418639663347669,0
0.2866806077784543, -1.8051351288492454,0
0.02222370495317877, 1.3060552985929226,0
0.14778384752706716, 1.9928027466587974,0
0.24620512463516775, -2.0841212961482922,0
0.2866806077784543, -1.8051351288492454,0
-0.10219915018033288, -0.8404661919335729,0
0.1461960263636402, -0.44949180431543334,0
0.13381745950331655, -0.9996066365212424,0
-0.7518526515434169, -0.8168864748418494,0
0.20238985892956585, -0.9917491341289584,0
0.07921144810081779, 1.9849452442665132,0
-0.33249424555652657, 1.6107577497970613,0
-0.350594326724306, -1.231440579551713,0
0.11809911008067744, -0.17836313940867066,0
-0.41916672615055534, -1.2392980819439972,0
0.6286070666642888, 2.2682045451922965,0
0.23048677521252864, -1.2628777990357212,0
-0.41916672615055534, -1.2392980819439972,0
0.3436683509260933, -1.1262451831756557,0
0.3717652672090562, -1.3973738480824172,0
-0.09095787076038603, 1.1694226827328573,0
-0.3464606335802772, -1.3816516333829787,0
-0.15839298274625851, -0.29820886212004794,0
0.20238985892956585, -0.9917491341289584,0
0.10572054322035379, -0.7284779716144797,0
-0.39106980986759254, -1.5104267468507597,0
-0.10219915018033288, -0.8404661919335729,0
0.1461960263636402, -0.44949180431543334,0
0.09000219379771462, 0.09276552549809158,0
-0.06286095447742307, 0.898294017826095,0
-0.2550622984554706, -0.03493769960556986,0
-0.1707715496065822, -0.848323694325857,0
0.41875617524151204, 2.3948430918467096,0
0.2585836914954916, -1.5340064639424826,0
0.2866806077784543, -1.8051351288492454,0
0.06717625809915737, -1.2460909058870329,0
0.33367151581091015, 1.9870818110798816,0
0.218108208352205, -1.8129926312415297,0
0.24620512463516775, -2.0841212961482922,0
0.09000219379771462, 0.09276552549809158,0
0.1461960263636402, -0.44949180431543334,0
-0.2269653821725078, -0.3060663645123321,0
0.04952671065442815, -0.18622064180095477,0
-0.3224974104413433, -1.5025692444584755,0
0.021429794371465305, 0.08490802310580742,0
0.1461960263636402, -0.44949180431543334,0
0.19239302381438256, 2.1215778601265782,0
-0.4183728155688419, -0.01815080645688169,0
-0.3224974104413433, -1.5025692444584755,0
-0.04187162447037826, -1.5329345755783628,0
-0.19886846588954504, -0.5771950294190947,0
0.03380836123178904, 0.6350228553116165,0
-0.3498004161425926, -0.010293304064597553,0
0.07762362693739094, -0.45734930670771745,0
-3.7134519937935155, -0.11744304760828483,0
0.11809911008067744, -0.17836313940867066,0
0.11889302066239099, 1.0427841360784447,0
-0.02949305761005469, -0.9828197433725542,0
-0.0504823876170995, 1.4484088500319037,0
0.06190527751475178, 0.36389419040485427,0
0.218108208352205, -1.8129926312415297,0
-1.2767399209143258, -1.327706585171366,0
0.4022439152371593, 1.9949393134721656,0
0.2585836914954916, -1.5340064639424826,0
-0.11457771704065661, -1.3905810241393826,0
0.021429794371465305, 0.08490802310580742,0
0.218108208352205, -1.8129926312415297,0
0.06190527751475178, 0.36389419040485427,0
-0.07410223389737008, -1.1115948568403355,0
-0.19886846588954504, -0.5771950294190947,0
-0.006667121911497431, 0.35603668801257016,0
-0.7518526515434169, -0.8168864748418494,0
0.20318376951127928, 0.22939814135815703,0
0.07762362693739094, -0.45734930670771745,0
0.13381745950331655, -0.9996066365212424,0
0.1461960263636402, -0.44949180431543334,0
-1.0564416606533156, -0.665603532646464,0
0.2866806077784543, -1.8051351288492454,0
0.19001129206924228, -1.5418639663347669,0
-0.3224974104413433, -1.5025692444584755,0
-0.350594326724306, -1.231440579551713,0
-0.017908401331444397, -1.6538521866538598,0
0.07921144810081779, 1.9849452442665132,0
0.2866806077784543, -1.8051351288492454,0
0.2585836914954916, -1.5340064639424826,0
0.17429294264660306, -0.7206204692221956,0
-0.09095787076038603, 1.1694226827328573,0
0.17429294264660306, -0.7206204692221956,0
-0.7518526515434169, -0.8168864748418494,0
0.4022439152371593, 1.9949393134721656,0
0.16191437578627932, -1.2707353014280052,0
0.11809911008067744, -0.17836313940867066,0
0.19239302381438256, 2.1215778601265782,0
0.20238985892956585, -0.9917491341289584,0
0.16191437578627932, -1.2707353014280052,0
0.20238985892956585, -0.9917491341289584,0
0.11889302066239099, 1.0427841360784447,0
-1.3048368371972885, -1.056577920264604,0
0.06190527751475178, 0.36389419040485427,0
-0.22617147159079426, 0.9150809109747833,0
-1.0002478280873899, -1.207860862459989,0
-0.08648080075769365, -1.661709689046144,0
0.4022439152371593, 1.9949393134721656,0
0.16191437578627932, -1.2707353014280052,0
0.19001129206924228, -1.5418639663347669,0
-0.4850140169730009, -0.2646350758226716,0
-1.9140148554170857, -0.7540120358738335,0
-0.05838388447473095, -1.9328383539529068,0
0.20238985892956585, -0.9917491341289584,0
0.14698993694535367, 0.7716554711716821,0
-0.19807455530783158, 0.6439522460680207,0
-0.005873211329784078, 1.577183963499685,0
0.17588076381002993, 1.7216740817520348,0
0.06190527751475178, 0.36389419040485427,0
0.16191437578627932, -1.2707353014280052,0
0.021429794371465305, 0.08490802310580742,0
-0.43488507557319445, -0.4180545848314252,0
-0.2269653821725078, -0.3060663645123321,0
-0.08648080075769365, -1.661709689046144,0
-0.11905478704334876, 1.4405513476396197,0
-0.350594326724306, -1.231440579551713,0
0.16191437578627932, -1.2707353014280052,0
0.11809911008067744, -0.17836313940867066,0
0.11809911008067744, -0.17836313940867066,0
0.14698993694535367, 0.7716554711716821,0
-0.14715170332631167, 1.7116800125463822,0
0.2866806077784543, -1.8051351288492454,0
-0.1707715496065822, -0.848323694325857,0
0.13381745950331655, -0.9996066365212424,0
-0.6551833358342046, -1.0801576373563275,0
-0.02949305761005469, -0.9828197433725542,0
0.1461960263636402, -0.44949180431543334,0
0.218108208352205, -1.8129926312415297,0
-0.16997763902486873, 0.3728235811612583,0
0.19001129206924228, -1.5418639663347669,0
-0.19886846588954504, -0.5771950294190947,0
-0.11457771704065661, -1.3905810241393826,0
0.16270828636799284, -0.049588025940889346,0
0.19001129206924228, -1.5418639663347669,0
-1.0283447443703528, -0.9367321975532266,0
0.24620512463516775, -2.0841212961482922,0
-0.017908401331444397, -1.6538521866538598,0
-0.08568689017598033, -0.4405624135590293,0
-0.10219915018033288, -0.8404661919335729,0
0.17429294264660306, -0.7206204692221956,0
0.13540528066674345, 1.4426879144529883,0
0.2320745963759556, 1.1794167519385101,0
-0.05838388447473095, -1.9328383539529068,0
-0.03397012761274687, 1.8483126284064477,0
0.09000219379771462, 0.09276552549809158,0
0.2585836914954916, -1.5340064639424826,0
0.11809911008067744, -0.17836313940867066,0
0.4022439152371593, 1.9949393134721656,0
-0.27788823415402786, -1.3737941309906945,0
0.3617684320938729, 1.715953146173119,0
-0.10219915018033288, -0.8404661919335729,0
-0.10219915018033288, -0.8404661919335729,0
0.10730836438378066, 1.7138165793597506,0
-0.07330832331565665, 0.10955241864677975,0
-0.07410223389737008, -1.1115948568403355,0
-0.11457771704065661, -1.3905810241393826,0
0.30319286778280696, -1.4052313504747014,0
-0.6956588189774912, -1.3591438046553743,0
0.13461137008503002, 0.2215406389658729,0
-0.6675619026945284, -1.6302724695621371,0
0.10572054322035379, -0.7284779716144797,0
-0.0460053176144073, -1.3827235217470983,0
-0.017908401331444397, -1.6538521866538598,0
-0.37869124300726886, -0.9603119146449501,0
-0.0504823876170995, 1.4484088500319037,0
0.005711444948826194, 0.9061515202183792,0
-0.006667121911497431, 0.35603668801257016,0
-0.09095787076038603, 1.1694226827328573,0
-0.07410223389737008, -1.1115948568403355,0
0.31557143464313053, -0.8551165182688928,0
0.23048677521252864, -1.2628777990357212,0
-0.15839298274625851, -0.29820886212004794,0
0.16191437578627932, -1.2707353014280052,0
0.20238985892956585, -0.9917491341289584,0
-0.475360558716481, -0.6970407521304721,0
-0.7394740846830932, -0.2667716426360403,0
-0.11457771704065661, -1.3905810241393826,0
0.7286161649358164, 0.6335750533594381,0
0.20238985892956585, -0.9917491341289584,0
-0.6270864195512419, -1.35128630226309,0
0.24858685638030825, 1.5793205303130537,0
0.2866806077784543, -1.8051351288492454,0
0.06190527751475178, 0.36389419040485427,0
-0.07410223389737008, -1.1115948568403355,0
0.10572054322035379, -0.7284779716144797,0
-0.13029606646329572, -0.5693375270268106,0
-0.2550622984554706, -0.03493769960556986,0
0.3717652672090562, -1.3973738480824172,0
0.03380836123178904, 0.6350228553116165,0
0.24858685638030825, 1.5793205303130537,0
-0.43488507557319445, -0.4180545848314252,0
0.11809911008067744, -0.17836313940867066,0
-0.39106980986759254, -1.5104267468507597,0
0.16191437578627932, -1.2707353014280052,0
-0.005873211329784078, 1.577183963499685,0
0.218108208352205, -1.8129926312415297,0
-0.017908401331444397, -1.6538521866538598,0
-0.0013961413270918988, -1.253948408279317,0
0.20238985892956585, -0.9917491341289584,0
0.2585836914954916, -1.5340064639424826,0
-0.03397012761274687, 1.8483126284064477,0
0.2320745963759556, 1.1794167519385101,0
-1.3048368371972885, -1.056577920264604,0
0.5154254909507241, 2.131571929332231,0
-0.017908401331444397, -1.6538521866538598,0
-0.13029606646329572, -0.5693375270268106,0
0.11809911008067744, -0.17836313940867066,0
-0.02949305761005469, -0.9828197433725542,0
0.16270828636799284, -0.049588025940889346,0
0.23048677521252864, -1.2628777990357212,0
-0.11457771704065661, -1.3905810241393826,0
-0.1707715496065822, -0.848323694325857,0
0.38827752721340875, -0.9974700697078742,0
0.24620512463516775, -2.0841212961482922,0
0.23048677521252864, -1.2628777990357212,0
-0.06286095447742307, 0.898294017826095,0
0.2585836914954916, -1.5340064639424826,0
-1.3329337534802514, -0.7854492553578412,0
-0.1707715496065822, -0.848323694325857,0
-0.2550622984554706, -0.03493769960556986,0
0.09000219379771462, 0.09276552549809158,0
0.13381745950331655, -0.9996066365212424,0
0.1461960263636402, -0.44949180431543334,0
-0.07410223389737008, -1.1115948568403355,0
-0.36297289358462964, -1.7815554117575214,0
0.5154254909507241, 2.131571929332231,0
0.19239302381438256, 2.1215778601265782,0
0.03380836123178904, 0.6350228553116165,0
-0.09095787076038603, 1.1694226827328573,0
-0.5034574749994438, -0.4259120872237094,0
0.19001129206924228, -1.5418639663347669,0
0.050320621236141616, 1.0349266336861604,0
0.26017151265891836, 0.9082880870317475,0
-0.07410223389737008, -1.1115948568403355,0
0.07841753751910446, 0.7637979687793979,0
0.2866806077784543, -1.8051351288492454,0
-0.0460053176144073, -1.3827235217470983,0
0.14698993694535367, 0.7716554711716821,0
0.11889302066239099, 1.0427841360784447,0
-0.03397012761274687, 1.8483126284064477,0
0.03380836123178904, 0.6350228553116165,0
0.17429294264660306, -0.7206204692221956,0
-0.25426838787375716, 1.1862095758815454,0
0.17429294264660306, -0.7206204692221956,0
0.2866806077784543, -1.8051351288492454,0
0.23048677521252864, -1.2628777990357212,0
0.17588076381002993, 1.7216740817520348,0
0.20238985892956585, -0.9917491341289584,0
-0.08648080075769365, -1.661709689046144,0
-0.7518526515434169, -0.8168864748418494,0
-0.1707715496065822, -0.848323694325857,0
0.06717625809915737, -1.2460909058870329,0
-0.07330832331565665, 0.10955241864677975,0
0.23048677521252864, -1.2628777990357212,0
0.10572054322035379, -0.7284779716144797,0
0.275095951499844, -1.13410268556794,0
0.16270828636799284, -0.049588025940889346,0
0.19239302381438256, 2.1215778601265782,0
-0.11905478704334876, 1.4405513476396197,0
0.31557143464313053, -0.8551165182688928,0
0.10572054322035379, -0.7284779716144797,0
0.2866806077784543, -1.8051351288492454,0
-1.2767399209143258, -1.327706585171366,0
0.16191437578627932, -1.2707353014280052,0
0.10572054322035379, -0.7284779716144797,0
-0.0460053176144073, -1.3827235217470983,0
-0.11905478704334876, 1.4405513476396197,0
-0.6270864195512419, -1.35128630226309,0
-0.41916672615055534, -1.2392980819439972,0
0.1461960263636402, -0.44949180431543334,0
0.275095951499844, -1.13410268556794,0
0.07762362693739094, -0.45734930670771745,0
0.11809911008067744, -0.17836313940867066,0
-0.05838388447473095, -1.9328383539529068,0
-0.06996854075334122, -1.2618059106716013,0
0.20238985892956585, -0.9917491341289584,0
0.2866806077784543, -1.8051351288492454,0
0.4022439152371593, 1.9949393134721656,0
0.16270828636799284, -0.049588025940889346,0
-0.19886846588954504, -0.5771950294190947,0
-0.10219915018033288, -0.8404661919335729,0
0.16350219694970639, 1.171559249546226,0
-0.05838388447473095, -1.9328383539529068,0
-0.11457771704065661, -1.3905810241393826,0
-0.0460053176144073, -1.3827235217470983,0
0.06190527751475178, 0.36389419040485427,0
0.10730836438378066, 1.7138165793597506,0
-0.02949305761005469, -0.9828197433725542,0
0.06190527751475178, 0.36389419040485427,0
0.19001129206924228, -1.5418639663347669,0
0.11889302066239099, 1.0427841360784447,0
-0.11457771704065661, -1.3905810241393826,0
0.19239302381438256, 2.1215778601265782,0
0.20238985892956585, -0.9917491341289584,0
-0.39106980986759254, -1.5104267468507597,0
0.20318376951127928, 0.22939814135815703,0
0.13381745950331655, -0.9996066365212424,0
-0.22617147159079426, 0.9150809109747833,0
-0.10219915018033288, -0.8404661919335729,0
0.276683772663271, 1.3081918654062914,0
0.19001129206924228, -1.5418639663347669,0
-0.07410223389737008, -1.1115948568403355,0
-0.0504823876170995, 1.4484088500319037,0
0.41875617524151204, 2.3948430918467096,0
0.11809911008067744, -0.17836313940867066,0
0.2866806077784543, -1.8051351288492454,0
-0.27788823415402786, -1.3737941309906945,0
0.19001129206924228, -1.5418639663347669,0
-0.36297289358462964, -1.7815554117575214,0
-0.0460053176144073, -1.3827235217470983,0
0.03380836123178904, 0.6350228553116165,0
0.19001129206924228, -1.5418639663347669,0
-0.022385471334136653, 1.1772801851251413,0
-0.915163168656788, -0.8000995816931611,0
0.09000219379771462, 0.09276552549809158,0
-0.8870662523738253, -1.0712282465999232,0
-0.6832802521171675, -0.8090289724495652,0
-0.6551833358342046, -1.0801576373563275,0
-0.005873211329784078, 1.577183963499685,0
0.2585836914954916, -1.5340064639424826,0
0.20238985892956585, -0.9917491341289584,0
0.1125793449681863, 0.1038314830678643,0
-0.11905478704334876, 1.4405513476396197,0
0.4022439152371593, 1.9949393134721656,0
0.06190527751475178, 0.36389419040485427,0
-1.2767399209143258, -1.327706585171366,0
-0.006667121911497431, 0.35603668801257016,0
0.2585836914954916, -1.5340064639424826,0
-1.2362644377710392, -1.0487204178723197,0
-0.0013961413270918988, -1.253948408279317,0
-1.3329337534802514, -0.7854492553578412,0
0.06190527751475178, 0.36389419040485427,0
0.1461960263636402, -0.44949180431543334,0
0.005711444948826194, 0.9061515202183792,0
-0.06286095447742307, 0.898294017826095,0
0.2890623395235947, 1.8583066976121003,0
-0.034764038194460334, 0.6271653529193324,0
-0.14267463332361938, -1.1194523592326198,0
-0.07410223389737008, -1.1115948568403355,0
0.31557143464313053, -0.8551165182688928,0
0.07921144810081779, 1.9849452442665132,0
-0.13029606646329572, -0.5693375270268106,0
0.11809911008067744, -0.17836313940867066,0
-1.3329337534802514, -0.7854492553578412,0
-0.39106980986759254, -1.5104267468507597,0
-0.05838388447473095, -1.9328383539529068,0
0.005711444948826194, 0.9061515202183792,0
0.19001129206924228, -1.5418639663347669,0
-0.6551833358342046, -1.0801576373563275,0
0.5584468460746126, -0.18194750817421784,0
0.19001129206924228, -1.5418639663347669,0
0.2585836914954916, -1.5340064639424826,0
0.2866806077784543, -1.8051351288492454,0
0.275095951499844, -1.13410268556794,0
-0.23741275101074136, -1.0948079636916472,0
0.07921144810081779, 1.9849452442665132,0
0.23048677521252864, -1.2628777990357212,0
0.11968693124410426, 2.2639314115655598,0
-0.7518526515434169, -0.8168864748418494,0
-0.09095787076038603, 1.1694226827328573,0
-0.08648080075769365, -1.661709689046144,0
-0.15839298274625851, -0.29820886212004794,0
0.1461960263636402, -0.44949180431543334,0
0.07921144810081779, 1.9849452442665132,0
-0.08648080075769365, -1.661709689046144,0
-0.03397012761274687, 1.8483126284064477,0
0.11809911008067744, -0.17836313940867066,0
0.19239302381438256, 2.1215778601265782,0
0.24620512463516775, -2.0841212961482922,0
0.7286161649358164, 0.6335750533594381,0
0.13381745950331655, -0.9996066365212424,0
-0.11905478704334876, 1.4405513476396197,0
0.16191437578627932, -1.2707353014280052,0
-0.13029606646329572, -0.5693375270268106,0
-0.005873211329784078, 1.577183963499685,0
-0.11457771704065661, -1.3905810241393826,0
0.1461960263636402, -0.44949180431543334,0
0.7286161649358164, 0.6335750533594381,0
0.19239302381438256, 2.1215778601265782,0
0.2866806077784543, -1.8051351288492454,0
-0.006667121911497431, 0.35603668801257016,0
-0.33249424555652657, 1.6107577497970613,0
-0.05758997389301747, -0.7116910784657915,0
0.10572054322035379, -0.7284779716144797,0
0.2585836914954916, -1.5340064639424826,0
-0.08648080075769365, -1.661709689046144,0
0.16350219694970639, 1.171559249546226,0
0.275095951499844, -1.13410268556794,0
-0.08648080075769365, -1.661709689046144,0
0.23048677521252864, -1.2628777990357212,0
0.2866806077784543, -1.8051351288492454,0
-0.10219915018033288, -0.8404661919335729,0
0.5030469240904004, 1.5814570971264226,0
-0.7113771684001303, -0.5379003075428026,0
0.23048677521252864, -1.2628777990357212,0
0.17429294264660306, -0.7206204692221956,0
-0.3224974104413433, -1.5025692444584755,0
-0.005873211329784078, 1.577183963499685,0
0.2866806077784543, -1.8051351288492454,0
0.31557143464313053, -0.8551165182688928,0
0.050320621236141616, 1.0349266336861604,0
0.1461960263636402, -0.44949180431543334,0
-0.022385471334136653, 1.1772801851251413,0
-0.005529834471120772, -1.1037373544480513,0
0.1461960263636402, -0.44949180431543334,0
0.19001129206924228, -1.5418639663347669,0
0.06717625809915737, -1.2460909058870329,0
0.2866806077784543, -1.8051351288492454,0
0.14698993694535367, 0.7716554711716821,0
0.10730836438378066, 1.7138165793597506,0
-1.6094258463071873, -0.9052949780692184,0
-0.017908401331444397, -1.6538521866538598,0
0.04952671065442815, -0.18622064180095477,0
0.17429294264660306, -0.7206204692221956,0
0.19001129206924228, -1.5418639663347669,0
0.19001129206924228, -1.5418639663347669,0
0.07762362693739094, -0.45734930670771745,0
-0.25426838787375716, 1.1862095758815454,0
-0.10219915018033288, -0.8404661919335729,0
-0.6956588189774912, -1.3591438046553743,0
0.20318376951127928, 0.22939814135815703,0
-1.2767399209143258, -1.327706585171366,0
0.09000219379771462, 0.09276552549809158,0
-0.14715170332631167, 1.7116800125463822,0
-0.027905236446627797, 1.4594748076016764,0
0.19001129206924228, -1.5418639663347669,0
-0.3498004161425926, -0.010293304064597553,0
-0.08648080075769365, -1.661709689046144,0
0.06717625809915737, -1.2460909058870329,0
0.13381745950331655, -0.9996066365212424,0
-0.1707715496065822, -0.848323694325857,0
0.10572054322035379, -0.7284779716144797,0
-0.05838388447473095, -1.9328383539529068,0
-0.07410223389737008, -1.1115948568403355,0
0.2585836914954916, -1.5340064639424826,0
-0.350594326724306, -1.231440579551713,0
-0.4629819918561573, -0.146925919924663,0
0.2866806077784543, -1.8051351288492454,0
-0.6832802521171675, -0.8090289724495652,0
0.4468530915244747, 2.123714426939947,0
0.2585836914954916, -1.5340064639424826,0
0.050320621236141616, 1.0349266336861604,0
-0.017908401331444397, -1.6538521866538598,0
-0.0013961413270918988, -1.253948408279317,0
0.02222370495317877, 1.3060552985929226,0
0.6732162429516042, 2.3969796586600784,0
-0.022385471334136653, 1.1772801851251413,0
0.31557143464313053, -0.8551165182688928,0
-0.41916672615055534, -1.2392980819439972,0
0.06717625809915737, -1.2460909058870329,0
0.11968693124410426, 2.2639314115655598,0
-0.6270864195512419, -1.35128630226309,0
-0.39106980986759254, -1.5104267468507597,0
0.4468530915244747, 2.123714426939947,0
0.04952671065442815, -0.18622064180095477,0
0.2866806077784543, -1.8051351288492454,0
-0.5034574749994438, -0.4259120872237094,0
0.005711444948826194, 0.9061515202183792,0
0.19001129206924228, -1.5418639663347669,0
0.10730836438378066, 1.7138165793597506,0
-0.10219915018033288, -0.8404661919335729,0
-0.1707715496065822, -0.848323694325857,0
-0.0013961413270918988, -1.253948408279317,0
-0.005873211329784078, 1.577183963499685,0
0.005711444948826194, 0.9061515202183792,0
-1.2767399209143258, -1.327706585171366,0
0.2866806077784543, -1.8051351288492454,0
0.20238985892956585, -0.9917491341289584,0
0.2320745963759556, 1.1794167519385101,0
-0.13029606646329572, -0.5693375270268106,0
0.20238985892956585, -0.9917491341289584,0
-0.14715170332631167, 1.7116800125463822,0
0.5600346672380394, 2.2603470428000128,0
-0.027905236446627797, 1.4594748076016764,0
-0.09095787076038603, 1.1694226827328573,0
0.16191437578627932, -1.2707353014280052,0
-0.0504823876170995, 1.4484088500319037,0
-0.03397012761274687, 1.8483126284064477,0
0.16191437578627932, -1.2707353014280052,0
0.17429294264660306, -0.7206204692221956,0
0.04952671065442815, -0.18622064180095477,0
0.6286070666642888, 2.2682045451922965,0
0.24699903521688127, -0.862974020661177,0
-0.14715170332631167, 1.7116800125463822,0
0.20318376951127928, 0.22939814135815703,0
-0.0504823876170995, 1.4484088500319037,0
-0.05838388447473095, -1.9328383539529068,0
0.4022439152371593, 1.9949393134721656,0
-0.08648080075769365, -1.661709689046144,0
0.19001129206924228, -1.5418639663347669,0
0.021429794371465305, 0.08490802310580742,0
0.6286070666642888, 2.2682045451922965,0
-0.03397012761274687, 1.8483126284064477,0
0.7286161649358164, 0.6335750533594381,0
-0.17411133216889768, 0.5230346349925235,0
0.19001129206924228, -1.5418639663347669,0
0.13381745950331655, -0.9996066365212424,0
-0.0460053176144073, -1.3827235217470983,0
0.17429294264660306, -0.7206204692221956,0
0.16350219694970639, 1.171559249546226,0
-0.3224974104413433, -1.5025692444584755,0
0.19001129206924228, -1.5418639663347669,0
0.19001129206924228, -1.5418639663347669,0
0.4022439152371593, 1.9949393134721656,0
-0.022385471334136653, 1.1772801851251413,0
-0.39106980986759254, -1.5104267468507597,0
-0.6551833358342046, -1.0801576373563275,0
-0.07410223389737008, -1.1115948568403355,0
0.24620512463516775, -2.0841212961482922,0
0.23048677521252864, -1.2628777990357212,0
-0.11457771704065661, -1.3905810241393826,0
-1.0283447443703528, -0.9367321975532266,0
-0.09095787076038603, 1.1694226827328573,0
-0.3224974104413433, -1.5025692444584755,0
0.1461960263636402, -0.44949180431543334,0
0.23048677521252864, -1.2628777990357212,0
0.23048677521252864, -1.2628777990357212,0
-0.14267463332361938, -1.1194523592326198,0
0.14778384752706716, 1.9928027466587974,0
0.11809911008067744, -0.17836313940867066,0
-0.40678815929023165, -0.6891832497381879,0
0.02222370495317877, 1.3060552985929226,0
-0.3224974104413433, -1.5025692444584755,0
0.14778384752706716, 1.9928027466587974,0
-0.022385471334136653, 1.1772801851251413,0
0.20397768009299283, 1.4505454168452725,0
0.10572054322035379, -0.7284779716144797,0
0.23048677521252864, -1.2628777990357212,0
-0.11457771704065661, -1.3905810241393826,0
0.04952671065442815, -0.18622064180095477,0
0.02222370495317877, 1.3060552985929226,0
0.23048677521252864, -1.2628777990357212,0
-0.02949305761005469, -0.9828197433725542,0
0.021429794371465305, 0.08490802310580742,0
-0.39106980986759254, -1.5104267468507597,0
-0.1137838064589431, -0.16943374865226662,0
-0.2269653821725078, -0.3060663645123321,0
0.13381745950331655, -0.9996066365212424,0
0.2585836914954916, -1.5340064639424826,0
-0.0013961413270918988, -1.253948408279317,0
-0.807252573527629, 0.9465181304587906,0
0.275095951499844, -1.13410268556794,0
-0.41916672615055534, -1.2392980819439972,0
0.19001129206924228, -1.5418639663347669,0
-0.8465907692305388, -0.7922420793008771,0
0.2866806077784543, -1.8051351288492454,0
0.11809911008067744, -0.17836313940867066,0
-3.1042739755737183, -0.420008931999055,0
0.021429794371465305, 0.08490802310580742,0
-0.19121575355999904, 1.4762617007503644,0
0.23048677521252864, -1.2628777990357212,0
-0.11457771704065661, -1.3905810241393826,0
0.2866806077784543, -1.8051351288492454,0
-0.11457771704065661, -1.3905810241393826,0
-0.05838388447473095, -1.9328383539529068,0
-0.05758997389301747, -0.7116910784657915,0
-0.21458681531218413, 0.24404846769347704,0
-0.08648080075769365, -1.661709689046144,0
0.23048677521252864, -1.2628777990357212,0
-0.11457771704065661, -1.3905810241393826,0
0.10572054322035379, -0.7284779716144797,0
-0.350594326724306, -1.231440579551713,0
0.07762362693739094, -0.45734930670771745,0
0.19001129206924228, -1.5418639663347669,0
-0.09806545703630398, -0.9906772457648384,0
-0.9878692612270663, -0.6577460302541798,0
0.4022439152371593, 1.9949393134721656,0
-0.3224974104413433, -1.5025692444584755,0
0.2585836914954916, -1.5340064639424826,0
-0.3605911618394893, 1.881886414703824,0
0.13381745950331655, -0.9996066365212424,0
0.06190527751475178, 0.36389419040485427,0
0.17429294264660306, -0.7206204692221956,0
0.19001129206924228, -1.5418639663347669,0
0.10572054322035379, -0.7284779716144797,0
0.13381745950331655, -0.9996066365212424,0
0.19001129206924228, -1.5418639663347669,0
0.5303499297916497, 0.0891811567325444,0
0.16270828636799284, -0.049588025940889346,0
-0.19807455530783158, 0.6439522460680207,0
0.09079610437942806, 1.3139128009852068,0
-0.05838388447473095, -1.9328383539529068,0
0.31715925580655746, 1.5871780327053377,0
-0.15839298274625851, -0.29820886212004794,0
-0.17524861960927435, 1.9828086774531446,0
-0.12950215588158226, 0.6518097484603048,0
0.23048677521252864, -1.2628777990357212,0
0.2585836914954916, -1.5340064639424826,0
0.275095951499844, -1.13410268556794,0
-0.350594326724306, -1.231440579551713,0
-0.14267463332361938, -1.1194523592326198,0
0.005711444948826194, 0.9061515202183792,0
0.07762362693739094, -0.45734930670771745,0
-0.09095787076038603, 1.1694226827328573,0
0.11809911008067744, -0.17836313940867066,0
0.23048677521252864, -1.2628777990357212,0
-0.15839298274625851, -0.29820886212004794,0
0.19001129206924228, -1.5418639663347669,0
0.11889302066239099, 1.0427841360784447,0
0.38827752721340875, -0.9974700697078742,0
0.16191437578627932, -1.2707353014280052,0
-0.02949305761005469, -0.9828197433725542,0
-0.03397012761274687, 1.8483126284064477,0
-0.3112561310213962, 0.5073196302079551,0
-0.9316754286611406, -1.2000033600677047,0
-1.3048368371972885, -1.056577920264604,0
0.2585836914954916, -1.5340064639424826,0
0.4022439152371593, 1.9949393134721656,0
0.19001129206924228, -1.5418639663347669,0
0.16350219694970639, 1.171559249546226,0
0.10572054322035379, -0.7284779716144797,0
0.23048677521252864, -1.2628777990357212,0
-0.723755735260454, -1.0880151397486115,0
-0.5420017601206399, -0.9435250214962618,0
0.1461960263636402, -0.44949180431543334,0
0.24699903521688127, -0.862974020661177,0
0.2866806077784543, -1.8051351288492454,0
0.3039867783645203, -0.18408407498758655,0
0.23048677521252864, -1.2628777990357212,0
-0.09095787076038603, 1.1694226827328573,0
-0.006667121911497431, 0.35603668801257016,0
-0.10219915018033288, -0.8404661919335729,0
0.2866806077784543, -1.8051351288492454,0
0.2866806077784543, -1.8051351288492454,0
0.16270828636799284, -0.049588025940889346,0
-0.2550622984554706, -0.03493769960556986,0
0.1461960263636402, -0.44949180431543334,0
-0.6956588189774912, -1.3591438046553743,0
0.24699903521688127, -0.862974020661177,0
-0.11457771704065661, -1.3905810241393826,0
-0.02949305761005469, -0.9828197433725542,0
0.13381745950331655, -0.9996066365212424,0
0.2585836914954916, -1.5340064639424826,0
0.13461137008503002, 0.2215406389658729,0
0.2585836914954916, -1.5340064639424826,0
-0.1707715496065822, -0.848323694325857,0
-0.017908401331444397, -1.6538521866538598,0
-0.6551833358342046, -1.0801576373563275,0
-0.13029606646329572, -0.5693375270268106,0
0.02222370495317877, 1.3060552985929226,0
-0.1707715496065822, -0.848323694325857,0
0.2585836914954916, -1.5340064639424826,0
-0.11457771704065661, -1.3905810241393826,0
0.2866806077784543, -1.8051351288492454,0
-0.03397012761274687, 1.8483126284064477,0
0.10730836438378066, 1.7138165793597506,0
0.06190527751475178, 0.36389419040485427,0
0.275095951499844, -1.13410268556794,0
-0.4472636424335181, -0.9681694170372344,0
0.19159911323266907, 0.9004305846394633,0
0.13461137008503002, 0.2215406389658729,0
0.11809911008067744, -0.17836313940867066,0
0.19001129206924228, -1.5418639663347669,0
0.10572054322035379, -0.7284779716144797,0
-0.06286095447742307, 0.898294017826095,0
-0.9597723449441035, -0.9288746951609426,0
0.04952671065442815, -0.18622064180095477,0
-1.0002478280873899, -1.207860862459989,0
0.17429294264660306, -0.7206204692221956,0
0.14778384752706716, 1.9928027466587974,0
-0.18648989902922136, -0.02708019721328572,0
0.03380836123178904, 0.6350228553116165,0
0.19001129206924228, -1.5418639663347669,0
0.3617684320938729, 1.715953146173119,0
0.10572054322035379, -0.7284779716144797,0
0.11809911008067744, -0.17836313940867066,0
-0.11457771704065661, -1.3905810241393826,0
0.16191437578627932, -1.2707353014280052,0
0.1461960263636402, -0.44949180431543334,0
0.19001129206924228, -1.5418639663347669,0
0.275095951499844, -1.13410268556794,0
-0.14267463332361938, -1.1194523592326198,0
-0.1707715496065822, -0.848323694325857,0
0.20238985892956585, -0.9917491341289584,0
-0.07330832331565665, 0.10955241864677975,0
-0.3224974104413433, -1.5025692444584755,0
0.16191437578627932, -1.2707353014280052,0
0.2866806077784543, -1.8051351288492454,0
-1.3329337534802514, -0.7854492553578412,0
-0.07410223389737008, -1.1115948568403355,0
-0.3224974104413433, -1.5025692444584755,0
-0.14267463332361938, -1.1194523592326198,0
-0.40678815929023165, -0.6891832497381879,0
-0.2831592147384335, 0.23619096530119285,0
0.2866806077784543, -1.8051351288492454,0
-0.0504823876170995, 1.4484088500319037,0
0.11809911008067744, -0.17836313940867066,0
-0.08648080075769365, -1.661709689046144,0
0.07762362693739094, -0.45734930670771745,0
0.09000219379771462, 0.09276552549809158,0
0.20397768009299283, 1.4505454168452725,0
0.4022439152371593, 1.9949393134721656,0
-0.006667121911497431, 0.35603668801257016,0
-0.1707715496065822, -0.848323694325857,0
0.13381745950331655, -0.9996066365212424,0
0.31715925580655746, 1.5871780327053377,0
0.2585836914954916, -1.5340064639424826,0
-0.5420017601206399, -0.9435250214962618,0
0.38986534837683573, 1.4448244812663569,0
-0.4183728155688419, -0.01815080645688169,0
0.13381745950331655, -0.9996066365212424,0
-0.350594326724306, -1.231440579551713,0
-0.1823562058851924, -0.1772912510445508,0
-0.39106980986759254, -1.5104267468507597,0
0.19001129206924228, -1.5418639663347669,0
0.07762362693739094, -0.45734930670771745,0
0.2866806077784543, -1.8051351288492454,0
-0.14715170332631167, 1.7116800125463822,0
-0.02949305761005469, -0.9828197433725542,0
-0.18648989902922136, -0.02708019721328572,0
0.04952671065442815, -0.18622064180095477,0
0.19239302381438256, 2.1215778601265782,0
-0.017908401331444397, -1.6538521866538598,0
-0.2269653821725078, -0.3060663645123321,0
0.11809911008067744, -0.17836313940867066,0
0.20238985892956585, -0.9917491341289584,0
0.19001129206924228, -1.5418639663347669,0
0.2866806077784543, -1.8051351288492454,0
0.2866806077784543, -1.8051351288492454,0
0.11809911008067744, -0.17836313940867066,0
0.039079341816194636, -0.9749622409802701,0
-0.40678815929023165, -0.6891832497381879,0
-0.05838388447473095, -1.9328383539529068,0
-0.09095787076038603, 1.1694226827328573,0
-0.7518526515434169, -0.8168864748418494,0
0.09079610437942806, 1.3139128009852068,0
0.19001129206924228, -1.5418639663347669,0
-0.40678815929023165, -0.6891832497381879,0
0.23048677521252864, -1.2628777990357212,0
0.2585836914954916, -1.5340064639424826,0
-0.43488507557319445, -0.4180545848314252,0
-0.15839298274625851, -0.29820886212004794,0
-0.5420017601206399, -0.9435250214962618,0
-0.0504823876170995, 1.4484088500319037,0
-0.36297289358462964, -1.7815554117575214,0
0.17429294264660306, -0.7206204692221956,0
0.04952671065442815, -0.18622064180095477,0
-0.0460053176144073, -1.3827235217470983,0
0.4022439152371593, 1.9949393134721656,0
0.24858685638030825, 1.5793205303130537,0
0.17429294264660306, -0.7206204692221956,0
-0.7518526515434169, -0.8168864748418494,0
0.23048677521252864, -1.2628777990357212,0
0.2866806077784543, -1.8051351288492454,0
-0.3621789830029163, -0.5604081362704066,0
-0.06996854075334122, -1.2618059106716013,0
0.10572054322035379, -0.7284779716144797,0
0.16191437578627932, -1.2707353014280052,0
-0.1707715496065822, -0.848323694325857,0
-1.9421117717000485, -0.4828833709670707,0
-0.41916672615055534, -1.2392980819439972,0
0.2585836914954916, -1.5340064639424826,0
0.31557143464313053, -0.8551165182688928,0
-0.40678815929023165, -0.6891832497381879,0
-0.39106980986759254, -1.5104267468507597,0
0.14698993694535367, 0.7716554711716821,0
-0.3498004161425926, -0.010293304064597553,0
0.16191437578627932, -1.2707353014280052,0
0.07762362693739094, -0.45734930670771745,0
0.24620512463516775, -2.0841212961482922,0
-0.1707715496065822, -0.848323694325857,0
-0.18648989902922136, -0.02708019721328572,0
0.19159911323266907, 0.9004305846394633,0
-0.10219915018033288, -0.8404661919335729,0
0.24620512463516775, -2.0841212961482922,0
-0.006667121911497431, 0.35603668801257016,0
0.20238985892956585, -0.9917491341289584,0
-0.07857930390006229, 1.7195375149386665,0
0.2866806077784543, -1.8051351288492454,0
0.04952671065442815, -0.18622064180095477,0
-0.1707715496065822, -0.848323694325857,0
-0.06286095447742307, 0.898294017826095,0
-0.3112561310213962, 0.5073196302079551,0
0.07762362693739094, -0.45734930670771745,0
0.04952671065442815, -0.18622064180095477,0
-0.11905478704334876, 1.4405513476396197,0
-0.4183728155688419, -0.01815080645688169,0
-0.6270864195512419, -1.35128630226309,0
-0.0013961413270918988, -1.253948408279317,0
0.17588076381002993, 1.7216740817520348,0
0.09079610437942806, 1.3139128009852068,0
-0.07410223389737008, -1.1115948568403355,0
-0.3498004161425926, -0.010293304064597553,0
0.24620512463516775, -2.0841212961482922,0
-0.07410223389737008, -1.1115948568403355,0
-0.08648080075769365, -1.661709689046144,0
0.2866806077784543, -1.8051351288492454,0
0.24620512463516775, -2.0841212961482922,0
0.06190527751475178, 0.36389419040485427,0
0.16191437578627932, -1.2707353014280052,0
0.02222370495317877, 1.3060552985929226,0
-0.723755735260454, -1.0880151397486115,0
0.16191437578627932, -1.2707353014280052,0
0.23048677521252864, -1.2628777990357212,0
0.1461960263636402, -0.44949180431543334,0
-0.1707715496065822, -0.848323694325857,0
0.10730836438378066, 1.7138165793597506,0
0.2866806077784543, -1.8051351288492454,0
0.30319286778280696, -1.4052313504747014,0
0.3436683509260933, -1.1262451831756557,0
0.24699903521688127, -0.862974020661177,0
0.021429794371465305, 0.08490802310580742,0
-0.6386710758298522, -0.6802538589817839,0
-1.3048368371972885, -1.056577920264604,0
0.19001129206924228, -1.5418639663347669,0
-0.05838388447473095, -1.9328383539529068,0
0.034602271813502394, 1.8561701307987317,0
0.04952671065442815, -0.18622064180095477,0
0.19001129206924228, -1.5418639663347669,0
-0.723755735260454, -1.0880151397486115,0
-0.11457771704065661, -1.3905810241393826,0
-0.0013961413270918988, -1.253948408279317,0
-0.027905236446627797, 1.4594748076016764,0
-0.06286095447742307, 0.898294017826095,0
0.2866806077784543, -1.8051351288492454,0
-0.7799495678263796, -0.5457578099350866,0
-0.03397012761274687, 1.8483126284064477,0
0.1461960263636402, -0.44949180431543334,0
-0.1707715496065822, -0.848323694325857,0
-0.14267463332361938, -1.1194523592326198,0
-0.005873211329784078, 1.577183963499685,0
-0.017908401331444397, -1.6538521866538598,0
-0.6551833358342046, -1.0801576373563275,0
0.17429294264660306, -0.7206204692221956,0
-0.09095787076038603, 1.1694226827328573,0
0.07921144810081779, 1.9849452442665132,0
-0.005873211329784078, 1.577183963499685,0
-0.022385471334136653, 1.1772801851251413,0
0.19001129206924228, -1.5418639663347669,0
0.02222370495317877, 1.3060552985929226,0
0.2866806077784543, -1.8051351288492454,0
-0.02949305761005469, -0.9828197433725542,0
-0.723755735260454, -1.0880151397486115,0
-0.1066762201830252, 1.9906661798454288,0
0.27096225835581517, -0.9838916317366742,0
-0.1707715496065822, -0.848323694325857,0
0.3436683509260933, -1.1262451831756557,0
0.41875617524151204, 2.3948430918467096,0
-0.03397012761274687, 1.8483126284064477,0
0.13381745950331655, -0.9996066365212424,0
0.19239302381438256, 2.1215778601265782,0
0.13381745950331655, -0.9996066365212424,0
-0.017908401331444397, -1.6538521866538598,0
0.218108208352205, -1.8129926312415297,0
0.06190527751475178, 0.36389419040485427,0
-0.15839298274625851, -0.29820886212004794,0
0.16191437578627932, -1.2707353014280052,0
-0.19886846588954504, -0.5771950294190947,0
0.218108208352205, -1.8129926312415297,0
0.02222370495317877, 1.3060552985929226,0
0.19239302381438256, 2.1215778601265782,0
0.005711444948826194, 0.9061515202183792,0
0.16191437578627932, -1.2707353014280052,0
0.17588076381002993, 1.7216740817520348,0
0.07921144810081779, 1.9849452442665132,0
0.19001129206924228, -1.5418639663347669,0
0.10730836438378066, 1.7138165793597506,0
0.04952671065442815, -0.18622064180095477,0
0.2866806077784543, -1.8051351288492454,0
-0.08648080075769365, -1.661709689046144,0
0.2866806077784543, -1.8051351288492454,0
-0.07410223389737008, -1.1115948568403355,0
0.19001129206924228, -1.5418639663347669,0
0.005711444948826194, 0.9061515202183792,0
-0.1707715496065822, -0.848323694325857,0
-0.19886846588954504, -0.5771950294190947,0
-1.3048368371972885, -1.056577920264604,0
0.2585836914954916, -1.5340064639424826,0
0.20238985892956585, -0.9917491341289584,0
0.22048994009734535, 1.850449195219816,0
0.14698993694535367, 0.7716554711716821,0
0.13381745950331655, -0.9996066365212424,0
-0.11905478704334876, 1.4405513476396197,0
0.2585836914954916, -1.5340064639424826,0
-1.3329337534802514, -0.7854492553578412,0
0.1461960263636402, -0.44949180431543334,0
-0.07410223389737008, -1.1115948568403355,0
-0.14267463332361938, -1.1194523592326198,0
-0.3621789830029163, -0.5604081362704066,0
0.06717625809915737, -1.2460909058870329,0
0.2866806077784543, -1.8051351288492454,0
-0.6270864195512419, -1.35128630226309,0
0.09000219379771462, 0.09276552549809158,0
-0.15839298274625851, -0.29820886212004794,0
0.2585836914954916, -1.5340064639424826,0
0.3039867783645203, -0.18408407498758655,0
0.20238985892956585, -0.9917491341289584,0
0.13381745950331655, -0.9996066365212424,0
0.03380836123178904, 0.6350228553116165,0
-0.18648989902922136, -0.02708019721328572,0
-0.022385471334136653, 1.1772801851251413,0
-0.02949305761005469, -0.9828197433725542,0
0.218108208352205, -1.8129926312415297,0
-0.3902758992858791, -0.2892794713636439,0
0.06717625809915737, -1.2460909058870329,0
0.10572054322035379, -0.7284779716144797,0
-2.5231928736368836, -0.4514461514830632,0
0.10572054322035379, -0.7284779716144797,0
0.19001129206924228, -1.5418639663347669,0
-0.09095787076038603, 1.1694226827328573,0
0.16270828636799284, -0.049588025940889346,0
-0.41916672615055534, -1.2392980819439972,0
0.10572054322035379, -0.7284779716144797,0
-0.19886846588954504, -0.5771950294190947,0
-0.10140523959861944, 0.3806810835535425,0
-0.03397012761274687, 1.8483126284064477,0
-0.350594326724306, -1.231440579551713,0
-0.1707715496065822, -0.848323694325857,0
0.1461960263636402, -0.44949180431543334,0
0.20238985892956585, -0.9917491341289584,0
0.04952671065442815, -0.18622064180095477,0
-0.40678815929023165, -0.6891832497381879,0
0.6162284998039651, 1.7180897129864878,0
-0.10140523959861944, 0.3806810835535425,0
0.17429294264660306, -0.7206204692221956,0
0.13381745950331655, -0.9996066365212424,0
0.11809911008067744, -0.17836313940867066,0
-0.4910789081391201, 0.12420274498209971,0
0.2320745963759556, 1.1794167519385101,0
0.2585836914954916, -1.5340064639424826,0
0.11809911008067744, -0.17836313940867066,0
0.2585836914954916, -1.5340064639424826,0
0.19001129206924228, -1.5418639663347669,0
-0.7518526515434169, -0.8168864748418494,0
0.13461137008503002, 0.2215406389658729,0
-0.11905478704334876, 1.4405513476396197,0
0.2866806077784543, -1.8051351288492454,0
0.17588076381002993, 1.7216740817520348,0
-0.10140523959861944, 0.3806810835535425,0
-0.022385471334136653, 1.1772801851251413,0
-0.0452114070326938, -0.16157624625998246,0
-1.0002478280873899, -1.207860862459989,0
-0.33935304730435906, 0.7784482951147178,0
0.17429294264660306, -0.7206204692221956,0
0.23048677521252864, -1.2628777990357212,0
0.17429294264660306, -0.7206204692221956,0
0.10730836438378066, 1.7138165793597506,0
-0.39106980986759254, -1.5104267468507597,0
0.04952671065442815, -0.18622064180095477,0
0.3617684320938729, 1.715953146173119,0
0.2866806077784543, -1.8051351288492454,0
-0.13029606646329572, -0.5693375270268106,0
-0.022385471334136653, 1.1772801851251413,0
-0.7394740846830932, -0.2667716426360403,0
-0.08648080075769365, -1.661709689046144,0
-0.41916672615055534, -1.2392980819439972,0
0.19001129206924228, -1.5418639663347669,0
-0.7229618246787405, 0.13313213573850374,0
-0.915163168656788, -0.8000995816931611,0
-0.017908401331444397, -1.6538521866538598,0
-0.09095787076038603, 1.1694226827328573,0
0.13381745950331655, -0.9996066365212424,0
-0.242683731595147, 0.5151771326002393,0
-0.006667121911497431, 0.35603668801257016,0
-0.1707715496065822, -0.848323694325857,0
0.2866806077784543, -1.8051351288492454,0
-0.33935304730435906, 0.7784482951147178,0
0.24620512463516775, -2.0841212961482922,0
-0.10219915018033288, -0.8404661919335729,0
-0.15839298274625851, -0.29820886212004794,0
0.17508685322831652, 0.5005268062649197,0
0.4022439152371593, 1.9949393134721656,0
0.06190527751475178, 0.36389419040485427,0
-0.3059851504369906, -1.1026654660839315,0
0.23048677521252864, -1.2628777990357212,0
-0.350594326724306, -1.231440579551713,0
-0.14267463332361938, -1.1194523592326198,0
-0.017908401331444397, -1.6538521866538598,0
-0.07410223389737008, -1.1115948568403355,0
-0.0460053176144073, -1.3827235217470983,0
-0.07410223389737008, -1.1115948568403355,0
0.11809911008067744, -0.17836313940867066,0
0.13381745950331655, -0.9996066365212424,0
0.22048994009734535, 1.850449195219816,0
-0.08648080075769365, -1.661709689046144,0
-0.08568689017598033, -0.4405624135590293,0
0.11809911008067744, -0.17836313940867066,0
0.2320745963759556, 1.1794167519385101,0
0.16191437578627932, -1.2707353014280052,0
-0.11457771704065661, -1.3905810241393826,0
-0.09095787076038603, 1.1694226827328573,0
-0.05838388447473095, -1.9328383539529068,0
-0.18648989902922136, -0.02708019721328572,0
0.19001129206924228, -1.5418639663347669,0
-0.1707715496065822, -0.848323694325857,0
-0.43488507557319445, -0.4180545848314252,0
0.20238985892956585, -0.9917491341289584,0
0.218108208352205, -1.8129926312415297,0
0.23048677521252864, -1.2628777990357212,0
-0.2269653821725078, -0.3060663645123321,0
-0.11457771704065661, -1.3905810241393826,0
-0.13029606646329572, -0.5693375270268106,0
-0.0460053176144073, -1.3827235217470983,0
0.13381745950331655, -0.9996066365212424,0
-0.0006022307453783932, -0.032801132792201135,0
0.14698993694535367, 0.7716554711716821,0
-0.1707715496065822, -0.848323694325857,0
0.6162284998039651, 1.7180897129864878,0
0.20238985892956585, -0.9917491341289584,0
-0.11905478704334876, 1.4405513476396197,0
0.31557143464313053, -0.8551165182688928,0
-0.07857930390006229, 1.7195375149386665,0
0.2866806077784543, -1.8051351288492454,0
0.13381745950331655, -0.9996066365212424,0
0.14698993694535367, 0.7716554711716821,0
-0.36297289358462964, -1.7815554117575214,0
0.07762362693739094, -0.45734930670771745,0
0.7286161649358164, 0.6335750533594381,0
-0.03397012761274687, 1.8483126284064477,0
0.3617684320938729, 1.715953146173119,0
0.10572054322035379, -0.7284779716144797,0
-0.10219915018033288, -0.8404661919335729,0
0.1461960263636402, -0.44949180431543334,0
0.10572054322035379, -0.7284779716144797,0
-0.08648080075769365, -1.661709689046144,0
0.23048677521252864, -1.2628777990357212,0
0.19001129206924228, -1.5418639663347669,0
0.3436683509260933, -1.1262451831756557,0
-0.11905478704334876, 1.4405513476396197,0
0.02222370495317877, 1.3060552985929226,0
0.20238985892956585, -0.9917491341289584,0
-0.27788823415402786, -1.3737941309906945,0
0.16191437578627932, -1.2707353014280052,0
0.13461137008503002, 0.2215406389658729,0
0.2866806077784543, -1.8051351288492454,0
-0.41916672615055534, -1.2392980819439972,0
0.04952671065442815, -0.18622064180095477,0
-0.43488507557319445, -0.4180545848314252,0
-0.09095787076038603, 1.1694226827328573,0
0.20238985892956585, -0.9917491341289584,0
0.20238985892956585, -0.9917491341289584,0
-0.0460053176144073, -1.3827235217470983,0
-0.11457771704065661, -1.3905810241393826,0
-0.25426838787375716, 1.1862095758815454,0
-0.37869124300726886, -0.9603119146449501,0
0.16350219694970639, 1.171559249546226,0
-0.475360558716481, -0.6970407521304721,0
0.20318376951127928, 0.22939814135815703,0
-0.022385471334136653, 1.1772801851251413,0
0.14778384752706716, 1.9928027466587974,0
0.19239302381438256, 2.1215778601265782,0
-0.02949305761005469, -0.9828197433725542,0
-0.14715170332631167, 1.7116800125463822,0
0.24699903521688127, -0.862974020661177,0
0.2866806077784543, -1.8051351288492454,0
-0.723755735260454, -1.0880151397486115,0
0.31715925580655746, 1.5871780327053377,0
0.021429794371465305, 0.08490802310580742,0
-0.40678815929023165, -0.6891832497381879,0
0.07921144810081779, 1.9849452442665132,0
0.10572054322035379, -0.7284779716144797,0
0.3039867783645203, -0.18408407498758655,0
0.16350219694970639, 1.171559249546226,0
-0.005873211329784078, 1.577183963499685,0
-0.41916672615055534, -1.2392980819439972,0
0.1461960263636402, -0.44949180431543334,0
-0.41916672615055534, -1.2392980819439972,0
-0.2269653821725078, -0.3060663645123321,0
0.2890623395235947, 1.8583066976121003,0
0.06190527751475178, 0.36389419040485427,0
0.218108208352205, -1.8129926312415297,0
0.17429294264660306, -0.7206204692221956,0
0.2585836914954916, -1.5340064639424826,0
0.11809911008067744, -0.17836313940867066,0
0.20318376951127928, 0.22939814135815703,0
0.38986534837683573, 1.4448244812663569,0
0.23048677521252864, -1.2628777990357212,0
-0.9597723449441035, -0.9288746951609426,0
0.17429294264660306, -0.7206204692221956,0
0.4022439152371593, 1.9949393134721656,0
0.19001129206924228, -1.5418639663347669,0
0.23048677521252864, -1.2628777990357212,0
0.19239302381438256, 2.1215778601265782,0
-1.9140148554170857, -0.7540120358738335,0
-0.18648989902922136, -0.02708019721328572,0
0.06190527751475178, 0.36389419040485427,0
-0.06286095447742307, 0.898294017826095,0
0.1874654200886402, 1.050641638470729,0
-0.06286095447742307, 0.898294017826095,0
-0.02949305761005469, -0.9828197433725542,0
0.19001129206924228, -1.5418639663347669,0
-0.4183728155688419, -0.01815080645688169,0
0.19001129206924228, -1.5418639663347669,0
0.17429294264660306, -0.7206204692221956,0
-0.022385471334136653, 1.1772801851251413,0
-0.16997763902486873, 0.3728235811612583,0
0.13381745950331655, -0.9996066365212424,0
0.005711444948826194, 0.9061515202183792,0
-0.19886846588954504, -0.5771950294190947,0
0.23048677521252864, -1.2628777990357212,0
0.07762362693739094, -0.45734930670771745,0
0.23048677521252864, -1.2628777990357212,0
0.23048677521252864, -1.2628777990357212,0
-0.07410223389737008, -1.1115948568403355,0
0.2585836914954916, -1.5340064639424826,0
0.2866806077784543, -1.8051351288492454,0
-0.25426838787375716, 1.1862095758815454,0
-0.11905478704334876, 1.4405513476396197,0
-0.11457771704065661, -1.3905810241393826,0
-0.11457771704065661, -1.3905810241393826,0
0.218108208352205, -1.8129926312415297,0
0.19239302381438256, 2.1215778601265782,0
0.1811517443944356, 0.11168898546014847,0
-0.7394740846830932, -0.2667716426360403,0
0.16191437578627932, -1.2707353014280052,0
0.17429294264660306, -0.7206204692221956,0
-0.4472636424335181, -0.9681694170372344,0
0.07921144810081779, 1.9849452442665132,0
-0.36297289358462964, -1.7815554117575214,0
0.14778384752706716, 1.9928027466587974,0
0.06717625809915737, -1.2460909058870329,0
0.20238985892956585, -0.9917491341289584,0
-0.242683731595147, 0.5151771326002393,0
0.050320621236141616, 1.0349266336861604,0
0.13381745950331655, -0.9996066365212424,0
-0.08648080075769365, -1.661709689046144,0
-0.017114490749731016, -0.4327049111667452,0
-1.0283447443703528, -0.9367321975532266,0
0.2866806077784543, -1.8051351288492454,0
0.20238985892956585, -0.9917491341289584,0
0.14778384752706716, 1.9928027466587974,0
0.17429294264660306, -0.7206204692221956,0
-0.022385471334136653, 1.1772801851251413,0
0.218108208352205, -1.8129926312415297,0
-0.40678815929023165, -0.6891832497381879,0
0.10572054322035379, -0.7284779716144797,0
0.4468530915244747, 2.123714426939947,0
0.11809911008067744, -0.17836313940867066,0
0.09000219379771462, 0.09276552549809158,0
-0.3059851504369906, -1.1026654660839315,0
0.13381745950331655, -0.9996066365212424,0
0.1461960263636402, -0.44949180431543334,0
-0.06286095447742307, 0.898294017826095,0
-0.10140523959861944, 0.3806810835535425,0
-0.13029606646329572, -0.5693375270268106,0
0.04952671065442815, -0.18622064180095477,0
-0.09806545703630398, -0.9906772457648384,0
-0.19886846588954504, -0.5771950294190947,0
0.14778384752706716, 1.9928027466587974,0
0.24620512463516775, -2.0841212961482922,0
0.2585836914954916, -1.5340064639424826,0
0.23048677521252864, -1.2628777990357212,0
-0.07410223389737008, -1.1115948568403355,0
-0.02949305761005469, -0.9828197433725542,0
-0.05838388447473095, -1.9328383539529068,0
0.2585836914954916, -1.5340064639424826,0
-0.022385471334136653, 1.1772801851251413,0
-0.05838388447473095, -1.9328383539529068,0
0.17588076381002993, 1.7216740817520348,0
0.48732857466776125, 2.4027005942389934,0
0.1461960263636402, -0.44949180431543334,0
-0.0013961413270918988, -1.253948408279317,0
-0.02949305761005469, -0.9828197433725542,0
-0.6551833358342046, -1.0801576373563275,0
-0.0460053176144073, -1.3827235217470983,0
0.13540528066674345, 1.4426879144529883,0
-0.2831592147384335, 0.23619096530119285,0
-0.02949305761005469, -0.9828197433725542,0
-0.11457771704065661, -1.3905810241393826,0
-0.07857930390006229, 1.7195375149386665,0
-0.017908401331444397, -1.6538521866538598,0
-0.09095787076038603, 1.1694226827328573,0
0.03380836123178904, 0.6350228553116165,0
0.11809911008067744, -0.17836313940867066,0
0.20238985892956585, -0.9917491341289584,0
0.24699903521688127, -0.862974020661177,0
0.48732857466776125, 2.4027005942389934,0
-0.07857930390006229, 1.7195375149386665,0
0.1461960263636402, -0.44949180431543334,0
0.1461960263636402, -0.44949180431543334,0
-0.2269653821725078, -0.3060663645123321,0
0.06717625809915737, -1.2460909058870329,0
-0.5420017601206399, -0.9435250214962618,0
0.2866806077784543, -1.8051351288492454,0
-0.1066762201830252, 1.9906661798454288,0
0.13540528066674345, 1.4426879144529883,0
-0.017908401331444397, -1.6538521866538598,0
-0.15839298274625851, -0.29820886212004794,0
0.17429294264660306, -0.7206204692221956,0
-0.10140523959861944, 0.3806810835535425,0
0.10572054322035379, -0.7284779716144797,0
0.11809911008067744, -0.17836313940867066,0
0.10730836438378066, 1.7138165793597506,0
0.2866806077784543, -1.8051351288492454,0
0.2585836914954916, -1.5340064639424826,0
0.24620512463516775, -2.0841212961482922,0
-0.11457771704065661, -1.3905810241393826,0
0.5303499297916497, 0.0891811567325444,0
0.17588076381002993, 1.7216740817520348,0
0.31557143464313053, -0.8551165182688928,0
0.11809911008067744, -0.17836313940867066,0
-0.022385471334136653, 1.1772801851251413,0
-0.22617147159079426, 0.9150809109747833,0
-0.06286095447742307, 0.898294017826095,0
-0.09095787076038603, 1.1694226827328573,0
0.218108208352205, -1.8129926312415297,0
-0.4472636424335181, -0.9681694170372344,0
0.14698993694535367, 0.7716554711716821,0
-0.017908401331444397, -1.6538521866538598,0
-0.2269653821725078, -0.3060663645123321,0
-0.36297289358462964, -1.7815554117575214,0
0.218108208352205, -1.8129926312415297,0
-0.2550622984554706, -0.03493769960556986,0
0.41875617524151204, 2.3948430918467096,0
0.4022439152371593, 1.9949393134721656,0
0.11809911008067744, -0.17836313940867066,0
-0.350594326724306, -1.231440579551713,0
0.2585836914954916, -1.5340064639424826,0
0.2585836914954916, -1.5340064639424826,0
0.33367151581091015, 1.9870818110798816,0
0.2866806077784543, -1.8051351288492454,0
-0.10219915018033288, -0.8404661919335729,0
1.4778658398068805, 3.9035228018863455,0
0.2585836914954916, -1.5340064639424826,0
-0.6956588189774912, -1.3591438046553743,0
0.20238985892956585, -0.9917491341289584,0
-0.6956588189774912, -1.3591438046553743,0
-0.39106980986759254, -1.5104267468507597,0
0.24620512463516775, -2.0841212961482922,0
-0.350594326724306, -1.231440579551713,0
0.04952671065442815, -0.18622064180095477,0
0.07921144810081779, 1.9849452442665132,0
0.07762362693739094, -0.45734930670771745,0
0.218108208352205, -1.8129926312415297,0
0.17429294264660306, -0.7206204692221956,0
-0.6551833358342046, -1.0801576373563275,0
-0.3224974104413433, -1.5025692444584755,0
0.2866806077784543, -1.8051351288492454,0
-0.07410223389737008, -1.1115948568403355,0
-1.015966177510029, -0.38661736534741753,0
0.275095951499844, -1.13410268556794,0
0.06717625809915737, -1.2460909058870329,0
-0.40678815929023165, -0.6891832497381879,0
0.06190527751475178, 0.36389419040485427,0
0.2866806077784543, -1.8051351288492454,0
-0.6956588189774912, -1.3591438046553743,0
-0.4464697318518047, 0.2529778584498811,0
0.2866806077784543, -1.8051351288492454,1
-0.18569598844750781, 1.1940670782738296,1
0.36018061093044595, -0.7263414048011115,1
0.06717625809915737, -1.2460909058870329,1
0.33208369464748316, -0.45521273989434885,1
-0.7615061097999368, -0.3844807985340488,1
0.1811517443944356, 0.11168898546014847,1
-0.43488507557319445, -0.4180545848314252,1
-0.422849885571534, 2.8129815653221195,1
-0.20334553589223714, 2.253937342359907,1
-0.5824772432639265, -1.2225111887953088,1
1.6480351586680846, 4.719045363420002,1
0.3465952087248616, 2.430553444957454,1
0.09000219379771462, 0.09276552549809158,1
0.4311347421018356, 2.9449579240525185,1
0.1461960263636402, -0.44949180431543334,1
1.7331198180986864, 5.126806644186829,1
0.5154254909507241, 2.131571929332231,1
1.6480351586680846, 4.719045363420002,1
0.243067091267817, 1.8615151527895888,1
0.2866806077784543, -1.8051351288492454,1
-0.0460053176144073, -1.3827235217470983,1
-0.1628700527489506, 2.5329235096589544,1
-1.5243411868765855, -0.4975336973023907,1
-1.922874403091892, 0.8995409159210821,1
-0.6675619026945284, -1.6302724695621371,1
-0.2595393684581626, 2.7961946721734323,1
-1.1346675183360848, -0.24105535873094802,1
-4.8913325470898235, 0.7666748884723025,1
-0.1628700527489506, 2.5329235096589544,1
-1.5736762176946781, 0.8770330871934782,1
-0.21324777867684264, 1.3585525448523559,1
0.3581798650034719, 1.7595210016761484,1
0.3717652672090562, -1.3973738480824172,1
-0.02949305761005469, -0.9828197433725542,1
-0.25426838787375716, 1.1862095758815454,1
0.06717625809915737, -1.2460909058870329,1
-0.519175824422083, 0.39533140988886195,1
0.06717625809915737, -1.2460909058870329,1
-0.21379290473047072, 1.465195743180592,1
0.06717625809915737, -1.2460909058870329,1
-0.24716080159783904, 3.3463095043792412,1
1.2583614901275837, 4.46256702484856,1
0.23048677521252864, -1.2628777990357212,1
-0.0215915607524233, 2.3984274606122566,1
0.01177633611494528, 0.5173136994136079,1
-0.1707715496065822, -0.848323694325857,1
0.559240756656326, 1.0391997673128976,1
-1.3374108234829438, 2.045683116421161,1
0.19925182556221513, 2.9538873148089224,1
-0.3834170975380464, 0.5430299833187002,1
-1.554438849086522, 2.2594573740816313,1
0.24620512463516775, -2.0841212961482922,1
0.2866806077784543, -1.8051351288492454,1
0.6270192455008619, -0.17409000578193362,1
0.29846701325202923, 0.09811054748894843,1
-0.5824772432639265, -1.2225111887953088,1
-0.2595393684581626, 2.7961946721734323,1
0.06717625809915737, -1.2460909058870329,1
-0.07410223389737008, -1.1115948568403355,1
-0.1350219209940734, 0.9340043709368396,1
-0.519175824422083, 0.39533140988886195,1
0.3389424963953157, 0.37709671478799534,1
0.23734557696036118, -0.4305683443533764,1
-0.20334553589223714, 2.253937342359907,1
-0.422849885571534, 2.8129815653221195,1
0.21004257125911185, 1.0617075960405011,1
0.41224075035234264, -1.1183876807833715,1
0.20238985892956585, -0.9917491341289584,1
-0.9994539175056765, 0.013286413027126465,1
-0.4464697318518047, 0.2529778584498811,1
1.7777289943860017, 5.25558175765461,1
0.41224075035234264, -1.1183876807833715,1
1.7050229018157235, 5.397935309093592,1
1.4731399852761031, 5.406864699849996,1
-0.005529834471120772, -1.1037373544480513,1
0.2866806077784543, -1.8051351288492454,1
1.7331198180986864, 5.126806644186829,1
-0.12950215588158226, 0.6518097484603048,1
0.7013131592345669, 2.125850993753316,1
-0.26471575671199066, 0.39746797670223066,1
-0.3224974104413433, -1.5025692444584755,1
-1.6752731371296326, 0.06936802805210662,1
0.31770438186018535, 1.4805348343771016,1
0.42954692093840874, 0.5026633730782879,1
-0.5183819138403695, 1.6164786853759772,1
1.7331198180986864, 5.126806644186829,1
-0.11905478704334876, 1.4405513476396197,1
-0.25426838787375716, 1.1862095758815454,1
0.37255917779076964, -0.1762265725953024,1
-0.21379290473047072, 1.465195743180592,1
0.7128978155131772, 1.4548185504720095,1
-0.10219915018033288, -0.8404661919335729,1
0.4576438372213716, 0.23153470817152574,1
0.11943814671601882, 0.9361409377502085,1
0.30319286778280696, -1.4052313504747014,1
1.4285308089887878, 5.278089586382214,1
-0.947737154942443, 2.3021614549926035,1
0.456849926639658, -0.98961256731559,1
0.14698993694535367, 0.7716554711716821,1
-0.7615061097999368, -0.3844807985340488,1
-0.7667770903843425, 1.2255042977578372,1
1.6926443349554, 4.847820476887783,1
-0.3464606335802772, -1.3816516333829787,1
-0.422849885571534, 2.8129815653221195,1
-0.9994539175056765, 0.013286413027126465,1
0.6732162429516042, 2.3969796586600784,1
-0.7799495678263796, -0.5457578099350866,1
-0.23248514728499894, -0.023871742035797144,1
-0.422849885571534, 2.8129815653221195,1
1.2583614901275837, 4.46256702484856,1
0.24620512463516775, -2.0841212961482922,1
0.2866806077784543, -1.8051351288492454,1
0.4857407535043343, -0.03959395673523694,1
-0.34294161439475995, 0.8220161506177466,1
0.2866806077784543, -1.8051351288492454,1
0.06717625809915737, -1.2460909058870329,1
-0.3834170975380464, 0.5430299833187002,1
-0.2314424521752, 2.5250660072666706,1
0.2866806077784543, -1.8051351288492454,1
0.2866806077784543, -1.8051351288492454,1
-0.7799495678263796, -0.5457578099350866,1
0.24620512463516775, -2.0841212961482922,1
-1.9845880007703092, 1.7239928682111423,1
-0.17524861960927435, 1.9828086774531446,1
0.06717625809915737, -1.2460909058870329,1
0.2866806077784543, -1.8051351288492454,1
0.2866806077784543, -1.8051351288492454,1
0.03380836123178904, 0.6350228553116165,1
1.137527202084473, 2.272477678819034,1
0.1461960263636402, -0.44949180431543334,1
-0.03421891214083239, 0.5205221545910961,1
0.54193458607026, -0.5818512865487618,1
-0.022385471334136653, 1.1772801851251413,1
0.2866806077784543, -1.8051351288492454,1
-0.5254895001162874, -0.5436212431217184,1
-0.519175824422083, 0.39533140988886195,1
0.005711444948826194, 0.9061515202183792,1
0.04886500136279537, 3.4141458418351833,1
0.056385512402260675, 0.6460888128813893,1
1.579462759241835, 4.711187861027717,1
-1.7033700534125953, 0.3404966929588693,1
0.2866806077784543, -1.8051351288492454,1
0.24620512463516775, -2.0841212961482922,1
0.23366241753938238, 3.6217113029127406,1
-0.3224974104413433, -1.5025692444584755,1
0.33208369464748316, -0.45521273989434885,1
0.07762362693739094, -0.45734930670771745,1
0.2866806077784543, -1.8051351288492454,1
0.36862723384170537, 2.548262600855463,1
-0.20334553589223714, 2.253937342359907,1
-1.2688384240566943, 2.0535406188134453,1
-0.15153418099842597, 0.5341005925622961,1
-0.2914736363596121, 1.7831007187678716,1
0.06324431415009324, 1.4783982675637333,1
1.2583614901275837, 4.46256702484856,1
0.41637444349637165, -1.2685987346146357,1
-0.2595393684581626, 2.7961946721734323,1
0.28433648499281705, 3.3616485955757507,1
0.07762362693739094, -0.45734930670771745,1
0.09765490612726058, 2.146222255667551,1
0.31557143464313053, -0.8551165182688928,1
0.41224075035234264, -1.1183876807833715,1
-0.26471575671199066, 0.39746797670223066,1
0.08607024984865036, 2.8172546989488567,1
0.2866806077784543, -1.8051351288492454,1
-0.4629819918561573, -0.146925919924663,1
0.2866806077784543, -1.8051351288492454,1
0.41224075035234264, -1.1183876807833715,1
0.218108208352205, -1.8129926312415297,1
-0.4745666481347675, 0.5241065233566433,1
0.41224075035234264, -1.1183876807833715,1
-0.10771891529282407, -0.5582715694570378,1
0.2866806077784543, -1.8051351288492454,1
0.09606708496383368, -0.29607229530667967,1
0.36018061093044595, -0.7263414048011115,1
1.2583614901275837, 4.46256702484856,1
-1.083744666354565, 0.8266724077474135,1
0.24620512463516775, -2.0841212961482922,1
0.2896074655772226, 1.7516634992838642,1
0.24620512463516775, -2.0841212961482922,1
0.3465952087248616, 2.430553444957454,1
-0.49739258383332463, -0.8147499080284806,1
-0.3224974104413433, -1.5025692444584755,1
0.09079610437942806, 1.3139128009852068,1
0.1125793449681863, 0.1038314830678643,1
-4.8913325470898235, 0.7666748884723025,1
-1.3374108234829438, 2.045683116421161,1
-1.039929400648963, -0.2656997542719204,1
-1.3374108234829438, 2.045683116421161,1
0.7013131592345669, 2.125850993753316,1
0.24699903521688127, -0.862974020661177,1
0.17036099869753882, 2.0038687042285694,1
0.2866806077784543, -1.8051351288492454,1
-0.6262925089695285, -0.13013902677597483,1
0.2866806077784543, -1.8051351288492454,1
0.06717625809915737, -1.2460909058870329,1
-0.1851508623938798, 1.0874238799455933,1
0.19766400439878817, 0.5115927638346921,1
-0.21379290473047072, 1.465195743180592,1
-0.8011876823615098, 0.5576803096540197,1
0.33208369464748316, -0.45521273989434885,1
1.6034259823807688, 4.590270249952221,1
-0.3834170975380464, 0.5430299833187002,1
-0.015526669586304033, 2.0095896398074853,1
1.90328913695989, 5.942329205720485,1
0.8337321035562879, 3.644907896501534,1
-0.24134469495980548, 1.6296812097591182,1
-0.3902758992858791, -0.2892794713636439,1
-1.3374108234829438, 2.045683116421161,1
-0.9267478249353983, -0.1290671384118549,1
-0.0460053176144073, -1.3827235217470983,1
-1.6752731371296326, 0.06936802805210662,1
0.2866806077784543, -1.8051351288492454,1
0.41224075035234264, -1.1183876807833715,1
-0.10771891529282407, -0.5582715694570378,1
0.12495791182850996, 0.6539463152736734,1
-1.3754099825505115, 1.4214269838203717,1
0.3967241501246682, 2.2771339359487004,1
0.23734557696036118, -0.4305683443533764,1
-0.22617147159079426, 0.9150809109747833,1
0.28354257441110353, 2.140501320088635,1
0.09000219379771462, 0.09276552549809158,1
0.1461960263636402, -0.44949180431543334,1
0.17036099869753882, 2.0038687042285694,1
-0.020797650170709725, 3.6195747360993726,1
0.2866806077784543, -1.8051351288492454,1
0.021429794371465305, 0.08490802310580742,1
1.9478983132472054, 6.071104319188267,1
0.758300902382206, 2.804740939426906,1
-0.42116747207752925, 1.246564324533263,1
-0.5343490477910939, 1.1099317086731975,1
0.2866806077784543, -1.8051351288492454,1
0.2866806077784543, -1.8051351288492454,1
0.27037009696906644, 0.36923921239571117,1
0.23128068579424216, -0.04173052354860518,1
-0.0460053176144073, -1.3827235217470983,1
1.607559675524798, 4.440059196120955,1
0.2866806077784543, -1.8051351288492454,1
0.2890623395235947, 1.8583066976121003,1
0.06717625809915737, -1.2460909058870329,1
0.23128068579424216, -0.04173052354860518,1
-0.9994539175056765, 0.013286413027126465,1
1.579462759241835, 4.711187861027717,1
0.5154254909507241, 2.131571929332231,1
0.06717625809915737, -1.2460909058870329,1
0.12416400124679652, -0.5672009602134419,1
-0.1628700527489506, 2.5329235096589544,1
0.6162284998039651, 1.7180897129864878,1
0.41224075035234264, -1.1183876807833715,1
0.06717625809915737, -1.2460909058870329,1
0.5881315835210023, 1.9892183778932502,1
0.6635627846950841, 2.829385334967878,1
0.2866806077784543, -1.8051351288492454,1
-0.3674499635873219, 1.04957696002148,1
0.026700774955871004, -1.5250770731860785,1
0.12495791182850996, 0.6539463152736734,1
0.3959302395429548, 1.0559866604615857,1
-0.13581583157578686, -0.2871429045502757,1
0.4364057226862412, 1.3349728277606323,1
-0.1628700527489506, 2.5329235096589544,1
-0.8465907692305388, -0.7922420793008771,1
-0.0460053176144073, -1.3827235217470983,1
0.41716835407808506, -0.047451459127521106,1
0.2866806077784543, -1.8051351288492454,1
-0.8011876823615098, 0.5576803096540197,1
0.1811517443944356, 0.11168898546014847,1
0.6435315055052144, 0.22581377259260987,1
1.6480351586680846, 4.719045363420002,1
0.2866806077784543, -1.8051351288492454,1
-0.42309867009961943, 1.4851910915067685,1
0.06717625809915737, -1.2460909058870329,1
0.41224075035234264, -1.1183876807833715,1
0.3717652672090562, -1.3973738480824172,1
0.7081719609823995, 2.958160448435659,1
0.41224075035234264, -1.1183876807833715,1
-0.1707715496065822, -0.848323694325857,1
0.2866806077784543, -1.8051351288492454,1
-1.8096928273783275, 1.0361735317811476,1
0.8337321035562879, 3.644907896501534,1
0.41224075035234264, -1.1183876807833715,1
0.1811517443944356, 0.11168898546014847,1
-0.422849885571534, 2.8129815653221195,1
1.6480351586680846, 4.719045363420002,1
0.24620512463516775, -2.0841212961482922,1
0.41796226465979847, 1.1736958163595943,1
-0.017908401331444397, -1.6538521866538598,1
1.6926443349554, 4.847820476887783,1
0.3717652672090562, -1.3973738480824172,1
-1.2545756945074007, 3.6115163298498962,1
0.7714733798242431, 4.576003047119831,1
-0.7439511546857854, 2.5643607291429613,1
0.2866806077784543, -1.8051351288492454,1
-1.3374108234829438, 2.045683116421161,1
0.5716193235166498, 1.5893145995187066,1
0.13461137008503002, 0.2215406389658729,1
0.19766400439878817, 0.5115927638346921,1
-0.10219915018033288, -0.8404661919335729,1
0.021429794371465305, 0.08490802310580742,1
0.24620512463516775, -2.0841212961482922,1
0.3460500826712337, 2.5371966432856903,1
-0.5348941738447219, 1.2165749070014336,1
0.3717652672090562, -1.3973738480824172,1
0.08448242868522346, 0.3749601479746265,1
0.24699903521688127, -0.862974020661177,1
-0.3157332010240883, 3.3384520019869575,1
0.24620512463516775, -2.0841212961482922,1
0.758300902382206, 2.804740939426906,1
0.5435224072336868, 1.860443264425469,1
0.051908442399568544, 3.47722118466039,1
0.28433648499281705, 3.3616485955757507,1
-0.017908401331444397, -1.6538521866538598,1
-0.34294161439475995, 0.8220161506177466,1
0.2866806077784543, -1.8051351288492454,1
-0.33935304730435906, 0.7784482951147178,1
1.4285308089887878, 5.278089586382214,1
0.7987763855254925, 3.083727106725953,1
-0.14188072274190597, 0.10169491625449559,1
-0.7844266378290718, 2.2853745618439154,1
0.3460500826712337, 2.5371966432856903,1
0.04673205414574061, 1.0784944891891892,1
0.06717625809915737, -1.2460909058870329,1
0.09000219379771462, 0.09276552549809158,1
-0.6956588189774912, -1.3591438046553743,1
-0.22617147159079426, 0.9150809109747833,1
0.19080520265095563, -0.3207166908476521,1
-0.422849885571534, 2.8129815653221195,1
-0.382623186956333, 1.764177258805815,1
0.33208369464748316, -0.45521273989434885,1
-1.2969353403396573, 2.324669283720207,1
0.06717625809915737, -1.2460909058870329,1
-0.11826087646163519, 2.6616986231267354,1
0.20452280614662077, 1.343902218517036,1
-0.43075138242916555, -0.5682656386626908,1
-0.09534034843250033, -0.00815673725122884,1
-0.422849885571534, 2.8129815653221195,1
0.3617684320938729, 1.715953146173119,1
-0.8746876855135015, -0.5211134143941143,1
-0.4745666481347675, 0.5241065233566433,1
-0.28595387124712085, 1.500906096291337,1
-0.8011876823615098, 0.5576803096540197,1
-0.24716080159783904, 3.3463095043792412,1
-0.558857396983656, 1.3374925180769304,1
-0.26944161124276833, 1.9008098746658804,1
0.2827486638293901, 0.9193540446015203,1
0.5311438403733633, 1.3103284322196598,1
-1.8281362854047702, 0.8748965203801098,1
0.3843455832643446, 1.727019103742892,1
-0.1707715496065822, -0.848323694325857,1
0.24620512463516775, -2.0841212961482922,1
0.06717625809915737, -1.2460909058870329,1
0.3465952087248616, 2.430553444957454,1
0.3047806889462338, 1.0370632004995288,1
-1.1957889546277527, -0.7697342505732729,1
0.1461960263636402, -0.44949180431543334,1
1.6480351586680846, 4.719045363420002,1
0.33208369464748316, -0.45521273989434885,1
0.20238985892956585, -0.9917491341289584,1
0.3717652672090562, -1.3973738480824172,1
-0.7896030260828997, -0.11335213362728658,1
-0.42995747184745214, 0.6528816368244246,1
0.19001129206924228, -1.5418639663347669,1
0.2866806077784543, -1.8051351288492454,1
-0.3051912398552772, 0.11848180940318376,1
0.07762362693739094, -0.45734930670771745,1
-0.016320580168017563, 0.7884423643203702,1
-0.39106980986759254, -1.5104267468507597,1
0.039079341816194636, -0.9749622409802701,1
0.41224075035234264, -1.1183876807833715,1
0.2866806077784543, -1.8051351288492454,1
-0.6948649083957777, -0.137996529168259,1
0.10572054322035379, -0.7284779716144797,1
0.0062565710024541366, 0.799508321890143,1
0.3312897840657697, -1.6763600153814642,1
0.04618692809211267, 1.1851376875174255,1
-0.1628700527489506, 2.5329235096589544,1
0.28433648499281705, 3.3616485955757507,1
0.2866806077784543, -1.8051351288492454,1
-2.312548071632393, 0.6430625773496392,1
0.08368851810351002, -0.8461871275124888,1
0.5030469240904004, 1.5814570971264226,1
-0.6194337072216959, 0.7021704279063692,1
0.3389424963953157, 0.37709671478799534,1
0.41224075035234264, -1.1183876807833715,1
-0.6026726626892579, 2.429864680096265,1
0.23734557696036118, -0.4305683443533764,1
-0.017908401331444397, -1.6538521866538598,1
-0.5178367877867414, 1.5098354870477408,1
-0.11905478704334876, 1.4405513476396197,1
0.2866806077784543, -1.8051351288492454,1
0.3312897840657697, -1.6763600153814642,1
-0.7667770903843425, 1.2255042977578372,1
1.4285308089887878, 5.278089586382214,1
0.2874745183601678, -0.5839878533621301,1
-1.5243411868765855, -0.4975336973023907,1
-0.45612319010832464, 0.6853835347576811,1
0.4006560940737325, -0.44735523750206463,1
1.2583614901275837, 4.46256702484856,1
-0.25426838787375716, 1.1862095758815454,1
0.41224075035234264, -1.1183876807833715,1
0.8268733018084553, 2.8125984418191905,1
0.23734557696036118, -0.4305683443533764,1
1.7331198180986864, 5.126806644186829,1
0.14698993694535367, 0.7716554711716821,1
1.6199382423851216, 4.990174028326764,1
-0.49739258383332463, -0.8147499080284806,1
1.1821363783717884, 2.401252792286815,1
0.2866806077784543, -1.8051351288492454,1
-0.3902758992858791, -0.2892794713636439,1
0.2827486638293901, 0.9193540446015203,1
-0.27709432357231434, -0.15264685550357845,1
-0.10692500471111055, 0.6628757060300775,1
-3.2880286966405063, 1.9213633562258547,1
1.5629504992374823, 4.311284082653174,1
1.90328913695989, 5.942329205720485,1
-0.7791556572446662, 0.6753894655520287,1
-0.07410223389737008, -1.1115948568403355,1
0.16191437578627932, -1.2707353014280052,1
-0.29833243810744453, 0.9507912640855278,1
-2.2679388953450776, 0.7718376908174205,1
0.06717625809915737, -1.2460909058870329,1
1.2583614901275837, 4.46256702484856,1
0.005711444948826194, 0.9061515202183792,1
0.23366241753938238, 3.6217113029127406,1
-0.21379290473047072, 1.465195743180592,1
-0.6270864195512419, -1.35128630226309,1
-0.017908401331444397, -1.6538521866538598,1
0.36783332325999196, 1.327115325368348,1
-1.1399384989204906, 1.3689297375609386,1
0.09079610437942806, 1.3139128009852068,1
1.6926443349554, 4.847820476887783,1
0.2866806077784543, -1.8051351288492454,1
0.2585836914954916, -1.5340064639424826,1
1.90328913695989, 5.942329205720485,1
0.1461960263636402, -0.44949180431543334,1
0.2585836914954916, -1.5340064639424826,1
0.33208369464748316, -0.45521273989434885,1
0.3460500826712337, 2.5371966432856903,1
1.8182044775292883, 5.534567924953658,1
0.17036099869753882, 2.0038687042285694,1
0.54193458607026, -0.5818512865487618,1
1.7331198180986864, 5.126806644186829,1
0.02828859611929784, 0.9172174777881515,1
-1.1957889546277527, -0.7697342505732729,1
-0.0013961413270918988, -1.253948408279317,1
0.2866806077784543, -1.8051351288492454,1
0.5865437623575753, -0.45307617308098047,1
-0.22090049100638873, -0.6949041853171034,1
1.2178860069842972, 4.183580857549512,1
-0.3269744804440354, 1.3285631273205265,1
-1.2189582671849732, 0.5723306359893396,1
-0.519175824422083, 0.39533140988886195,1
-0.07882808842814781, 0.3917470411233147,1
0.021429794371465305, 0.08490802310580742,1
-0.25426838787375716, 1.1862095758815454,1
0.799570296107206, 4.304874382213068,1
0.2866806077784543, -1.8051351288492454,1
-4.8913325470898235, 0.7666748884723025,1
0.3670394126782785, 0.1059680498812326,1
0.5865437623575753, -0.45307617308098047,1
0.2866806077784543, -1.8051351288492454,1
0.5716193235166498, 1.5893145995187066,1
0.05359085589357315, 1.910803943871533,1
-0.0719692866803151, 1.2240564958056588,1
-0.6675619026945284, -1.6302724695621371,1
-2.949823006135154, 1.216757126647172,1
0.10730836438378066, 1.7138165793597506,1
0.41224075035234264, -1.1183876807833715,1
0.055591601820547225, -0.575058462605726,1
-4.8913325470898235, 0.7666748884723025,1
0.4006560940737325, -0.44735523750206463,1
0.22048994009734535, 1.850449195219816,1
0.14067626125114907, -0.16729718183889838,1
-0.10219915018033288, -0.8404661919335729,1
0.13461137008503002, 0.2215406389658729,1
-0.7326152829352606, 0.5655378120463039,1
-2.4092173873416054, 0.9063337398641178,1
0.09079610437942806, 1.3139128009852068,1
0.3460500826712337, 2.5371966432856903,1
0.7409947317961401, 1.1836898855652471,1
-0.022385471334136653, 1.1772801851251413,1
-0.4955559781418123, 2.9553351167611015,1
1.6364505023894744, 5.390077806701307,1
0.2827486638293901, 0.9193540446015203,1
-0.1628700527489506, 2.5329235096589544,1
-0.12950215588158226, 0.6518097484603048,1
1.9478983132472054, 6.071104319188267,1
-0.1628700527489506, 2.5329235096589544,1
-0.22090049100638873, -0.6949041853171034,1
-0.13581583157578686, -0.2871429045502757,1
-0.16918372844315532, 1.5939708566483735,1
0.2866806077784543, -1.8051351288492454,1
-0.24899740728935157, -0.4237755204103411,1
-0.6194337072216959, 0.7021704279063692,1
-0.4115140138210093, 0.8141586482254624,1
-2.942964204387321, 2.049066581329516,1
1.2583614901275837, 4.46256702484856,1
-0.19096696903191357, 2.804052174565716,1
0.7856039080834554, 1.3124649990330284,1
-0.15232809158013946, -0.6870466829248192,1
-0.0460053176144073, -1.3827235217470983,1
-0.1350219209940734, 0.9340043709368396,1
0.013115372750286736, 1.6318177765724868,1
-0.21324777867684264, 1.3585525448523559,1
-1.138599462285149, 2.4834338147198176,1
-0.8923372329582309, 0.538756849691963,1
1.6769259855327605, 5.6690639740003546,1
1.4285308089887878, 5.278089586382214,1
-0.010255689001898494, 0.39960454351559893,1
-0.422849885571534, 2.8129815653221195,1
0.2866806077784543, -1.8051351288492454,1
-0.5236528944247749, 3.226463781667864,1
-0.6378771652481386, 0.5408934165053314,1
0.5222842926985565, 2.963881384014575,1
1.90328913695989, 5.942329205720485,1
-0.519175824422083, 0.39533140988886195,1
0.026700774955871004, -1.5250770731860785,1
0.3959302395429548, 1.0559866604615857,1
0.06717625809915737, -1.2460909058870329,1
0.2866806077784543, -1.8051351288492454,1
0.3389424963953157, 0.37709671478799534,1
0.8673487849517417, 3.091584609118237,1
0.7417886423778535, 2.4048371610523622,1
-0.4569171006900381, -0.5357637407294342,1
-0.439610930103972, 1.085287313132225,1
1.137527202084473, 2.272477678819034,1
1.2583614901275837, 4.46256702484856,1
0.4006560940737325, -0.44735523750206463,1
-0.2314424521752, 2.5250660072666706,1
0.3389424963953157, 0.37709671478799534,1
-0.7730907660785471, 0.2865516447472574,1
-0.7896030260828997, -0.11335213362728658,1
-0.4955559781418123, 2.9553351167611015,1
-0.05679606331130402, 0.5094561970213238,1
-1.3374108234829438, 2.045683116421161,1
-1.554438849086522, 2.2594573740816313,1
0.3717652672090562, -1.3973738480824172,1
0.5881315835210023, 1.9892183778932502,1
0.7309978966809567, 4.2970168798207835,1
0.5881315835210023, 1.9892183778932502,1
1.6480351586680846, 4.719045363420002,1
-0.2914736363596121, 1.7831007187678716,1
0.2866806077784543, -1.8051351288492454,1
-0.2314424521752, 2.5250660072666706,1
-1.3374108234829438, 2.045683116421161,1
-0.6675619026945284, -1.6302724695621371,1
-0.11905478704334876, 1.4405513476396197,1
1.6480351586680846, 4.719045363420002,1
-0.34294161439475995, 0.8220161506177466,1
-0.7799495678263796, -0.5457578099350866,1
-0.4404048406856855, -0.13585996235489028,1
-0.4965986732516111, 0.4063973674586347,1
0.38827752721340875, -0.9974700697078742,1
0.3670394126782785, 0.1059680498812326,1
-0.4629819918561573, -0.146925919924663,1
0.7013131592345669, 2.125850993753316,1
-0.2314424521752, 2.5250660072666706,1
0.055591601820547225, -0.575058462605726,1
-0.3183637172973143, -1.65278029828974,1
0.19766400439878817, 0.5115927638346921,1
0.7362688772653623, 2.6870317835288966,1
0.23366241753938238, 3.6217113029127406,1
-0.5236528944247749, 3.226463781667864,1
0.2866806077784543, -1.8051351288492454,1
0.8433855618128079, 3.212502220193734,1
0.07762362693739094, -0.45734930670771745,1
0.8337321035562879, 3.644907896501534,1
-0.519175824422083, 0.39533140988886195,1
-0.11905478704334876, 1.4405513476396197,1
-0.1350219209940734, 0.9340043709368396,1
0.41224075035234264, -1.1183876807833715,1
0.41224075035234264, -1.1183876807833715,1
0.41224075035234264, -1.1183876807833715,1
-0.2707806478781097, 0.7863057975070019,1
0.41716835407808506, -0.047451459127521106,1
0.23048677521252864, -1.2628777990357212,1
1.6926443349554, 4.847820476887783,1
0.021429794371465305, 0.08490802310580742,1
0.36256234267558635, 2.9371004216602348,1
0.3389424963953157, 0.37709671478799534,1
1.5629504992374823, 4.311284082653174,1
-0.519175824422083, 0.39533140988886195,1
0.7136917260948906, 2.675965825959125,1
0.1461960263636402, -0.44949180431543334,1
-0.10219915018033288, -0.8404661919335729,1
1.7050229018157235, 5.397935309093592,1
0.36018061093044595, -0.7263414048011115,1
0.4865346640860478, 1.1815533187518785,1
1.137527202084473, 2.272477678819034,1
-0.2314424521752, 2.5250660072666706,1
-0.519175824422083, 0.39533140988886195,1
1.6480351586680846, 4.719045363420002,1
-0.2314424521752, 2.5250660072666706,1
-0.422849885571534, 2.8129815653221195,1
-0.3991354469606856, 1.3642734804312713,1
1.7050229018157235, 5.397935309093592,1
0.41637444349637165, -1.2685987346146357,1
1.6480351586680846, 4.719045363420002,1
-1.2688384240566943, 2.0535406188134453,1
0.3452561720895203, 1.3160493677985756,1
1.90328913695989, 5.942329205720485,1
-1.3754099825505115, 1.4214269838203717,1
0.06717625809915737, -1.2460909058870329,1
-0.5343490477910939, 1.1099317086731975,1
0.2866806077784543, -1.8051351288492454,1
-0.031493803537028575, 1.5030426631047056,1
0.06717625809915737, -1.2460909058870329,1
-0.0452114070326938, -0.16157624625998246,1
0.54193458607026, -0.5818512865487618,1
-0.13581583157578686, -0.2871429045502757,1
0.055591601820547225, -0.575058462605726,1
-0.28674778182883437, 0.2797588208042216,1
0.8260793912267419, 1.5914511663320747,1
-0.1628700527489506, 2.5329235096589544,1
0.2866806077784543, -1.8051351288492454,1
-0.422849885571534, 2.8129815653221195,1
0.09000219379771462, 0.09276552549809158,1
1.607559675524798, 4.440059196120955,1
0.12495791182850996, 0.6539463152736734,1
-0.0460053176144073, -1.3827235217470983,1
0.06717625809915737, -1.2460909058870329,1
1.6480351586680846, 4.719045363420002,1
0.04673205414574061, 1.0784944891891892,1
1.6480351586680846, 4.719045363420002,1
-0.6675619026945284, -1.6302724695621371,1
0.8433855618128079, 3.212502220193734,1
-0.422849885571534, 2.8129815653221195,1
0.41224075035234264, -1.1183876807833715,1
-0.9721509118044271, -1.4789895273667515,1
0.08034873554119457, 0.5251712018058922,1
0.2866806077784543, -1.8051351288492454,1
-0.7158542384028227, 2.2932320642361996,1
-0.5343490477910939, 1.1099317086731975,1
0.17429294264660306, -0.7206204692221956,1
0.6635627846950841, 2.829385334967878,1
0.23128068579424216, -0.04173052354860518,1
0.5784781252644822, 2.42162405420105,1
0.2381394875420747, 0.790578931133739,1
0.23048677521252864, -1.2628777990357212,1
0.28433648499281705, 3.3616485955757507,1
0.20452280614662077, 1.343902218517036,1
-0.3834170975380464, 0.5430299833187002,1
0.41224075035234264, -1.1183876807833715,1
0.5030469240904004, 1.5814570971264226,1
0.2538578369647138, -0.030664565978832933,1
0.17036099869753882, 2.0038687042285694,1
0.2381394875420747, 0.790578931133739,1
-0.6270864195512419, -1.35128630226309,1
-1.3374108234829438, 2.045683116421161,1
0.4452652703610479, -0.31858012403428326,1
1.4731399852761031, 5.406864699849996,1
0.8337321035562879, 3.644907896501534,1
-5.50051056530962, 1.0692407728630733,1
-0.2707806478781097, 0.7863057975070019,1
