1.2464831818461009, -1.3483927776729057,0
-0.8442091885532671, -0.5008822597527194,0
0.12671984210660242, -0.937153009029415,0
0.12671984210660242, -0.937153009029415,0
-0.8442091885532671, -0.5008822597527194,0
0.9665423469112261, -1.245582835512033,0
-1.304400191492335, 0.9725036910782845,0
1.1067325803046797, -0.6132171397275898,0
-1.1464404986125856, -0.03478459010892318,0
2.077661610964549, -1.0494878890042854,0
-0.9976061895329564, -0.0097536094757181,0
-0.5642683536183924, -0.603692201913592,0
-0.5911215206428966, 0.27575515647953797,0
-0.28432751868351785, -0.7065021440744648,0
-0.5865588287428363, -0.2404044744306684,0
-1.0287813944005484, 1.173361106493031,0
-1.4040908584230158, -0.2952623754309741,0
1.2291950304737496, -0.13372334737042932,0
-1.4040908584230158, -0.2952623754309741,0
-0.9930434976328962, -0.5259132403859246,0
1.9422330472662157, -0.6179796086345888,0
-0.8442091885532671, -0.5008822597527194,0
-0.8485312263963548, -0.1972149021771004,0
-1.1732936656370896, 0.8446627682842067,0
0.6822794741332638, -0.8391055357755414,0
-1.4263813335474598, 0.06802535205194951,0
-1.6840316933578907, -0.19245243327010148,0
-0.30661799380796173, -0.34321441659154106,0
-0.5642683536183924, -0.603692201913592,0
-1.4040908584230158, -0.2952623754309741,0
1.3953174909257298, -1.3233617970397007,0
2.0863056866507246, -1.6568226041555234,0
-1.0287813944005484, 1.173361106493031,0
1.797720776029674, -0.9466779468434129,0
-1.4263813335474598, 0.06802535205194951,0
-0.7176653545980818, -0.11256355163659074,0
-0.16210572257142028, -0.01451607838271695,0
-1.4040908584230158, -0.2952623754309741,0
2.077661610964549, -1.0494878890042854,0
-0.28432751868351785, -0.7065021440744648,0
1.2464831818461009, -1.3483927776729057,0
-1.4040908584230158, -0.2952623754309741,0
-0.4408838289304823, 4.0540223753741085,0
-1.281869062310919, 0.3967236902607736,0
2.0819836488076366, -1.3531552465799046,0
-0.28432751868351785, -0.7065021440744648,0
-0.9930434976328962, -0.5259132403859246,0
-0.8442091885532671, -0.5008822597527194,0
-1.6840316933578907, -0.19245243327010148,0
1.6622922123313408, -0.515169666473716,0
-0.004386683748643108, -0.8093120862353373,0
1.657970174488253, -0.211502308898097,0
-0.1577836847283325, -0.318183435958336,0
-0.004386683748643108, -0.8093120862353373,0
1.955199160795479, -1.5289816813614459,0
-0.8442091885532671, -0.5008822597527194,0
-1.2729843325677703, -0.4231032982250518,0
-1.6840316933578907, -0.19245243327010148,0
-1.6840316933578907, -0.19245243327010148,0
2.0733395731214608, -0.7458205314286664,0
-1.2729843325677703, -0.4231032982250518,0
2.0646954974352854, -0.13848581627742806,0
1.1110546181477674, -0.9168844973032088,0
-1.2729843325677703, -0.4231032982250518,0
1.1153766559908553, -1.2205518548788281,0
-1.304400191492335, 0.9725036910782845,0
1.1153766559908553, -1.2205518548788281,0
-0.7668089967470296, 1.130171534239463,0
0.12215715020654197, -0.42099337811920867,0
-0.8442091885532671, -0.5008822597527194,0
-1.579778334527149, 0.5591540023289508,0
-1.4040908584230158, -0.2952623754309741,0
-0.035561888616235215, 0.3738026297334117,0
-0.026677158873086946, -0.44602435875241375,0
-1.6840316933578907, -0.19245243327010148,0
-0.46001499478765107, 0.14791423368546025,0
-1.6840316933578907, -0.19245243327010148,0
-0.8442091885532671, -0.5008822597527194,0
-1.0244593565574605, 0.8696937489174119,0
-1.6840316933578907, -0.19245243327010148,0
-0.9753157144085126, -0.3730413369586417,0
-1.17785635753715, 1.3608223991944133,0
-0.6134119957673404, 0.6390428839624614,0
2.0646954974352854, -0.13848581627742806,0
-0.5642683536183924, -0.603692201913592,0
-0.5911215206428966, 0.27575515647953797,0
-1.1241500234881416, -0.3980723175918468,0
-1.7063221684823346, 0.17083529421282215,0
-0.8442091885532671, -0.5008822597527194,0
-1.1241500234881416, -0.3980723175918468,0
-0.28432751868351785, -0.7065021440744648,0
0.09554463723901031, 0.245961706939334,0
-1.6840316933578907, -0.19245243327010148,0
-0.41403066190597826, 3.1745750169809783,0
1.2464831818461009, -1.3483927776729057,0
-0.8664996636777109, -0.13759453226979582,0
-1.5574878594027053, 0.19586627484602723,0
-1.277547024467831, 0.09305633268515454,0
-1.1241500234881416, -0.3980723175918468,0
1.5221019789378873, -1.1475353622581594,0
-1.6840316933578907, -0.19245243327010148,0
-0.15322099282827228, -0.8343430668685424,0
-1.1241500234881416, -0.3980723175918468,0
-1.6840316933578907, -0.19245243327010148,0
1.3953174909257298, -1.3233617970397007,0
-0.8708217015207986, 0.16607282530582324,0
-1.6840316933578907, -0.19245243327010148,0
-1.2773063704108583, -0.11943594064943278,0
1.797720776029674, -0.9466779468434129,0
-1.5574878594027053, 0.19586627484602723,0
0.40209798514141665, -0.5238033202800813,0
-0.9202059977267192, 1.621300184516464,0
1.657970174488253, -0.211502308898097,0
0.5511729482780182, -0.7112646129814636,0
-1.4040908584230158, -0.2952623754309741,0
-0.8710623555777711, 0.3785650986404106,0
0.27555415118623133, -0.91212202839621,0
-1.6840316933578907, -0.19245243327010148,0
-1.4040908584230158, -0.2952623754309741,0
-0.7131026626980216, -0.6287231825467972,0
2.077661610964549, -1.0494878890042854,0
-0.5865588287428363, -0.2404044744306684,0
-1.1732936656370896, 0.8446627682842067,0
0.27555415118623133, -0.91212202839621,0
-1.6840316933578907, -0.19245243327010148,0
0.09554463723901031, 0.245961706939334,0
-1.6840316933578907, -0.19245243327010148,0
-0.004386683748643108, -0.8093120862353373,0
-0.7176653545980818, -0.11256355163659074,0
2.0733395731214608, -0.7458205314286664,0
-1.2729843325677703, -0.4231032982250518,0
-1.6840316933578907, -0.19245243327010148,0
1.5221019789378873, -1.1475353622581594,0
1.9465550851093032, -0.9216469662102078,0
-1.8328660024375198, -0.21748341390330655,0
-1.6840316933578907, -0.19245243327010148,0
-0.7176653545980818, -0.11256355163659074,0
-0.28432751868351785, -0.7065021440744648,0
-0.7131026626980216, -0.6287231825467972,0
-0.6134119957673404, 0.6390428839624614,0
-0.8442091885532671, -0.5008822597527194,0
2.077661610964549, -1.0494878890042854,0
1.4866047362272077, 0.3392467112862088,0
-1.1510031905126457, 0.48137504080128324,0
-0.004386683748643108, -0.8093120862353373,0
-1.0198966646574001, 0.3535341180072055,0
1.6493260988020775, 0.3958324062531411,0
-1.1241500234881416, -0.3980723175918468,0
-1.0198966646574001, 0.3535341180072055,0
-1.1284720613312296, -0.09440496001622775,0
-1.4084128962661038, 0.008404982144644912,0
1.5264240167809753, -1.4512027198337782,0
-1.1730530115801172, 0.6321704949496195,0
-0.1577836847283325, -0.318183435958336,0
-0.8442091885532671, -0.5008822597527194,0
-0.4331618277631468, -0.7315331247076697,0
-1.2998374995922748, 0.45634406016807816,0
-0.7176653545980818, -0.11256355163659074,0
-0.28432751868351785, -0.7065021440744648,0
0.27555415118623133, -0.91212202839621,0
1.2464831818461009, -1.3483927776729057,0
0.25326367606178746, -0.5488343009132864,0
-0.5865588287428363, -0.2404044744306684,0
2.0646954974352854, -0.13848581627742806,0
-1.4040908584230158, -0.2952623754309741,0
-1.6840316933578907, -0.19245243327010148,0
-1.281869062310919, 0.3967236902607736,0
1.7890767003434984, -0.33934323169217456,0
-1.5529251675026452, -0.3202933560641792,0
-1.8328660024375198, -0.21748341390330655,0
0.27555415118623133, -0.91212202839621,0
-0.28432751868351785, -0.7065021440744648,0
-0.026677158873086946, -0.44602435875241375,0
0.12671984210660242, -0.937153009029415,0
-1.4309440254475203, 0.5841849829621559,0
0.4066606770414769, -1.039962951190288,0
-0.28432751868351785, -0.7065021440744648,0
2.0733395731214608, -0.7458205314286664,0
0.09554463723901031, 0.245961706939334,0
-1.4309440254475203, 0.5841849829621559,0
-1.2995968455353022, 0.24385178683349085,0
-0.30661799380796173, -0.34321441659154106,0
0.8354358210559804, -1.117741912717955,0
-0.035561888616235215, 0.3738026297334117,0
-0.15322099282827228, -0.8343430668685424,0
-0.1877961610201121, 4.830659791606366,0
-0.004386683748643108, -0.8093120862353373,0
1.1110546181477674, -0.9168844973032088,0
-0.8708217015207986, 0.16607282530582324,0
1.6752583258606042, -1.4261717392005733,0
0.5554949861211061, -1.0149319705570825,0
-1.5529251675026452, -0.3202933560641792,0
-1.2001468326615936, 1.7241101266773369,0
1.657970174488253, -0.211502308898097,0
-1.4040908584230158, -0.2952623754309741,0
-1.1464404986125856, -0.03478459010892318,0
0.4066606770414769, -1.039962951190288,0
-1.5529251675026452, -0.3202933560641792,0
0.5554949861211061, -1.0149319705570825,0
-0.9976061895329564, -0.0097536094757181,0
-0.30661799380796173, -0.34321441659154106,0
0.6866015119763514, -1.14277289335116,0
-0.6134119957673404, 0.6390428839624614,0
0.27123211334314357, -0.6084546708205909,0
-0.15322099282827228, -0.8343430668685424,0
-0.7131026626980216, -0.6287231825467972,0
-0.28432751868351785, -0.7065021440744648,0
-0.4868681618121551, 1.0273615920785903,0
-1.6840316933578907, -0.19245243327010148,0
-1.2729843325677703, -0.4231032982250518,0
-1.4309440254475203, 0.5841849829621559,0
-1.1510031905126457, 0.48137504080128324,0
-1.5574878594027053, 0.19586627484602723,0
2.077661610964549, -1.0494878890042854,0
-1.6840316933578907, -0.19245243327010148,0
-1.4040908584230158, -0.2952623754309741,0
-0.5642683536183924, -0.603692201913592,0
1.5264240167809753, -1.4512027198337782,0
-0.5642683536183924, -0.603692201913592,0
-0.6134119957673404, 0.6390428839624614,0
1.657970174488253, -0.211502308898097,0
-0.9930434976328962, -0.5259132403859246,0
-0.004386683748643108, -0.8093120862353373,0
2.0733395731214608, -0.7458205314286664,0
-0.8442091885532671, -0.5008822597527194,0
-0.9930434976328962, -0.5259132403859246,0
-0.8442091885532671, -0.5008822597527194,0
1.1110546181477674, -0.9168844973032088,0
-0.9202059977267192, 1.621300184516464,0
0.5554949861211061, -1.0149319705570825,0
1.0887641430233235, -0.5535967698202852,0
-1.0467498316819044, 1.2329814764003355,0
-1.4263813335474598, 0.06802535205194951,0
1.657970174488253, -0.211502308898097,0
-0.9930434976328962, -0.5259132403859246,0
-1.2729843325677703, -0.4231032982250518,0
-0.47322176237388686, 1.2714085797469048,0
-0.6671183298163488, 2.3979376007487216,0
-1.7063221684823346, 0.17083529421282215,0
-0.8442091885532671, -0.5008822597527194,0
0.8311137832128928, -0.8140745551423363,0
0.8088233080884489, -0.4507868276594127,0
1.8020428138727618, -1.250345304419032,0
1.6666142501744285, -0.8188370240493352,0
0.5554949861211061, -1.0149319705570825,0
-0.9930434976328962, -0.5259132403859246,0
0.4066606770414769, -1.039962951190288,0
-0.3111806857080219, 0.17294521431866533,0
-0.026677158873086946, -0.44602435875241375,0
-1.4263813335474598, 0.06802535205194951,0
1.8063648517158497, -1.5540126619946508,0
-1.1510031905126457, 0.48137504080128324,0
-0.9930434976328962, -0.5259132403859246,0
-0.004386683748643108, -0.8093120862353373,0
-0.004386683748643108, -0.8093120862353373,0
0.8311137832128928, -0.8140745551423363,0
2.0863056866507246, -1.6568226041555234,0
-1.6840316933578907, -0.19245243327010148,0
-0.5865588287428363, -0.2404044744306684,0
-0.7131026626980216, -0.6287231825467972,0
-1.0244593565574605, 0.8696937489174119,0
-0.8708217015207986, 0.16607282530582324,0
-0.28432751868351785, -0.7065021440744648,0
-1.5529251675026452, -0.3202933560641792,0
0.5288824731535744, -0.34797688549854,0
-1.2729843325677703, -0.4231032982250518,0
-0.30661799380796173, -0.34321441659154106,0
-1.1464404986125856, -0.03478459010892318,0
0.12239780426351463, -0.633485651453796,0
-1.2729843325677703, -0.4231032982250518,0
-0.7668089967470296, 1.130171534239463,0
-1.8328660024375198, -0.21748341390330655,0
-1.5574878594027053, 0.19586627484602723,0
-0.3109400316510495, -0.03954705901592204,0
-0.7176653545980818, -0.11256355163659074,0
-0.5642683536183924, -0.603692201913592,0
1.5177799410947996, -0.8438680046825403,0
1.1067325803046797, -0.6132171397275898,0
-1.7063221684823346, 0.17083529421282215,0
2.0819836488076366, -1.3531552465799046,0
0.27555415118623133, -0.91212202839621,0
-1.4040908584230158, -0.2952623754309741,0
-0.004386683748643108, -0.8093120862353373,0
1.657970174488253, -0.211502308898097,0
-1.3041595374353627, 0.7600114177436972,0
1.509135865408624, -0.23653328953130204,0
-0.7176653545980818, -0.11256355163659074,0
-0.7176653545980818, -0.11256355163659074,0
1.797720776029674, -0.9466779468434129,0
0.11783511236345416, -0.11732602054358962,0
-0.9976061895329564, -0.0097536094757181,0
-1.1464404986125856, -0.03478459010892318,0
-1.2773063704108583, -0.11943594064943278,0
-1.1732936656370896, 0.8446627682842067,0
0.4023386391983891, -0.7362955936146687,0
-1.4532345005719642, 0.9474727104450794,0
-0.4331618277631468, -0.7315331247076697,0
-1.277547024467831, 0.09305633268515454,0
-1.5574878594027053, 0.19586627484602723,0
-0.8710623555777711, 0.3785650986404106,0
1.6752583258606042, -1.4261717392005733,0
1.1153766559908553, -1.2205518548788281,0
0.6866015119763514, -1.14277289335116,0
1.5264240167809753, -1.4512027198337782,0
-0.9976061895329564, -0.0097536094757181,0
-0.8485312263963548, -0.1972149021771004,0
-1.1241500234881416, -0.3980723175918468,0
-0.1577836847283325, -0.318183435958336,0
-0.9930434976328962, -0.5259132403859246,0
-0.8442091885532671, -0.5008822597527194,0
-0.46001499478765107, 0.14791423368546025,0
-0.18463685175283678, 0.561263922434794,0
-1.1464404986125856, -0.03478459010892318,0
0.10078761504807564, 0.8848511364242994,0
-0.8442091885532671, -0.5008822597527194,0
-1.304400191492335, 0.9725036910782845,0
1.513457903251712, -0.540200647106921,0
-1.6840316933578907, -0.19245243327010148,0
0.5554949861211061, -1.0149319705570825,0
-0.9976061895329564, -0.0097536094757181,0
-0.4331618277631468, -0.7315331247076697,0
-0.43772451966320725, -0.21537349379746337,0
0.25326367606178746, -0.5488343009132864,0
-1.4084128962661038, 0.008404982144644912,0
0.8354358210559804, -1.117741912717955,0
1.513457903251712, -0.540200647106921,0
-0.3111806857080219, 0.17294521431866533,0
-0.004386683748643108, -0.8093120862353373,0
-1.2998374995922748, 0.45634406016807816,0
-0.9930434976328962, -0.5259132403859246,0
1.8020428138727618, -1.250345304419032,0
-1.5529251675026452, -0.3202933560641792,0
-1.5574878594027053, 0.19586627484602723,0
-1.1507625364556735, 0.26888276746669587,0
-0.8442091885532671, -0.5008822597527194,0
-1.4040908584230158, -0.2952623754309741,0
2.0819836488076366, -1.3531552465799046,0
1.1067325803046797, -0.6132171397275898,0
-0.9202059977267192, 1.621300184516464,0
1.6536481366451652, 0.09216504867752218,0
-1.5574878594027053, 0.19586627484602723,0
-0.43772451966320725, -0.21537349379746337,0
-0.004386683748643108, -0.8093120862353373,0
-0.8708217015207986, 0.16607282530582324,0
0.12239780426351463, -0.633485651453796,0
-1.1241500234881416, -0.3980723175918468,0
-1.1464404986125856, -0.03478459010892318,0
-0.5865588287428363, -0.2404044744306684,0
-1.0016875733190718, 0.08142147476531358,0
-1.8328660024375198, -0.21748341390330655,0
-1.1241500234881416, -0.3980723175918468,0
1.2464831818461009, -1.3483927776729057,0
-1.4040908584230158, -0.2952623754309741,0
-0.6402651627918443, 1.5184902423555915,0
-0.5865588287428363, -0.2404044744306684,0
0.25326367606178746, -0.5488343009132864,0
0.27555415118623133, -0.91212202839621,0
-0.7131026626980216, -0.6287231825467972,0
-0.28432751868351785, -0.7065021440744648,0
-0.9976061895329564, -0.0097536094757181,0
-1.579778334527149, 0.5591540023289508,0
1.6536481366451652, 0.09216504867752218,0
2.0733395731214608, -0.7458205314286664,0
0.8354358210559804, -1.117741912717955,0
1.5264240167809753, -1.4512027198337782,0
-0.18007415985277636, 0.045104291524587614,0
-1.2729843325677703, -0.4231032982250518,0
1.242161144003013, -1.0447254200972866,0
0.8267917453698049, -0.5104071975667172,0
-0.9976061895329564, -0.0097536094757181,0
0.962220309068138, -0.9419154779364138,0
-1.6840316933578907, -0.19245243327010148,0
-1.277547024467831, 0.09305633268515454,0
0.8311137832128928, -0.8140745551423363,0
1.1110546181477674, -0.9168844973032088,0
2.0819836488076366, -1.3531552465799046,0
0.8354358210559804, -1.117741912717955,0
-0.5642683536183924, -0.603692201913592,0
1.368704977958198, -0.6564067119811581,0
-0.5642683536183924, -0.603692201913592,0
-1.6840316933578907, -0.19245243327010148,0
-1.1241500234881416, -0.3980723175918468,0
1.6666142501744285, -0.8188370240493352,0
-0.8442091885532671, -0.5008822597527194,0
-1.4263813335474598, 0.06802535205194951,0
-0.6134119957673404, 0.6390428839624614,0
-0.5865588287428363, -0.2404044744306684,0
-1.281869062310919, 0.3967236902607736,0
0.11783511236345416, -0.11732602054358962,0
-1.1241500234881416, -0.3980723175918468,0
-0.4331618277631468, -0.7315331247076697,0
-0.9973655354759842, -0.22224588281030547,0
0.12239780426351463, -0.633485651453796,0
2.0733395731214608, -0.7458205314286664,0
1.8063648517158497, -1.5540126619946508,0
-0.8485312263963548, -0.1972149021771004,0
-0.4331618277631468, -0.7315331247076697,0
-1.6840316933578907, -0.19245243327010148,0
-1.2001468326615936, 1.7241101266773369,0
-0.9930434976328962, -0.5259132403859246,0
-0.4331618277631468, -0.7315331247076697,0
-1.277547024467831, 0.09305633268515454,0
1.8063648517158497, -1.5540126619946508,0
-1.304400191492335, 0.9725036910782845,0
-1.0198966646574001, 0.3535341180072055,0
-0.28432751868351785, -0.7065021440744648,0
-0.9973655354759842, -0.22224588281030547,0
-0.15322099282827228, -0.8343430668685424,0
-0.004386683748643108, -0.8093120862353373,0
-1.7063221684823346, 0.17083529421282215,0
-1.019656010600428, 0.14104184467261816,0
-0.8442091885532671, -0.5008822597527194,0
-1.6840316933578907, -0.19245243327010148,0
1.657970174488253, -0.211502308898097,0
0.12239780426351463, -0.633485651453796,0
-0.30661799380796173, -0.34321441659154106,0
-0.7176653545980818, -0.11256355163659074,0
1.2378391061599252, -0.7410580625216674,0
-1.7063221684823346, 0.17083529421282215,0
-1.1464404986125856, -0.03478459010892318,0
-1.277547024467831, 0.09305633268515454,0
0.5554949861211061, -1.0149319705570825,0
1.797720776029674, -0.9466779468434129,0
-0.8708217015207986, 0.16607282530582324,0
0.5554949861211061, -1.0149319705570825,0
-1.2729843325677703, -0.4231032982250518,0
1.1110546181477674, -0.9168844973032088,0
-1.1464404986125856, -0.03478459010892318,0
2.0733395731214608, -0.7458205314286664,0
-0.8442091885532671, -0.5008822597527194,0
-1.2998374995922748, 0.45634406016807816,0
0.27123211334314357, -0.6084546708205909,0
-0.7131026626980216, -0.6287231825467972,0
1.0887641430233235, -0.5535967698202852,0
-0.7176653545980818, -0.11256355163659074,0
1.2335170683168375, -0.4373907049460485,0
-1.2729843325677703, -0.4231032982250518,0
-0.9976061895329564, -0.0097536094757181,0
1.6752583258606042, -1.4261717392005733,0
2.0646954974352854, -0.13848581627742806,0
-0.004386683748643108, -0.8093120862353373,0
-1.6840316933578907, -0.19245243327010148,0
-1.3041595374353627, 0.7600114177436972,0
-1.2729843325677703, -0.4231032982250518,0
-1.579778334527149, 0.5591540023289508,0
-1.277547024467831, 0.09305633268515454,0
0.8354358210559804, -1.117741912717955,0
-1.2729843325677703, -0.4231032982250518,0
1.3953174909257298, -1.3233617970397007,0
-0.7711310345901176, 1.433838891815082,0
0.27555415118623133, -0.91212202839621,0
-1.051071869524992, 1.5366488339759545,0
-0.7445185216225858, 0.7668838067565391,0
-1.0244593565574605, 0.8696937489174119,0
1.8020428138727618, -1.250345304419032,0
-1.4040908584230158, -0.2952623754309741,0
-0.8442091885532671, -0.5008822597527194,0
-0.03964327240235036, 0.46497771397444343,0
1.8063648517158497, -1.5540126619946508,0
1.657970174488253, -0.211502308898097,0
0.5554949861211061, -1.0149319705570825,0
-1.2001468326615936, 1.7241101266773369,0
0.6866015119763514, -1.14277289335116,0
-1.4040908584230158, -0.2952623754309741,0
-1.0513125235819647, 1.7491411073105418,0
-1.1507625364556735, 0.26888276746669587,0
-0.6402651627918443, 1.5184902423555915,0
0.5554949861211061, -1.0149319705570825,0
-0.28432751868351785, -0.7065021440744648,0
1.1153766559908553, -1.2205518548788281,0
1.2464831818461009, -1.3483927776729057,0
1.6622922123313408, -0.515169666473716,0
0.9665423469112261, -1.245582835512033,0
-0.8664996636777109, -0.13759453226979582,0
-0.9976061895329564, -0.0097536094757181,0
-0.8485312263963548, -0.1972149021771004,0
2.077661610964549, -1.0494878890042854,0
-0.43772451966320725, -0.21537349379746337,0
-0.004386683748643108, -0.8093120862353373,0
-0.6402651627918443, 1.5184902423555915,0
-1.2998374995922748, 0.45634406016807816,0
-1.7063221684823346, 0.17083529421282215,0
1.1153766559908553, -1.2205518548788281,0
-1.2729843325677703, -0.4231032982250518,0
-1.0244593565574605, 0.8696937489174119,0
-0.45044997913549806, 0.48313630559480647,0
-1.2729843325677703, -0.4231032982250518,0
-1.4040908584230158, -0.2952623754309741,0
-1.6840316933578907, -0.19245243327010148,0
-0.9973655354759842, -0.22224588281030547,0
-1.1553252283557336, 0.7850423983769024,0
2.077661610964549, -1.0494878890042854,0
-1.1241500234881416, -0.3980723175918468,0
2.226495920044178, -1.0244569083710804,0
-0.6134119957673404, 0.6390428839624614,0
1.5264240167809753, -1.4512027198337782,0
-1.4263813335474598, 0.06802535205194951,0
-0.1577836847283325, -0.318183435958336,0
-0.28432751868351785, -0.7065021440744648,0
2.077661610964549, -1.0494878890042854,0
-1.4263813335474598, 0.06802535205194951,0
2.0819836488076366, -1.3531552465799046,0
-0.004386683748643108, -0.8093120862353373,0
2.0733395731214608, -0.7458205314286664,0
-1.8328660024375198, -0.21748341390330655,0
0.10078761504807564, 0.8848511364242994,0
-0.7131026626980216, -0.6287231825467972,0
1.8063648517158497, -1.5540126619946508,0
-0.9930434976328962, -0.5259132403859246,0
-0.43772451966320725, -0.21537349379746337,0
1.8020428138727618, -1.250345304419032,0
-1.1464404986125856, -0.03478459010892318,0
-0.28432751868351785, -0.7065021440744648,0
0.10078761504807564, 0.8848511364242994,0
2.0733395731214608, -0.7458205314286664,0
-1.6840316933578907, -0.19245243327010148,0
0.6866015119763514, -1.14277289335116,0
1.4866047362272077, 0.3392467112862088,0
-0.590880866585924, 0.0632628831449506,0
-0.4331618277631468, -0.7315331247076697,0
-1.4040908584230158, -0.2952623754309741,0
-1.4263813335474598, 0.06802535205194951,0
1.2378391061599252, -0.7410580625216674,0
-0.9973655354759842, -0.22224588281030547,0
-1.4263813335474598, 0.06802535205194951,0
-1.1241500234881416, -0.3980723175918468,0
-1.6840316933578907, -0.19245243327010148,0
-0.7176653545980818, -0.11256355163659074,0
1.2248729926306618, 0.1699440102051898,0
-0.4645776866877112, 0.6640738645956665,0
-1.1241500234881416, -0.3980723175918468,0
-0.5642683536183924, -0.603692201913592,0
-1.4309440254475203, 0.5841849829621559,0
1.8020428138727618, -1.250345304419032,0
-1.6840316933578907, -0.19245243327010148,0
-0.8485312263963548, -0.1972149021771004,0
1.242161144003013, -1.0447254200972866,0
-0.28432751868351785, -0.7065021440744648,0
1.3953174909257298, -1.3233617970397007,0
-1.128712715388202, 0.11808731331835962,0
-0.28432751868351785, -0.7065021440744648,0
-1.2729843325677703, -0.4231032982250518,0
-1.281869062310919, 0.3967236902607736,0
-1.6840316933578907, -0.19245243327010148,0
0.8311137832128928, -0.8140745551423363,0
1.797720776029674, -0.9466779468434129,0
-0.7936621637715339, 2.009618892632593,0
-1.5574878594027053, 0.19586627484602723,0
0.12671984210660242, -0.937153009029415,0
-0.5642683536183924, -0.603692201913592,0
-1.2729843325677703, -0.4231032982250518,0
-1.2729843325677703, -0.4231032982250518,0
-0.15322099282827228, -0.8343430668685424,0
1.368704977958198, -0.6564067119811581,0
-0.7176653545980818, -0.11256355163659074,0
-1.1732936656370896, 0.8446627682842067,0
0.27123211334314357, -0.6084546708205909,0
-1.2001468326615936, 1.7241101266773369,0
0.27555415118623133, -0.91212202839621,0
2.0863056866507246, -1.6568226041555234,0
1.3600609022720225, -0.049071996829919834,0
-1.2729843325677703, -0.4231032982250518,0
-0.035561888616235215, 0.3738026297334117,0
-1.4263813335474598, 0.06802535205194951,0
-1.281869062310919, 0.3967236902607736,0
-0.7131026626980216, -0.6287231825467972,0
-0.5865588287428363, -0.2404044744306684,0
-0.4331618277631468, -0.7315331247076697,0
-1.7063221684823346, 0.17083529421282215,0
-0.9976061895329564, -0.0097536094757181,0
-1.4040908584230158, -0.2952623754309741,0
-1.1510031905126457, 0.48137504080128324,0
-0.031239850773147417, 0.07013527215779264,0
-1.6840316933578907, -0.19245243327010148,0
-0.7445185216225858, 0.7668838067565391,0
1.7847546625004107, -0.035675874116555595,0
-1.4040908584230158, -0.2952623754309741,0
1.242161144003013, -1.0447254200972866,0
-1.5574878594027053, 0.19586627484602723,0
-1.1507625364556735, 0.26888276746669587,0
1.5221019789378873, -1.1475353622581594,0
1.776110586814235, 0.5716588410346825,0
1.3953174909257298, -1.3233617970397007,0
-0.8485312263963548, -0.1972149021771004,0
-1.0198966646574001, 0.3535341180072055,0
-1.281869062310919, 0.3967236902607736,0
2.226495920044178, -1.0244569083710804,0
-1.304400191492335, 0.9725036910782845,0
-1.2998374995922748, 0.45634406016807816,0
1.7847546625004107, -0.035675874116555595,0
0.12671984210660242, -0.937153009029415,0
-1.6840316933578907, -0.19245243327010148,0
-0.18007415985277636, 0.045104291524587614,0
1.1153766559908553, -1.2205518548788281,0
-1.2729843325677703, -0.4231032982250518,0
1.797720776029674, -0.9466779468434129,0
-0.7176653545980818, -0.11256355163659074,0
-0.5865588287428363, -0.2404044744306684,0
-1.1507625364556735, 0.26888276746669587,0
1.8020428138727618, -1.250345304419032,0
1.1153766559908553, -1.2205518548788281,0
-1.2001468326615936, 1.7241101266773369,0
-1.6840316933578907, -0.19245243327010148,0
-0.8442091885532671, -0.5008822597527194,0
1.1067325803046797, -0.6132171397275898,0
-0.43772451966320725, -0.21537349379746337,0
-0.8442091885532671, -0.5008822597527194,0
2.0863056866507246, -1.6568226041555234,0
1.780432624657323, 0.26799148345906343,0
1.3600609022720225, -0.049071996829919834,0
1.5264240167809753, -1.4512027198337782,0
-0.9930434976328962, -0.5259132403859246,0
1.6752583258606042, -1.4261717392005733,0
2.0819836488076366, -1.3531552465799046,0
-0.9930434976328962, -0.5259132403859246,0
-0.5642683536183924, -0.603692201913592,0
0.12671984210660242, -0.937153009029415,0
1.6493260988020775, 0.3958324062531411,0
-0.7174247005411093, -0.32505582497117813,0
2.0863056866507246, -1.6568226041555234,0
0.27123211334314357, -0.6084546708205909,0
1.6752583258606042, -1.4261717392005733,0
-1.7063221684823346, 0.17083529421282215,0
1.657970174488253, -0.211502308898097,0
-1.4263813335474598, 0.06802535205194951,0
-1.2729843325677703, -0.4231032982250518,0
0.4066606770414769, -1.039962951190288,0
1.6493260988020775, 0.3958324062531411,0
2.0819836488076366, -1.3531552465799046,0
0.10078761504807564, 0.8848511364242994,0
0.5509322942210457, -0.4987723396468763,0
-1.2729843325677703, -0.4231032982250518,0
-0.7131026626980216, -0.6287231825467972,0
-1.277547024467831, 0.09305633268515454,0
-0.5642683536183924, -0.603692201913592,0
1.2378391061599252, -0.7410580625216674,0
-1.4309440254475203, 0.5841849829621559,0
-1.2729843325677703, -0.4231032982250518,0
-1.2729843325677703, -0.4231032982250518,0
1.657970174488253, -0.211502308898097,0
1.3953174909257298, -1.3233617970397007,0
-1.2998374995922748, 0.45634406016807816,0
-1.0244593565574605, 0.8696937489174119,0
-0.9976061895329564, -0.0097536094757181,0
-1.8328660024375198, -0.21748341390330655,0
-1.1241500234881416, -0.3980723175918468,0
-1.1464404986125856, -0.03478459010892318,0
-0.7668089967470296, 1.130171534239463,0
1.5264240167809753, -1.4512027198337782,0
-1.4309440254475203, 0.5841849829621559,0
-0.28432751868351785, -0.7065021440744648,0
-1.1241500234881416, -0.3980723175918468,0
-1.1241500234881416, -0.3980723175918468,0
-0.8664996636777109, -0.13759453226979582,0
1.9465550851093032, -0.9216469662102078,0
-0.004386683748643108, -0.8093120862353373,0
-0.5911215206428966, 0.27575515647953797,0
1.5221019789378873, -1.1475353622581594,0
-1.4309440254475203, 0.5841849829621559,0
1.9465550851093032, -0.9216469662102078,0
1.3953174909257298, -1.3233617970397007,0
1.3866734152395541, -0.7160270818884623,0
-0.4331618277631468, -0.7315331247076697,0
-1.1241500234881416, -0.3980723175918468,0
-1.1464404986125856, -0.03478459010892318,0
0.12671984210660242, -0.937153009029415,0
1.5221019789378873, -1.1475353622581594,0
-1.1241500234881416, -0.3980723175918468,0
-0.8708217015207986, 0.16607282530582324,0
0.4066606770414769, -1.039962951190288,0
-1.2998374995922748, 0.45634406016807816,0
-0.03099919671617477, -0.14235700117679465,0
-0.026677158873086946, -0.44602435875241375,0
-0.7131026626980216, -0.6287231825467972,0
-1.4040908584230158, -0.2952623754309741,0
-1.1507625364556735, 0.26888276746669587,0
1.0619109759988192, 0.32585058857284466,0
-0.9973655354759842, -0.22224588281030547,0
-1.0198966646574001, 0.3535341180072055,0
-1.2729843325677703, -0.4231032982250518,0
-0.9022375604453631, 1.5616798146091595,0
-1.6840316933578907, -0.19245243327010148,0
-0.004386683748643108, -0.8093120862353373,0
-0.4408838289304823, 4.0540223753741085,0
0.4066606770414769, -1.039962951190288,0
1.2023418634492453, 0.7457240110227006,0
-1.1241500234881416, -0.3980723175918468,0
-1.1464404986125856, -0.03478459010892318,0
-1.6840316933578907, -0.19245243327010148,0
-1.1464404986125856, -0.03478459010892318,0
-1.7063221684823346, 0.17083529421282215,0
-0.590880866585924, 0.0632628831449506,0
0.40209798514141665, -0.5238033202800813,0
-1.4263813335474598, 0.06802535205194951,0
-1.1241500234881416, -0.3980723175918468,0
-1.1464404986125856, -0.03478459010892318,0
-0.4331618277631468, -0.7315331247076697,0
-1.1510031905126457, 0.48137504080128324,0
-0.15322099282827228, -0.8343430668685424,0
-1.2729843325677703, -0.4231032982250518,0
-0.7397151756655531, 0.03823190251174552,0
-0.6179746876674005, 1.155202514872668,0
1.657970174488253, -0.211502308898097,0
-1.4309440254475203, 0.5841849829621559,0
-1.4040908584230158, -0.2952623754309741,0
1.766545571162082, 0.23643676912533634,0
-0.7131026626980216, -0.6287231825467972,0
0.5554949861211061, -1.0149319705570825,0
-0.5642683536183924, -0.603692201913592,0
-1.2729843325677703, -0.4231032982250518,0
-0.4331618277631468, -0.7315331247076697,0
-0.7131026626980216, -0.6287231825467972,0
-1.2729843325677703, -0.4231032982250518,0
-0.1705091442006234, 0.3803263634339339,0
0.12239780426351463, -0.633485651453796,0
0.8088233080884489, -0.4507868276594127,0
1.3909954530826418, -1.0196944394640817,0
-1.7063221684823346, 0.17083529421282215,0
1.3823513773964664, -0.41235972431284346,0
-0.1577836847283325, -0.318183435958336,0
2.366246521585599, -1.759632546316396,0
0.6777167822332034, -0.3229459048653349,0
-1.1241500234881416, -0.3980723175918468,0
-1.4040908584230158, -0.2952623754309741,0
-0.9973655354759842, -0.22224588281030547,0
-1.1510031905126457, 0.48137504080128324,0
-0.8664996636777109, -0.13759453226979582,0
1.1153766559908553, -1.2205518548788281,0
-0.15322099282827228, -0.8343430668685424,0
1.5264240167809753, -1.4512027198337782,0
-0.004386683748643108, -0.8093120862353373,0
-1.1241500234881416, -0.3980723175918468,0
-0.1577836847283325, -0.318183435958336,0
-1.2729843325677703, -0.4231032982250518,0
1.1110546181477674, -0.9168844973032088,0
-1.0016875733190718, 0.08142147476531358,0
-0.9930434976328962, -0.5259132403859246,0
-0.8708217015207986, 0.16607282530582324,0
2.0819836488076366, -1.3531552465799046,0
0.8131453459315365, -0.7544541852350316,0
-1.17785635753715, 1.3608223991944133,0
-0.9202059977267192, 1.621300184516464,0
-1.4040908584230158, -0.2952623754309741,0
1.657970174488253, -0.211502308898097,0
-1.2729843325677703, -0.4231032982250518,0
1.2378391061599252, -0.7410580625216674,0
-0.4331618277631468, -0.7315331247076697,0
-1.1241500234881416, -0.3980723175918468,0
-0.8933528307022149, 0.7418528261233341,0
-1.0287813944005484, 1.173361106493031,0
-0.28432751868351785, -0.7065021440744648,0
-0.7174247005411093, -0.32505582497117813,0
-1.6840316933578907, -0.19245243327010148,0
-0.16186506851444793, -0.2270083517173043,0
-1.1241500234881416, -0.3980723175918468,0
1.5264240167809753, -1.4512027198337782,0
0.6866015119763514, -1.14277289335116,0
-0.7176653545980818, -0.11256355163659074,0
-1.6840316933578907, -0.19245243327010148,0
-1.6840316933578907, -0.19245243327010148,0
0.12239780426351463, -0.633485651453796,0
0.25326367606178746, -0.5488343009132864,0
-0.28432751868351785, -0.7065021440744648,0
-1.1732936656370896, 0.8446627682842067,0
-0.7174247005411093, -0.32505582497117813,0
-1.1464404986125856, -0.03478459010892318,0
-0.8708217015207986, 0.16607282530582324,0
-0.7131026626980216, -0.6287231825467972,0
-1.4040908584230158, -0.2952623754309741,0
0.4023386391983891, -0.7362955936146687,0
-1.4040908584230158, -0.2952623754309741,0
-0.5865588287428363, -0.2404044744306684,0
-1.5574878594027053, 0.19586627484602723,0
-1.0244593565574605, 0.8696937489174119,0
-0.43772451966320725, -0.21537349379746337,0
1.5221019789378873, -1.1475353622581594,0
-0.5865588287428363, -0.2404044744306684,0
-1.4040908584230158, -0.2952623754309741,0
-1.1464404986125856, -0.03478459010892318,0
-1.6840316933578907, -0.19245243327010148,0
2.0819836488076366, -1.3531552465799046,0
1.797720776029674, -0.9466779468434129,0
0.5554949861211061, -1.0149319705570825,0
-0.9973655354759842, -0.22224588281030547,0
-0.7399558297225256, 0.2507241758463329,0
0.9578982712250504, -0.6382481203607949,0
0.4023386391983891, -0.7362955936146687,0
-0.004386683748643108, -0.8093120862353373,0
-1.2729843325677703, -0.4231032982250518,0
-0.4331618277631468, -0.7315331247076697,0
1.2464831818461009, -1.3483927776729057,0
-0.8979155226022754, 1.2580124570335407,0
0.12671984210660242, -0.937153009029415,0
-1.0467498316819044, 1.2329814764003355,0
-0.5642683536183924, -0.603692201913592,0
1.9465550851093032, -0.9216469662102078,0
0.12215715020654197, -0.42099337811920867,0
0.8354358210559804, -1.117741912717955,0
-1.2729843325677703, -0.4231032982250518,0
1.509135865408624, -0.23653328953130204,0
-0.4331618277631468, -0.7315331247076697,0
-0.004386683748643108, -0.8093120862353373,0
-1.1464404986125856, -0.03478459010892318,0
-0.9930434976328962, -0.5259132403859246,0
-0.28432751868351785, -0.7065021440744648,0
-1.2729843325677703, -0.4231032982250518,0
-0.9973655354759842, -0.22224588281030547,0
-0.8664996636777109, -0.13759453226979582,0
-0.5865588287428363, -0.2404044744306684,0
-0.8442091885532671, -0.5008822597527194,0
0.11783511236345416, -0.11732602054358962,0
-1.4309440254475203, 0.5841849829621559,0
-0.9930434976328962, -0.5259132403859246,0
-1.6840316933578907, -0.19245243327010148,0
-0.6402651627918443, 1.5184902423555915,0
-0.9976061895329564, -0.0097536094757181,0
-1.4309440254475203, 0.5841849829621559,0
-0.8664996636777109, -0.13759453226979582,0
-0.5911215206428966, 0.27575515647953797,0
0.5332045109966623, -0.651644243074159,0
-1.6840316933578907, -0.19245243327010148,0
1.6752583258606042, -1.4261717392005733,0
-0.004386683748643108, -0.8093120862353373,0
-1.4263813335474598, 0.06802535205194951,0
-0.15322099282827228, -0.8343430668685424,0
0.27555415118623133, -0.91212202839621,0
1.3866734152395541, -0.7160270818884623,0
1.657970174488253, -0.211502308898097,0
0.6866015119763514, -1.14277289335116,0
-0.5865588287428363, -0.2404044744306684,0
-0.7131026626980216, -0.6287231825467972,0
1.3823513773964664, -0.41235972431284346,0
-1.4040908584230158, -0.2952623754309741,0
-1.0287813944005484, 1.173361106493031,0
1.2291950304737496, -0.13372334737042932,0
0.09554463723901031, 0.245961706939334,0
-0.7131026626980216, -0.6287231825467972,0
-1.1510031905126457, 0.48137504080128324,0
0.10010732913907079, -0.2701979239708724,0
-1.2998374995922748, 0.45634406016807816,0
-1.2729843325677703, -0.4231032982250518,0
-0.15322099282827228, -0.8343430668685424,0
-1.6840316933578907, -0.19245243327010148,0
2.0863056866507246, -1.6568226041555234,0
-0.8708217015207986, 0.16607282530582324,0
0.12215715020654197, -0.42099337811920867,0
0.12671984210660242, -0.937153009029415,0
2.0733395731214608, -0.7458205314286664,0
-1.5574878594027053, 0.19586627484602723,0
-0.026677158873086946, -0.44602435875241375,0
-0.004386683748643108, -0.8093120862353373,0
-0.8442091885532671, -0.5008822597527194,0
-1.2729843325677703, -0.4231032982250518,0
-1.6840316933578907, -0.19245243327010148,0
-1.6840316933578907, -0.19245243327010148,0
-0.004386683748643108, -0.8093120862353373,0
-1.0019282273760441, 0.2939137480999009,0
-0.5911215206428966, 0.27575515647953797,0
-1.7063221684823346, 0.17083529421282215,0
1.5264240167809753, -1.4512027198337782,0
-0.6134119957673404, 0.6390428839624614,0
1.3909954530826418, -1.0196944394640817,0
-1.2729843325677703, -0.4231032982250518,0
-0.5911215206428966, 0.27575515647953797,0
-1.1241500234881416, -0.3980723175918468,0
-1.4040908584230158, -0.2952623754309741,0
-0.3111806857080219, 0.17294521431866533,0
-0.1577836847283325, -0.318183435958336,0
-1.0287813944005484, 1.173361106493031,0
1.6752583258606042, -1.4261717392005733,0
-1.579778334527149, 0.5591540023289508,0
-0.5642683536183924, -0.603692201913592,0
0.12671984210660242, -0.937153009029415,0
-1.277547024467831, 0.09305633268515454,0
1.657970174488253, -0.211502308898097,0
1.513457903251712, -0.540200647106921,0
-0.5642683536183924, -0.603692201913592,0
-0.6134119957673404, 0.6390428839624614,0
-1.1241500234881416, -0.3980723175918468,0
-1.6840316933578907, -0.19245243327010148,0
-0.46433703263073883, 0.4515815912610793,0
-1.019656010600428, 0.14104184467261816,0
-0.4331618277631468, -0.7315331247076697,0
-0.9930434976328962, -0.5259132403859246,0
-0.5865588287428363, -0.2404044744306684,0
-0.387177494881474, 2.295127658587849,0
-1.0198966646574001, 0.3535341180072055,0
-1.4040908584230158, -0.2952623754309741,0
-0.8485312263963548, -0.1972149021771004,0
-0.5911215206428966, 0.27575515647953797,0
-1.2998374995922748, 0.45634406016807816,0
0.8311137832128928, -0.8140745551423363,0
-0.035561888616235215, 0.3738026297334117,0
-0.9930434976328962, -0.5259132403859246,0
-0.15322099282827228, -0.8343430668685424,0
-1.8328660024375198, -0.21748341390330655,0
-0.5865588287428363, -0.2404044744306684,0
0.12215715020654197, -0.42099337811920867,0
0.9578982712250504, -0.6382481203607949,0
-0.7176653545980818, -0.11256355163659074,0
-1.8328660024375198, -0.21748341390330655,0
0.6866015119763514, -1.14277289335116,0
-0.8442091885532671, -0.5008822597527194,0
1.955199160795479, -1.5289816813614459,0
-1.6840316933578907, -0.19245243327010148,0
0.12671984210660242, -0.937153009029415,0
-0.5865588287428363, -0.2404044744306684,0
1.2464831818461009, -1.3483927776729057,0
0.8131453459315365, -0.7544541852350316,0
-0.15322099282827228, -0.8343430668685424,0
0.12671984210660242, -0.937153009029415,0
1.8063648517158497, -1.5540126619946508,0
0.09554463723901031, 0.245961706939334,0
-1.304400191492335, 0.9725036910782845,0
-1.1507625364556735, 0.26888276746669587,0
1.6666142501744285, -0.8188370240493352,0
1.3909954530826418, -1.0196944394640817,0
-0.9976061895329564, -0.0097536094757181,0
-0.035561888616235215, 0.3738026297334117,0
-1.8328660024375198, -0.21748341390330655,0
-0.9976061895329564, -0.0097536094757181,0
-1.4263813335474598, 0.06802535205194951,0
-1.6840316933578907, -0.19245243327010148,0
-1.8328660024375198, -0.21748341390330655,0
0.5554949861211061, -1.0149319705570825,0
-0.9930434976328962, -0.5259132403859246,0
1.5221019789378873, -1.1475353622581594,0
-0.8933528307022149, 0.7418528261233341,0
-0.9930434976328962, -0.5259132403859246,0
-1.1241500234881416, -0.3980723175918468,0
-0.28432751868351785, -0.7065021440744648,0
-0.5865588287428363, -0.2404044744306684,0
1.797720776029674, -0.9466779468434129,0
-1.6840316933578907, -0.19245243327010148,0
-1.2773063704108583, -0.11943594064943278,0
-1.1284720613312296, -0.09440496001622775,0
-0.7174247005411093, -0.32505582497117813,0
0.4066606770414769, -1.039962951190288,0
-0.6177340336104281, 0.9427102415380805,0
-0.9202059977267192, 1.621300184516464,0
-1.2729843325677703, -0.4231032982250518,0
-1.7063221684823346, 0.17083529421282215,0
1.9508771229523911, -1.2253143237858268,0
0.12671984210660242, -0.937153009029415,0
-1.2729843325677703, -0.4231032982250518,0
-0.8933528307022149, 0.7418528261233341,0
-1.1464404986125856, -0.03478459010892318,0
-1.1507625364556735, 0.26888276746669587,0
1.3600609022720225, -0.049071996829919834,0
1.2464831818461009, -1.3483927776729057,0
-1.6840316933578907, -0.19245243327010148,0
-0.3334711608324657, 0.5362329418015889,0
2.0819836488076366, -1.3531552465799046,0
-0.28432751868351785, -0.7065021440744648,0
-0.5865588287428363, -0.2404044744306684,0
-0.8664996636777109, -0.13759453226979582,0
1.8020428138727618, -1.250345304419032,0
-1.5574878594027053, 0.19586627484602723,0
-1.0244593565574605, 0.8696937489174119,0
-0.5642683536183924, -0.603692201913592,0
1.5264240167809753, -1.4512027198337782,0
2.077661610964549, -1.0494878890042854,0
1.8020428138727618, -1.250345304419032,0
1.3953174909257298, -1.3233617970397007,0
-1.2729843325677703, -0.4231032982250518,0
1.5221019789378873, -1.1475353622581594,0
-1.6840316933578907, -0.19245243327010148,0
-0.8708217015207986, 0.16607282530582324,0
-0.8933528307022149, 0.7418528261233341,0
2.2351399957303535, -1.6317916235223184,0
-0.9753157144085126, -0.3730413369586417,0
-0.5865588287428363, -0.2404044744306684,0
-1.1284720613312296, -0.09440496001622775,0
2.0646954974352854, -0.13848581627742806,0
2.0819836488076366, -1.3531552465799046,0
-0.7131026626980216, -0.6287231825467972,0
2.0733395731214608, -0.7458205314286664,0
-0.7131026626980216, -0.6287231825467972,0
-1.5574878594027053, 0.19586627484602723,0
-1.5529251675026452, -0.3202933560641792,0
0.5554949861211061, -1.0149319705570825,0
-0.1577836847283325, -0.318183435958336,0
-0.9930434976328962, -0.5259132403859246,0
-0.30661799380796173, -0.34321441659154106,0
-1.5529251675026452, -0.3202933560641792,0
1.5221019789378873, -1.1475353622581594,0
2.0733395731214608, -0.7458205314286664,0
1.1153766559908553, -1.2205518548788281,0
-0.9930434976328962, -0.5259132403859246,0
1.6666142501744285, -0.8188370240493352,0
2.077661610964549, -1.0494878890042854,0
-1.2729843325677703, -0.4231032982250518,0
1.797720776029674, -0.9466779468434129,0
0.12671984210660242, -0.937153009029415,0
-1.6840316933578907, -0.19245243327010148,0
-1.4263813335474598, 0.06802535205194951,0
-1.6840316933578907, -0.19245243327010148,0
-0.9976061895329564, -0.0097536094757181,0
-1.2729843325677703, -0.4231032982250518,0
1.1153766559908553, -1.2205518548788281,0
-0.5865588287428363, -0.2404044744306684,0
-0.30661799380796173, -0.34321441659154106,0
-0.9202059977267192, 1.621300184516464,0
-1.4040908584230158, -0.2952623754309741,0
-0.8442091885532671, -0.5008822597527194,0
1.7933987381865863, -0.6430105892677939,0
0.8311137832128928, -0.8140745551423363,0
-0.7131026626980216, -0.6287231825467972,0
1.8063648517158497, -1.5540126619946508,0
-1.4040908584230158, -0.2952623754309741,0
-0.6402651627918443, 1.5184902423555915,0
-0.28432751868351785, -0.7065021440744648,0
-0.9976061895329564, -0.0097536094757181,0
-0.8664996636777109, -0.13759453226979582,0
-0.46433703263073883, 0.4515815912610793,0
-1.281869062310919, 0.3967236902607736,0
-1.6840316933578907, -0.19245243327010148,0
-1.304400191492335, 0.9725036910782845,0
0.27555415118623133, -0.91212202839621,0
-0.1577836847283325, -0.318183435958336,0
-1.4040908584230158, -0.2952623754309741,0
-0.16186506851444793, -0.2270083517173043,0
-0.8442091885532671, -0.5008822597527194,0
-0.7131026626980216, -0.6287231825467972,0
0.8354358210559804, -1.117741912717955,0
0.12215715020654197, -0.42099337811920867,0
1.3953174909257298, -1.3233617970397007,0
-0.8708217015207986, 0.16607282530582324,0
-1.5529251675026452, -0.3202933560641792,0
-0.18439619769586413, 0.3487716491002067,0
-1.281869062310919, 0.3967236902607736,0
-0.4331618277631468, -0.7315331247076697,0
-0.41403066190597826, 3.1745750169809783,0
-0.4331618277631468, -0.7315331247076697,0
-1.2729843325677703, -0.4231032982250518,0
1.5264240167809753, -1.4512027198337782,0
0.12239780426351463, -0.633485651453796,0
-1.0198966646574001, 0.3535341180072055,0
-0.4331618277631468, -0.7315331247076697,0
-0.30661799380796173, -0.34321441659154106,0
0.3977759472983289, -0.22013596270446226,0
2.0819836488076366, -1.3531552465799046,0
-1.1510031905126457, 0.48137504080128324,0
-0.5865588287428363, -0.2404044744306684,0
-0.28432751868351785, -0.7065021440744648,0
-0.8442091885532671, -0.5008822597527194,0
0.12671984210660242, -0.937153009029415,0
-0.5911215206428966, 0.27575515647953797,0
1.2205509547875741, 0.4736113677808088,0
0.3977759472983289, -0.22013596270446226,0
-0.5642683536183924, -0.603692201913592,0
-0.7131026626980216, -0.6287231825467972,0
-0.004386683748643108, -0.8093120862353373,0
0.2487009841617273, -0.03267467000307994,0
1.1067325803046797, -0.6132171397275898,0
-1.4040908584230158, -0.2952623754309741,0
-0.004386683748643108, -0.8093120862353373,0
-1.4040908584230158, -0.2952623754309741,0
-1.2729843325677703, -0.4231032982250518,0
-0.6134119957673404, 0.6390428839624614,0
0.4023386391983891, -0.7362955936146687,0
1.8063648517158497, -1.5540126619946508,0
-1.6840316933578907, -0.19245243327010148,0
1.6666142501744285, -0.8188370240493352,0
0.3977759472983289, -0.22013596270446226,0
1.3953174909257298, -1.3233617970397007,0
-0.16210572257142028, -0.01451607838271695,0
-1.0467498316819044, 1.2329814764003355,0
1.0930861808664114, -0.8572641273959044,0
-0.5642683536183924, -0.603692201913592,0
-1.1241500234881416, -0.3980723175918468,0
-0.5642683536183924, -0.603692201913592,0
1.797720776029674, -0.9466779468434129,0
-1.2998374995922748, 0.45634406016807816,0
0.12671984210660242, -0.937153009029415,0
1.509135865408624, -0.23653328953130204,0
-1.6840316933578907, -0.19245243327010148,0
-0.43772451966320725, -0.21537349379746337,0
1.3953174909257298, -1.3233617970397007,0
-0.18463685175283678, 0.561263922434794,0
-1.4263813335474598, 0.06802535205194951,0
-1.0198966646574001, 0.3535341180072055,0
-1.2729843325677703, -0.4231032982250518,0
0.22208847119419572, 0.6342804150554626,0
-0.7711310345901176, 1.433838891815082,0
-1.5574878594027053, 0.19586627484602723,0
1.5264240167809753, -1.4512027198337782,0
-0.7131026626980216, -0.6287231825467972,0
0.6820388200762912, -0.626613262440954,0
0.6866015119763514, -1.14277289335116,0
-0.5865588287428363, -0.2404044744306684,0
-1.6840316933578907, -0.19245243327010148,0
1.0930861808664114, -0.8572641273959044,0
-1.8328660024375198, -0.21748341390330655,0
-0.7176653545980818, -0.11256355163659074,0
-0.1577836847283325, -0.318183435958336,0
0.5511729482780182, -0.7112646129814636,0
1.657970174488253, -0.211502308898097,0
0.5554949861211061, -1.0149319705570825,0
-1.024218702500488, 0.6572014755828246,0
-1.1241500234881416, -0.3980723175918468,0
-1.1510031905126457, 0.48137504080128324,0
-0.8664996636777109, -0.13759453226979582,0
-1.5574878594027053, 0.19586627484602723,0
-0.9976061895329564, -0.0097536094757181,0
-1.277547024467831, 0.09305633268515454,0
-0.9976061895329564, -0.0097536094757181,0
-0.004386683748643108, -0.8093120862353373,0
-0.7131026626980216, -0.6287231825467972,0
1.7933987381865863, -0.6430105892677939,0
-1.4263813335474598, 0.06802535205194951,0
-0.3109400316510495, -0.03954705901592204,0
-0.004386683748643108, -0.8093120862353373,0
1.1067325803046797, -0.6132171397275898,0
-0.9930434976328962, -0.5259132403859246,0
-1.1464404986125856, -0.03478459010892318,0
1.5264240167809753, -1.4512027198337782,0
-1.7063221684823346, 0.17083529421282215,0
0.12215715020654197, -0.42099337811920867,0
-1.2729843325677703, -0.4231032982250518,0
-0.5865588287428363, -0.2404044744306684,0
-0.3111806857080219, 0.17294521431866533,0
-0.8442091885532671, -0.5008822597527194,0
-1.5529251675026452, -0.3202933560641792,0
-1.1241500234881416, -0.3980723175918468,0
-0.026677158873086946, -0.44602435875241375,0
-1.1464404986125856, -0.03478459010892318,0
-0.43772451966320725, -0.21537349379746337,0
-1.277547024467831, 0.09305633268515454,0
-0.7131026626980216, -0.6287231825467972,0
-0.035321234559262574, 0.1613103563988244,0
0.8311137832128928, -0.8140745551423363,0
-0.5865588287428363, -0.2404044744306684,0
1.2205509547875741, 0.4736113677808088,0
-0.8442091885532671, -0.5008822597527194,0
1.8063648517158497, -1.5540126619946508,0
-0.8485312263963548, -0.1972149021771004,0
1.955199160795479, -1.5289816813614459,0
-1.6840316933578907, -0.19245243327010148,0
-0.7131026626980216, -0.6287231825467972,0
0.8311137832128928, -0.8140745551423363,0
-1.579778334527149, 0.5591540023289508,0
-0.15322099282827228, -0.8343430668685424,0
0.10078761504807564, 0.8848511364242994,0
2.0819836488076366, -1.3531552465799046,0
1.509135865408624, -0.23653328953130204,0
-0.4331618277631468, -0.7315331247076697,0
-0.7176653545980818, -0.11256355163659074,0
-0.28432751868351785, -0.7065021440744648,0
-0.4331618277631468, -0.7315331247076697,0
-1.4263813335474598, 0.06802535205194951,0
-1.1241500234881416, -0.3980723175918468,0
-1.2729843325677703, -0.4231032982250518,0
-1.1284720613312296, -0.09440496001622775,0
1.8063648517158497, -1.5540126619946508,0
1.5221019789378873, -1.1475353622581594,0
-0.8442091885532671, -0.5008822597527194,0
-1.3041595374353627, 0.7600114177436972,0
-0.9930434976328962, -0.5259132403859246,0
0.4023386391983891, -0.7362955936146687,0
-1.6840316933578907, -0.19245243327010148,0
-1.0198966646574001, 0.3535341180072055,0
0.12671984210660242, -0.937153009029415,0
-0.3111806857080219, 0.17294521431866533,0
1.5264240167809753, -1.4512027198337782,0
-0.8442091885532671, -0.5008822597527194,0
-0.8442091885532671, -0.5008822597527194,0
-1.277547024467831, 0.09305633268515454,0
-1.1464404986125856, -0.03478459010892318,0
1.368704977958198, -0.6564067119811581,0
-0.8710623555777711, 0.3785650986404106,0
1.2378391061599252, -0.7410580625216674,0
-0.46001499478765107, 0.14791423368546025,0
0.27123211334314357, -0.6084546708205909,0
1.3953174909257298, -1.3233617970397007,0
1.9465550851093032, -0.9216469662102078,0
2.0733395731214608, -0.7458205314286664,0
-0.8708217015207986, 0.16607282530582324,0
2.0863056866507246, -1.6568226041555234,0
-0.7174247005411093, -0.32505582497117813,0
-1.6840316933578907, -0.19245243327010148,0
-0.8933528307022149, 0.7418528261233341,0
1.3823513773964664, -0.41235972431284346,0
0.4066606770414769, -1.039962951190288,0
-0.5911215206428966, 0.27575515647953797,0
2.077661610964549, -1.0494878890042854,0
-0.4331618277631468, -0.7315331247076697,0
-0.16186506851444793, -0.2270083517173043,0
1.2378391061599252, -0.7410580625216674,0
1.8020428138727618, -1.250345304419032,0
-1.0198966646574001, 0.3535341180072055,0
-0.28432751868351785, -0.7065021440744648,0
-1.0198966646574001, 0.3535341180072055,0
-0.026677158873086946, -0.44602435875241375,0
1.6622922123313408, -0.515169666473716,0
0.5554949861211061, -1.0149319705570825,0
-1.5529251675026452, -0.3202933560641792,0
-0.5642683536183924, -0.603692201913592,0
-1.4040908584230158, -0.2952623754309741,0
-0.004386683748643108, -0.8093120862353373,0
0.27123211334314357, -0.6084546708205909,0
1.2291950304737496, -0.13372334737042932,0
-1.1241500234881416, -0.3980723175918468,0
-0.8979155226022754, 1.2580124570335407,0
-0.5642683536183924, -0.603692201913592,0
1.657970174488253, -0.211502308898097,0
-1.2729843325677703, -0.4231032982250518,0
-1.1241500234881416, -0.3980723175918468,0
2.0733395731214608, -0.7458205314286664,0
-0.6671183298163488, 2.3979376007487216,0
0.12215715020654197, -0.42099337811920867,0
0.5554949861211061, -1.0149319705570825,0
1.2464831818461009, -1.3483927776729057,0
0.9799480922925219, -0.7890435745091312,0
1.2464831818461009, -1.3483927776729057,0
-0.8708217015207986, 0.16607282530582324,0
-1.2729843325677703, -0.4231032982250518,0
0.09554463723901031, 0.245961706939334,0
-1.2729843325677703, -0.4231032982250518,0
-0.5642683536183924, -0.603692201913592,0
1.3953174909257298, -1.3233617970397007,0
0.5288824731535744, -0.34797688549854,0
-0.7131026626980216, -0.6287231825467972,0
1.1153766559908553, -1.2205518548788281,0
-0.30661799380796173, -0.34321441659154106,0
-1.1241500234881416, -0.3980723175918468,0
-0.15322099282827228, -0.8343430668685424,0
-1.1241500234881416, -0.3980723175918468,0
-1.1241500234881416, -0.3980723175918468,0
-0.9976061895329564, -0.0097536094757181,0
-1.4040908584230158, -0.2952623754309741,0
-1.6840316933578907, -0.19245243327010148,0
1.368704977958198, -0.6564067119811581,0
1.8063648517158497, -1.5540126619946508,0
-1.1464404986125856, -0.03478459010892318,0
-1.1464404986125856, -0.03478459010892318,0
-1.5529251675026452, -0.3202933560641792,0
2.0733395731214608, -0.7458205314286664,0
-0.17074979825759587, 0.5928186367685211,0
-0.18463685175283678, 0.561263922434794,0
-0.9930434976328962, -0.5259132403859246,0
-0.5642683536183924, -0.603692201913592,0
-0.7399558297225256, 0.2507241758463329,0
2.077661610964549, -1.0494878890042854,0
-1.579778334527149, 0.5591540023289508,0
1.9465550851093032, -0.9216469662102078,0
-1.281869062310919, 0.3967236902607736,0
-0.8442091885532671, -0.5008822597527194,0
0.6820388200762912, -0.626613262440954,0
1.242161144003013, -1.0447254200972866,0
-0.7131026626980216, -0.6287231825467972,0
-1.4263813335474598, 0.06802535205194951,0
-0.442046557506295, 0.08829386377815565,0
-0.7668089967470296, 1.130171534239463,0
-1.6840316933578907, -0.19245243327010148,0
-0.8442091885532671, -0.5008822597527194,0
1.9465550851093032, -0.9216469662102078,0
-0.5642683536183924, -0.603692201913592,0
1.3953174909257298, -1.3233617970397007,0
-1.5529251675026452, -0.3202933560641792,0
-0.5911215206428966, 0.27575515647953797,0
-0.4331618277631468, -0.7315331247076697,0
1.7847546625004107, -0.035675874116555595,0
-0.004386683748643108, -0.8093120862353373,0
0.27555415118623133, -0.91212202839621,0
-1.024218702500488, 0.6572014755828246,0
-0.7131026626980216, -0.6287231825467972,0
-0.28432751868351785, -0.7065021440744648,0
1.2464831818461009, -1.3483927776729057,0
0.3977759472983289, -0.22013596270446226,0
-0.43772451966320725, -0.21537349379746337,0
0.12671984210660242, -0.937153009029415,0
-0.7397151756655531, 0.03823190251174552,0
-0.30661799380796173, -0.34321441659154106,0
1.9465550851093032, -0.9216469662102078,0
-1.8328660024375198, -0.21748341390330655,0
-1.4040908584230158, -0.2952623754309741,0
-1.1241500234881416, -0.3980723175918468,0
-0.9976061895329564, -0.0097536094757181,0
-0.8708217015207986, 0.16607282530582324,0
-1.7063221684823346, 0.17083529421282215,0
-1.4040908584230158, -0.2952623754309741,0
1.3953174909257298, -1.3233617970397007,0
-1.7063221684823346, 0.17083529421282215,0
1.6666142501744285, -0.8188370240493352,0
1.9335889715800398, -0.010644893483350515,0
-0.28432751868351785, -0.7065021440744648,0
-1.1507625364556735, 0.26888276746669587,0
-0.8708217015207986, 0.16607282530582324,0
-1.0244593565574605, 0.8696937489174119,0
-1.277547024467831, 0.09305633268515454,0
1.5177799410947996, -0.8438680046825403,0
0.5332045109966623, -0.651644243074159,0
-0.8708217015207986, 0.16607282530582324,0
-1.1464404986125856, -0.03478459010892318,0
1.955199160795479, -1.5289816813614459,0
-1.5574878594027053, 0.19586627484602723,0
1.5264240167809753, -1.4512027198337782,0
0.8354358210559804, -1.117741912717955,0
-0.004386683748643108, -0.8093120862353373,0
-0.8442091885532671, -0.5008822597527194,0
-0.7174247005411093, -0.32505582497117813,0
1.9335889715800398, -0.010644893483350515,0
1.955199160795479, -1.5289816813614459,0
-0.28432751868351785, -0.7065021440744648,0
-0.28432751868351785, -0.7065021440744648,0
-0.026677158873086946, -0.44602435875241375,0
-1.281869062310919, 0.3967236902607736,0
-1.0287813944005484, 1.173361106493031,0
-1.6840316933578907, -0.19245243327010148,0
2.2351399957303535, -1.6317916235223184,0
1.5177799410947996, -0.8438680046825403,0
-1.5574878594027053, 0.19586627484602723,0
-0.1577836847283325, -0.318183435958336,0
-0.5642683536183924, -0.603692201913592,0
0.3977759472983289, -0.22013596270446226,0
-0.4331618277631468, -0.7315331247076697,0
-0.004386683748643108, -0.8093120862353373,0
1.797720776029674, -0.9466779468434129,0
-1.6840316933578907, -0.19245243327010148,0
-1.4040908584230158, -0.2952623754309741,0
-1.8328660024375198, -0.21748341390330655,0
-1.1464404986125856, -0.03478459010892318,0
-0.1705091442006234, 0.3803263634339339,0
1.6666142501744285, -0.8188370240493352,0
-0.8485312263963548, -0.1972149021771004,0
-0.004386683748643108, -0.8093120862353373,0
1.3953174909257298, -1.3233617970397007,0
1.0887641430233235, -0.5535967698202852,0
1.2464831818461009, -1.3483927776729057,0
1.5264240167809753, -1.4512027198337782,0
-1.5529251675026452, -0.3202933560641792,0
-0.7399558297225256, 0.2507241758463329,0
0.8311137832128928, -0.8140745551423363,0
-1.5574878594027053, 0.19586627484602723,0
-0.026677158873086946, -0.44602435875241375,0
-1.579778334527149, 0.5591540023289508,0
-1.5529251675026452, -0.3202933560641792,0
0.25326367606178746, -0.5488343009132864,0
2.0646954974352854, -0.13848581627742806,0
1.657970174488253, -0.211502308898097,0
-0.004386683748643108, -0.8093120862353373,0
-1.1510031905126457, 0.48137504080128324,0
-1.4040908584230158, -0.2952623754309741,0
-1.4040908584230158, -0.2952623754309741,0
1.7890767003434984, -0.33934323169217456,0
-1.6840316933578907, -0.19245243327010148,0
-0.7176653545980818, -0.11256355163659074,0
2.174631465927124, 2.619551382536348,0
-1.4040908584230158, -0.2952623754309741,0
-1.1732936656370896, 0.8446627682842067,0
-0.8442091885532671, -0.5008822597527194,0
-1.1732936656370896, 0.8446627682842067,0
-1.2998374995922748, 0.45634406016807816,0
-1.8328660024375198, -0.21748341390330655,0
-1.1510031905126457, 0.48137504080128324,0
0.12671984210660242, -0.937153009029415,0
2.077661610964549, -1.0494878890042854,0
-0.15322099282827228, -0.8343430668685424,0
-1.5529251675026452, -0.3202933560641792,0
-0.5642683536183924, -0.603692201913592,0
-1.0244593565574605, 0.8696937489174119,0
-1.4309440254475203, 0.5841849829621559,0
-1.6840316933578907, -0.19245243327010148,0
-0.9976061895329564, -0.0097536094757181,0
-0.3380338527325262, 1.0523925727117953,0
-0.9973655354759842, -0.22224588281030547,0
-1.281869062310919, 0.3967236902607736,0
-0.5911215206428966, 0.27575515647953797,0
0.5554949861211061, -1.0149319705570825,0
-1.6840316933578907, -0.19245243327010148,0
-1.1732936656370896, 0.8446627682842067,0
0.37548547217388506, 0.14315176477846137,0
-1.6840316933578907, -0.19245243327010148,1
1.2375984521029524, -0.5285657891870801,1
-0.7217467383841971, -0.021388467395558997,1
-1.281869062310919, 0.3967236902607736,1
-0.4418059034493224, -0.12419840955643166,1
-0.6266187633535762, 1.7625372300239062,1
-0.17074979825759587, 0.5928186367685211,1
-0.3111806857080219, 0.17294521431866533,1
3.0483499875674456, -1.2732663649463933,1
2.646187356520473, -1.8624424884772686,1
-1.1776157034801775, 1.1483301258598257,1
2.7258690601106976, 3.021266213365841,1
1.460672509168681, 2.1612508567399233,1
0.27555415118623133, -0.91212202839621,1
2.493470641449789, -0.2162647778050958,1
-0.28432751868351785, -0.7065021440744648,1
3.001487857202484, 3.2221236287805874,1
1.6536481366451652, 0.09216504867752218,1
2.7258690601106976, 3.021266213365841,1
1.4782013145980046, 0.7340891531028597,1
-1.6840316933578907, -0.19245243327010148,1
-1.277547024467831, 0.09305633268515454,1
2.7950216656001023, -1.8374115078440636,1
-0.5180433666797472, 2.2104763080473395,1
0.43511620449382576, 3.4138595357422936,1
-1.4532345005719642, 0.9474727104450794,1
3.2060690263902227, -2.0680623727990137,1
-0.36896840354314564, 2.023015015345957,1
0.4672134838802579, 6.408965604704086,1
2.7950216656001023, -1.8374115078440636,1
0.4353568585507984, 3.2013672624077074,1
0.760359951848506, 1.9469973186118126,1
0.7740063512867741, 2.1910443062801273,1
-1.4084128962661038, 0.008404982144644912,1
-0.8708217015207986, 0.16607282530582324,1
1.368704977958198, -0.6564067119811581,1
-1.281869062310919, 0.3967236902607736,1
0.5286418190966019, -0.13548461216395263,1
-1.281869062310919, 0.3967236902607736,1
1.5175392870378268, -0.631375731347953,1
-1.281869062310919, 0.3967236902607736,1
3.634844170404726, -2.1458413343266813,1
2.5767940969740963, 3.2087275060672233,1
-1.1241500234881416, -0.3980723175918468,1
2.51075879282214, -1.4309342081075718,1
0.39345390945524106, 0.08353139487115682,1
-0.5865588287428363, -0.2404044744306684,1
0.6649913227609126, 0.37556389452693506,1
2.312540187536591, -0.0007378295301361248,1
2.466858128482257, 0.45069030725344694,1
0.2091223576649323, 1.5452824877823197,1
1.2576505579260981, 4.320099139562152,1
-1.8328660024375198, -0.21748341390330655,1
-1.6840316933578907, -0.19245243327010148,1
-0.5815565049907436, 0.6109772283888842,1
-0.19712165716815513, 1.0472814484924766,1
-1.1776157034801775, 1.1483301258598257,1
3.2060690263902227, -2.0680623727990137,1
-1.281869062310919, 0.3967236902607736,1
-0.9976061895329564, -0.0097536094757181,1
0.6424601935794961, 0.951343895344446,1
0.5286418190966019, -0.13548461216395263,1
-0.04828734808852595, 1.0723124291256818,1
-0.7306314681273451, 0.7984385210902665,1
2.646187356520473, -1.8624424884772686,1
3.0483499875674456, -1.2732663649463933,1
0.66475066870394, 0.5880561678615223,1
-1.259578587186475, 0.03343596277784999,1
-0.8442091885532671, -0.5008822597527194,1
0.0686914702145063, 1.125409065332464,1
0.37548547217388506, 0.14315176477846137,1
3.1282723452146426, 3.3979500635621287,1
-1.259578587186475, 0.03343596277784999,1
3.281428692137359, 3.119313686619715,1
3.254816179169828, 3.7862687716782575,1
-1.128712715388202, 0.11808731331835962,1
-1.6840316933578907, -0.19245243327010148,1
3.001487857202484, 3.2221236287805874,1
0.6777167822332034, -0.3229459048653349,1
1.4961697518793606, 0.6744687831955553,1
0.24005690847555167, 0.5746600451481582,1
-1.4309440254475203, 0.5841849829621559,1
-0.24698726148802064, 2.927493354372292,1
0.6251720422071448, 2.1660133256469223,1
0.2625880376569679, -0.0011199556693528567,1
1.6440831209930125, -0.24305702323182427,1
3.001487857202484, 3.2221236287805874,1
1.8063648517158497, -1.5540126619946508,1
1.368704977958198, -0.6564067119811581,1
-0.29297159436969344, -0.09916742892322661,1
1.5175392870378268, -0.631375731347953,1
0.8095035939974538, 0.7042622327357592,1
-0.7176653545980818, -0.11256355163659074,1
-0.01735279727790652, 0.10168998649151983,1
0.35387528295844606, 1.6614885526565568,1
-1.2773063704108583, -0.11943594064943278,1
3.1280316911576698, 3.6104423368967162,1
2.4616151506731923, -0.18819912223151858,1
-1.1327940991743173, 0.20926239755939136,1
0.8311137832128928, -0.8140745551423363,1
-0.6266187633535762, 1.7625372300239062,1
1.2107452850784481, 0.3508815692060496,1
2.8526535481228557, 3.1970926481473825,1
-1.1730530115801172, 0.6321704949496195,1
3.0483499875674456, -1.2732663649463933,1
0.0686914702145063, 1.125409065332464,1
1.776110586814235, 0.5716588410346825,1
-0.3334711608324657, 0.5362329418015889,1
-0.0619337475267942, 0.8282654414573671,1
3.0483499875674456, -1.2732663649463933,1
2.5767940969740963, 3.2087275060672233,1
-1.8328660024375198, -0.21748341390330655,1
-1.6840316933578907, -0.19245243327010148,1
-0.29729363221278116, 0.20449992865239242,1
0.3579566667445613, 1.570313468415525,1
-1.6840316933578907, -0.19245243327010148,1
-1.281869062310919, 0.3967236902607736,1
0.2091223576649323, 1.5452824877823197,1
2.926128191455348, -1.9652524306381416,1
-1.6840316933578907, -0.19245243327010148,1
-1.6840316933578907, -0.19245243327010148,1
-0.3334711608324657, 0.5362329418015889,1
-1.8328660024375198, -0.21748341390330655,1
0.9597412857098678, 4.482529451630329,1
2.366246521585599, -1.759632546316396,1
-1.281869062310919, 0.3967236902607736,1
-1.6840316933578907, -0.19245243327010148,1
-1.6840316933578907, -0.19245243327010148,1
0.8354358210559804, -1.117741912717955,1
1.0721562775599773, 1.8161217208773626,1
-0.28432751868351785, -0.7065021440744648,1
0.2093630117219047, 1.3327902144477326,1
-0.8571753020825305, 0.4101198129741378,1
1.3953174909257298, -1.3233617970397007,1
-1.6840316933578907, -0.19245243327010148,1
-0.622056071453516, 1.2463775991136996,1
0.5286418190966019, -0.13548461216395263,1
1.1153766559908553, -1.2205518548788281,1
1.980734898484662, 3.7460804035381656,1
0.5202383974673987, 0.25935782965269816,1
2.856975585965943, 2.893425290571763,1
0.03295357344685407, 2.8246834122114195,1
-1.6840316933578907, -0.19245243327010148,1
-1.8328660024375198, -0.21748341390330655,1
3.337615184097501, -0.8283619618633328,1
-1.4309440254475203, 0.5841849829621559,1
-0.4418059034493224, -0.12419840955643166,1
-0.15322099282827228, -0.8343430668685424,1
-1.6840316933578907, -0.19245243327010148,1
1.9026544207694203, 0.9599775491508111,1
2.646187356520473, -1.8624424884772686,1
2.1814336616813454, 0.12710309326394165,1
0.2357348706324639, 0.8783274027237772,1
0.8782597101175154, 2.94265074187918,1
0.9137569528281954, 1.4558686683348114,1
2.5767940969740963, 3.2087275060672233,1
-1.281628408253946, 0.18423141692618628,1
3.2060690263902227, -2.0680623727990137,1
2.742476925574044, 0.6515477226681934,1
-0.15322099282827228, -0.8343430668685424,1
1.7845140084434383, 0.1768163992180317,1
-0.8485312263963548, -0.1972149021771004,1
-1.259578587186475, 0.03343596277784999,1
0.24005690847555167, 0.5746600451481582,1
2.4711801663253454, 0.14702294967782784,1
-1.6840316933578907, -0.19245243327010148,1
-0.031239850773147417, 0.07013527215779264,1
-1.6840316933578907, -0.19245243327010148,1
-1.259578587186475, 0.03343596277784999,1
-1.5529251675026452, -0.3202933560641792,1
0.6554263071087596, 0.04034182261758873,1
-1.259578587186475, 0.03343596277784999,1
-0.752921943251789, 1.16172624857319,1
-1.6840316933578907, -0.19245243327010148,1
-0.4463685953493828, 0.39196122135377465,1
-0.7217467383841971, -0.021388467395558997,1
2.5767940969740963, 3.2087275060672233,1
0.90851397501913, 0.8169792388498461,1
-1.8328660024375198, -0.21748341390330655,1
0.9051128771420196, 2.0632033834860493,1
-1.8328660024375198, -0.21748341390330655,1
1.460672509168681, 2.1612508567399233,1
-0.9019969063883906, 1.3491875412745724,1
-1.4309440254475203, 0.5841849829621559,1
1.3909954530826418, -1.0196944394640817,1
-0.03964327240235036, 0.46497771397444343,1
0.4672134838802579, 6.408965604704086,1
2.312540187536591, -0.0007378295301361248,1
-0.08014283886512288, 1.100378084699259,1
2.312540187536591, -0.0007378295301361248,1
1.4961697518793606, 0.6744687831955553,1
-0.7174247005411093, -0.32505582497117813,1
1.6313576615207213, 0.45545277616044577,1
-1.6840316933578907, -0.19245243327010148,1
-0.18895888959592455, 0.864931280010413,1
-1.6840316933578907, -0.19245243327010148,1
-1.281869062310919, 0.3967236902607736,1
0.48041911691363115, 2.049807260772685,1
0.2359755246894363, 0.6658351293891899,1
1.5175392870378268, -0.631375731347953,1
0.33998822946320517, 1.6299338383228295,1
-0.4418059034493224, -0.12419840955643166,1
2.59908457209854, 2.8454397785842995,1
0.2091223576649323, 1.5452824877823197,1
1.7888360462865258, -0.12685095835758728,1
3.552725451386058, 3.6238384596100808,1
2.3141414134115728, 2.09686801792562,1
1.0403007867833804, 1.84418737645094,1
-0.18439619769586413, 0.3487716491002067,1
2.312540187536591, -0.0007378295301361248,1
-0.08446487670821068, 1.404045442274878,1
-1.277547024467831, 0.09305633268515454,1
-0.24698726148802064, 2.927493354372292,1
-1.6840316933578907, -0.19245243327010148,1
-1.259578587186475, 0.03343596277784999,1
-0.752921943251789, 1.16172624857319,1
0.38913187161215324, 0.3871987524467758,1
0.7066536177994973, 3.7058920353980724,1
1.6227135858345456, 1.062787491311684,1
-0.7306314681273451, 0.7984385210902665,1
1.0887641430233235, -0.5535967698202852,1
1.6270356236776335, 0.7591201337360647,1
0.27555415118623133, -0.91212202839621,1
-0.28432751868351785, -0.7065021440744648,1
1.6313576615207213, 0.45545277616044577,1
3.6262000947185506, -1.5385066191754433,1
-1.6840316933578907, -0.19245243327010148,1
0.4066606770414769, -1.039962951190288,1
3.6795099393982156, 3.799664894391622,1
2.051729383906022, 0.7725162564494289,1
0.47585642501357106, 2.5659668916828915,1
0.4801784628566589, 2.2622995341072727,1
-1.6840316933578907, -0.19245243327010148,1
-1.6840316933578907, -0.19245243327010148,1
0.08281917776671963, 0.9444715063316039,1
-0.00870872159173093, -0.5056447286597183,1
-1.277547024467831, 0.09305633268515454,1
2.5770347510310683, 2.996235232732636,1
-1.6840316933578907, -0.19245243327010148,1
1.6622922123313408, -0.515169666473716,1
-1.281869062310919, 0.3967236902607736,1
-0.00870872159173093, -0.5056447286597183,1
0.0686914702145063, 1.125409065332464,1
2.856975585965943, 2.893425290571763,1
1.6536481366451652, 0.09216504867752218,1
-1.281869062310919, 0.3967236902607736,1
-0.7263094302842574, 0.49477116351464734,1
2.7950216656001023, -1.8374115078440636,1
1.2205509547875741, 0.4736113677808088,1
-1.259578587186475, 0.03343596277784999,1
-1.281869062310919, 0.3967236902607736,1
1.5004917897224486, 0.3708014256199361,1
1.7629038192279993, 1.6951531870961272,1
-1.6840316933578907, -0.19245243327010148,1
1.3730270158012858, -0.960074069556777,1
-1.4307033713905477, 0.3716927096275685,1
0.38913187161215324, 0.3871987524467758,1
0.5072722839381354, 1.1703599023795555,1
-0.4729811083169145, 1.0589163064123175,1
0.6561065930177644, 1.1953908830127604,1
2.7950216656001023, -1.8374115078440636,1
-0.9022375604453631, 1.5616798146091595,1
-1.277547024467831, 0.09305633268515454,1
-0.1661871063575357, 0.07665900585831475,1
-1.6840316933578907, -0.19245243327010148,1
0.33998822946320517, 1.6299338383228295,1
-0.17074979825759587, 0.5928186367685211,1
-0.1748311820437113, 0.6839937210095529,1
2.7258690601106976, 3.021266213365841,1
-1.6840316933578907, -0.19245243327010148,1
1.1757293504817137, 1.4126790960812432,1
-1.281869062310919, 0.3967236902607736,1
-1.259578587186475, 0.03343596277784999,1
-1.4084128962661038, 0.008404982144644912,1
1.889688307240157, 1.8709796218776682,1
-1.259578587186475, 0.03343596277784999,1
-0.5865588287428363, -0.2404044744306684,1
-1.6840316933578907, -0.19245243327010148,1
0.43079416665073805, 3.717526893317913,1
2.3141414134115728, 2.09686801792562,1
-1.259578587186475, 0.03343596277784999,1
-0.17074979825759587, 0.5928186367685211,1
3.0483499875674456, -1.2732663649463933,1
2.7258690601106976, 3.021266213365841,1
-1.8328660024375198, -0.21748341390330655,1
0.9492541955388749, -0.03091340520955671,1
-1.5574878594027053, 0.19586627484602723,1
2.8526535481228557, 3.1970926481473825,1
-1.4084128962661038, 0.008404982144644912,1
2.2112914372136165, 5.098497820587933,1
3.5959458298169364, 0.58716488385389,1
2.7681684985755983, -0.9579641494509334,1
-1.6840316933578907, -0.19245243327010148,1
2.312540187536591, -0.0007378295301361248,1
1.0937664667754163, 0.29778493299926756,1
0.4023386391983891, -0.7362955936146687,1
0.2359755246894363, 0.6658351293891899,1
-0.7176653545980818, -0.11256355163659074,1
0.4066606770414769, -1.039962951190288,1
-1.8328660024375198, -0.21748341390330655,1
2.217851844358002, -0.4171221932198423,1
1.23735779804598, -0.3160735158524928,1
-1.4084128962661038, 0.008404982144644912,1
0.24029756253252407, 0.36216777181357074,1
-0.7174247005411093, -0.32505582497117813,1
3.7659506962599716, -2.2736822571207593,1
-1.8328660024375198, -0.21748341390330655,1
2.051729383906022, 0.7725162564494289,1
1.3737073017102908, 0.19497499083839487,1
3.473043747795834, -1.2598702422330295,1
2.742476925574044, 0.6515477226681934,1
-1.5574878594027053, 0.19586627484602723,1
0.3579566667445613, 1.570313468415525,1
-1.6840316933578907, -0.19245243327010148,1
1.0930861808664114, -0.8572641273959044,1
3.1280316911576698, 3.6104423368967162,1
2.200563692985651, 0.7975472370826341,1
0.24894163821869972, -0.24516694333766734,1
2.619334189495969, -0.9829951300841386,1
2.217851844358002, -0.4171221932198423,1
0.5070316298811629, 1.3828521757141428,1
-1.281869062310919, 0.3967236902607736,1
0.27555415118623133, -0.91212202839621,1
-1.1732936656370896, 0.8446627682842067,1
1.0887641430233235, -0.5535967698202852,1
-0.1575430306713601, -0.5306757092929234,1
3.0483499875674456, -1.2732663649463933,1
1.3245636595613426, 1.4377100767144484,1
-0.4418059034493224, -0.12419840955643166,1
2.46137449661622, 0.024293151103068844,1
-1.281869062310919, 0.3967236902607736,1
2.92180615361226, -1.6615850730625223,1
0.6294940800502326, 1.8623459680713033,1
-0.3332305067754933, 0.32374066846700156,1
-0.3241467992372853, 1.0839472870455225,1
3.0483499875674456, -1.2732663649463933,1
1.509135865408624, -0.23653328953130204,1
-0.6222967255104884, 1.458869872448287,1
0.6554263071087596, 0.04034182261758873,1
0.9135162987712226, 1.6683609416693987,1
0.33998822946320517, 1.6299338383228295,1
3.634844170404726, -2.1458413343266813,1
1.495248811913383, -0.26808800386502935,1
1.3202416217182549, 1.7413774342900674,1
0.5115943217812232, 0.8666925448039363,1
0.9449321576957871, 0.2727539523660625,1
0.7239417691718485, 2.4912226050955963,1
1.1939384418200423, 1.1405664528393515,1
-0.5865588287428363, -0.2404044744306684,1
-1.8328660024375198, -0.21748341390330655,1
-1.281869062310919, 0.3967236902607736,1
1.460672509168681, 2.1612508567399233,1
0.9535762333819627, -0.3345807627851758,1
-0.9024782145023356, 1.774172087943747,1
-0.28432751868351785, -0.7065021440744648,1
2.7258690601106976, 3.021266213365841,1
-0.4418059034493224, -0.12419840955643166,1
-0.8442091885532671, -0.5008822597527194,1
-1.4084128962661038, 0.008404982144644912,1
-0.3466779284187018, 1.6597272878630336,1
0.7822107951209173, 0.21616825739913012,1
-1.2729843325677703, -0.4231032982250518,1
-1.6840316933578907, -0.19245243327010148,1
0.0912225993959225, 0.5496290645149531,1
-0.15322099282827228, -0.8343430668685424,1
0.6733947443901156, -0.01927854728971584,1
-1.2998374995922748, 0.45634406016807816,1
-1.0019282273760441, 0.2939137480999009,1
-1.259578587186475, 0.03343596277784999,1
-1.6840316933578907, -0.19245243327010148,1
-0.05785236374067905, 0.7370903572163352,1
-0.4331618277631468, -0.7315331247076697,1
0.3581973208015339, 1.3578211950809378,1
-1.5572472053457331, -0.016625998488560167,1
1.2642109650704842, -1.1955208742456231,1
2.7950216656001023, -1.8374115078440636,1
2.742476925574044, 0.6515477226681934,1
-1.6840316933578907, -0.19245243327010148,1
0.2860412413572242, 3.601320828443676,1
-0.8751437393638866, 0.46974018288144226,1
1.2248729926306618, 0.1699440102051898,1
0.20455966576487186, 2.0614421186925265,1
-0.04828734808852595, 1.0723124291256818,1
-1.259578587186475, 0.03343596277784999,1
2.483905625797636, -0.5514868497144421,1
-0.7306314681273451, 0.7984385210902665,1
-1.5574878594027053, 0.19586627484602723,1
0.8869037858036911, 2.3353160267279414,1
1.8063648517158497, -1.5540126619946508,1
-1.6840316933578907, -0.19245243327010148,1
-1.5572472053457331, -0.016625998488560167,1
1.2107452850784481, 0.3508815692060496,1
3.1280316911576698, 3.6104423368967162,1
-0.5685903914614802, -0.30002484433797305,1
-0.5180433666797472, 2.2104763080473395,1
0.36227870458764905, 1.2666461108399059,1
-0.572912429304568, 0.0036425132376460834,1
2.5767940969740963, 3.2087275060672233,1
1.368704977958198, -0.6564067119811581,1
-1.259578587186475, 0.03343596277784999,1
1.9206228580507765, 0.9003571792435067,1
-0.7306314681273451, 0.7984385210902665,1
3.001487857202484, 3.2221236287805874,1
0.8311137832128928, -0.8140745551423363,1
3.005809895045572, 2.918456271204968,1
-0.9019969063883906, 1.3491875412745724,1
1.198940765572135, 1.9919481556589038,1
-1.6840316933578907, -0.19245243327010148,1
-0.18439619769586413, 0.3487716491002067,1
0.5115943217812232, 0.8666925448039363,1
-0.18871823553895192, 0.6524390066758257,1
0.36251935864462165, 1.0541538375053185,1
1.1902978244388218, 5.834946868680098,1
2.4502502630189107, 2.8204087979510946,1
3.552725451386058, 3.6238384596100808,1
0.7819701410639449, 0.42866053073371735,1
-0.9976061895329564, -0.0097536094757181,1
-0.9930434976328962, -0.5259132403859246,1
0.4847411547567191, 1.7461399031970664,1
0.4128257293693819, 3.7771472632252174,1
-1.281869062310919, 0.3967236902607736,1
2.5767940969740963, 3.2087275060672233,1
1.1153766559908553, -1.2205518548788281,1
3.337615184097501, -0.8283619618633328,1
1.5175392870378268, -0.631375731347953,1
-1.304400191492335, 0.9725036910782845,1
-1.5574878594027053, 0.19586627484602723,1
0.7872131188730099, 1.0675499602186829,1
1.4683956448888786, 0.6113593545281009,1
1.3909954530826418, -1.0196944394640817,1
2.8526535481228557, 3.1970926481473825,1
-1.6840316933578907, -0.19245243327010148,1
-1.4040908584230158, -0.2952623754309741,1
3.552725451386058, 3.6238384596100808,1
-0.28432751868351785, -0.7065021440744648,1
-1.4040908584230158, -0.2952623754309741,1
-0.4418059034493224, -0.12419840955643166,1
2.217851844358002, -0.4171221932198423,1
3.2771066542942715, 3.4229810441953337,1
1.6313576615207213, 0.45545277616044577,1
-0.8571753020825305, 0.4101198129741378,1
3.001487857202484, 3.2221236287805874,1
0.8001792324022734, 0.1565478874918255,1
-0.9024782145023356, 1.774172087943747,1
-1.1507625364556735, 0.26888276746669587,1
-1.6840316933578907, -0.19245243327010148,1
-0.7303908140703728, 0.5859462477556792,1
-0.7485999054087012, 0.858058890997571,1
2.427959787894467, 3.1836965254340184,1
1.5218613248809147, -0.935043088923572,1
0.47085410126147836, 1.7145851888633392,1
0.5286418190966019, -0.13548461216395263,1
0.08257852370974694, 1.1569637796661913,1
0.4066606770414769, -1.039962951190288,1
1.368704977958198, -0.6564067119811581,1
3.3160049948820616, 0.6899748260147628,1
-1.6840316933578907, -0.19245243327010148,1
0.4672134838802579, 6.408965604704086,1
-0.3282281830234007, 1.1751223712865544,1
-0.7303908140703728, 0.5859462477556792,1
-1.6840316933578907, -0.19245243327010148,1
1.0937664667754163, 0.29778493299926756,1
0.9005501852419592, 2.579363014396256,1
0.4760970790705432, 2.3534746183483044,1
-1.4532345005719642, 0.9474727104450794,1
0.8190697442024691, 4.275148302515062,1
1.797720776029674, -0.9466779468434129,1
-1.259578587186475, 0.03343596277784999,1
-0.5952029044290118, 0.3669302407205697,1
0.4672134838802579, 6.408965604704086,1
-0.572912429304568, 0.0036425132376460834,1
1.7933987381865863, -0.6430105892677939,1
-0.31958410733722503, 0.567787656135316,1
-0.7176653545980818, -0.11256355163659074,1
0.4023386391983891, -0.7362955936146687,1
0.20888170360795968, 1.7577747611169072,1
0.6970886021473445, 3.370669963488726,1
1.3909954530826418, -1.0196944394640817,1
2.217851844358002, -0.4171221932198423,1
0.5295627590625792, 0.8070721748966317,1
1.3953174909257298, -1.3233617970397007,1
3.2015063344901624, -1.5519027418888076,1
3.4125352179926045, 2.9914727638256373,1
0.5115943217812232, 0.8666925448039363,1
2.7950216656001023, -1.8374115078440636,1
0.6777167822332034, -0.3229459048653349,1
3.6795099393982156, 3.799664894391622,1
2.7950216656001023, -1.8374115078440636,1
-0.7485999054087012, 0.858058890997571,1
-0.4729811083169145, 1.0589163064123175,1
1.6443237750499846, -0.45554929656641163,1
-1.6840316933578907, -0.19245243327010148,1
-0.4686590704738266, 0.7552489488366982,1
0.20455966576487186, 2.0614421186925265,1
0.4890631925998068, 1.442472545621447,1
1.2125882995632657, 5.471659141197175,1
2.5767940969740963, 3.2087275060672233,1
3.074962500534977, -1.9402214500049362,1
0.6563472470747368, 0.982898609678173,1
-0.8797064312639468, 0.9858998137916488,1
-1.277547024467831, 0.09305633268515454,1
0.6424601935794961, 0.951343895344446,1
0.7517158761623303, 2.554332033763051,1
0.760359951848506, 1.9469973186118126,1
1.8266576115959678, 3.082159993419995,1
0.7862921789070327, 0.12499317315809833,1
3.561369527072234, 3.0165037444588423,1
3.1280316911576698, 3.6104423368967162,1
-0.04852800214549863, 1.284804702460269,1
3.0483499875674456, -1.2732663649463933,1
-1.6840316933578907, -0.19245243327010148,1
3.481447169425037, -1.65471268404968,1
0.49770726828598233, 0.8351378304702091,1
2.0471666920059617, 1.2886758873596353,1
3.552725451386058, 3.6238384596100808,1
0.5286418190966019, -0.13548461216395263,1
-1.4307033713905477, 0.3716927096275685,1
0.5072722839381354, 1.1703599023795555,1
-1.281869062310919, 0.3967236902607736,1
-1.6840316933578907, -0.19245243327010148,1
-0.04828734808852595, 1.0723124291256818,1
2.0694571671304054, 0.9253881598767116,1
1.6450040609589895, 0.6994997638287602,1
-0.7531625973087616, 1.3742185219077774,1
0.7690040275346816, 1.3396626034605745,1
1.0721562775599773, 1.8161217208773626,1
2.5767940969740963, 3.2087275060672233,1
-0.572912429304568, 0.0036425132376460834,1
2.926128191455348, -1.9652524306381416,1
-0.04828734808852595, 1.0723124291256818,1
0.060047394528330716, 1.7327437804837023,1
-0.3466779284187018, 1.6597272878630336,1
3.2015063344901624, -1.5519027418888076,1
0.5245604353104866, -0.044309527922920894,1
2.312540187536591, -0.0007378295301361248,1
1.2576505579260981, 4.320099139562152,1
-1.4084128962661038, 0.008404982144644912,1
1.5004917897224486, 0.3708014256199361,1
3.4471115207373075, 0.5621339032206848,1
1.5004917897224486, 0.3708014256199361,1
2.7258690601106976, 3.021266213365841,1
0.8782597101175154, 2.94265074187918,1
-1.6840316933578907, -0.19245243327010148,1
2.926128191455348, -1.9652524306381416,1
2.312540187536591, -0.0007378295301361248,1
-1.4532345005719642, 0.9474727104450794,1
1.8063648517158497, -1.5540126619946508,1
2.7258690601106976, 3.021266213365841,1
0.3579566667445613, 1.570313468415525,1
-0.3334711608324657, 0.5362329418015889,1
-0.3464372743617291, 1.447235014528446,1
0.21344439550802008, 1.2416151302067007,1
-1.0016875733190718, 0.08142147476531358,1
-0.3282281830234007, 1.1751223712865544,1
-0.031239850773147417, 0.07013527215779264,1
1.4961697518793606, 0.6744687831955553,1
2.926128191455348, -1.9652524306381416,1
-0.5952029044290118, 0.3669302407205697,1
-1.4529938465149914, 0.7349804371104922,1
0.2359755246894363, 0.6658351293891899,1
1.6097474723052823, 1.9737895640385408,1
3.337615184097501, -0.8283619618633328,1
3.481447169425037, -1.65471268404968,1
-1.6840316933578907, -0.19245243327010148,1
2.327348180997809, 0.9733736718641756,1
-0.15322099282827228, -0.8343430668685424,1
2.3141414134115728, 2.09686801792562,1
0.5286418190966019, -0.13548461216395263,1
1.8063648517158497, -1.5540126619946508,1
0.6424601935794961, 0.951343895344446,1
-1.259578587186475, 0.03343596277784999,1
-1.259578587186475, 0.03343596277784999,1
-1.259578587186475, 0.03343596277784999,1
0.9619796550111659, -0.7294232046018264,1
-0.1661871063575357, 0.07665900585831475,1
-1.1241500234881416, -0.3980723175918468,1
2.8526535481228557, 3.1970926481473825,1
0.4066606770414769, -1.039962951190288,1
2.6245771673050347, -0.34410570059917345,1
-0.04828734808852595, 1.0723124291256818,1
2.4502502630189107, 2.8204087979510946,1
0.5286418190966019, -0.13548461216395263,1
1.9249448958938642, 0.5966898216678875,1
-0.28432751868351785, -0.7065021440744648,1
-0.7176653545980818, -0.11256355163659074,1
3.281428692137359, 3.119313686619715,1
-0.7217467383841971, -0.021388467395558997,1
0.8181476696836293, 0.096927517584521,1
1.0721562775599773, 1.8161217208773626,1
2.926128191455348, -1.9652524306381416,1
0.5286418190966019, -0.13548461216395263,1
2.7258690601106976, 3.021266213365841,1
2.926128191455348, -1.9652524306381416,1
3.0483499875674456, -1.2732663649463933,1
0.9178383366143105, 1.3646935840937795,1
3.281428692137359, 3.119313686619715,1
-1.281628408253946, 0.18423141692618628,1
2.7258690601106976, 3.021266213365841,1
2.1814336616813454, 0.12710309326394165,1
1.102410542461592, -0.3095497821519707,1
3.552725451386058, 3.6238384596100808,1
0.7066536177994973, 3.7058920353980724,1
-1.281869062310919, 0.3967236902607736,1
0.4801784628566589, 2.2622995341072727,1
-1.6840316933578907, -0.19245243327010148,1
0.6249313881501725, 2.3785055989815094,1
-1.281869062310919, 0.3967236902607736,1
-0.16210572257142028, -0.01451607838271695,1
-0.8571753020825305, 0.4101198129741378,1
-0.4729811083169145, 1.0589163064123175,1
-0.5952029044290118, 0.3669302407205697,1
-0.20192500312518796, 1.7759333527372703,1
0.8051815561543658, 1.0079295903113783,1
2.7950216656001023, -1.8374115078440636,1
-1.6840316933578907, -0.19245243327010148,1
3.0483499875674456, -1.2732663649463933,1
0.27555415118623133, -0.91212202839621,1
2.5770347510310683, 2.996235232732636,1
0.38913187161215324, 0.3871987524467758,1
-1.277547024467831, 0.09305633268515454,1
-1.281869062310919, 0.3967236902607736,1
2.7258690601106976, 3.021266213365841,1
0.5070316298811629, 1.3828521757141428,1
2.7258690601106976, 3.021266213365841,1
-1.4532345005719642, 0.9474727104450794,1
2.327348180997809, 0.9733736718641756,1
3.0483499875674456, -1.2732663649463933,1
-1.259578587186475, 0.03343596277784999,1
-1.326690666616779, 1.3357914185612083,1
0.2623473835999955, 0.21137231766523454,1
-1.6840316933578907, -0.19245243327010148,1
2.488227663640724, -0.8551542072900609,1
0.4801784628566589, 2.2622995341072727,1
-0.5642683536183924, -0.603692201913592,1
1.7629038192279993, 1.6951531870961272,1
-0.00870872159173093, -0.5056447286597183,1
1.4872850221362124, 1.4942957716813807,1
0.38480983376906547, 0.690866110022395,1
-1.1241500234881416, -0.3980723175918468,1
2.742476925574044, 0.6515477226681934,1
0.6294940800502326, 1.8623459680713033,1
0.2091223576649323, 1.5452824877823197,1
-1.259578587186475, 0.03343596277784999,1
1.2248729926306618, 0.1699440102051898,1
-0.3239061451803129, 0.8714550137109351,1
1.6313576615207213, 0.45545277616044577,1
0.38480983376906547, 0.690866110022395,1
-1.304400191492335, 0.9725036910782845,1
2.312540187536591, -0.0007378295301361248,1
-0.4461279412924102, 0.17946894801918745,1
3.254816179169828, 3.7862687716782575,1
2.3141414134115728, 2.09686801792562,1
0.7203011517906286, 7.185603020936342,1
0.9619796550111659, -0.7294232046018264,1
