-0.3835090331285278, -0.5914826090070372,1
-0.35607106127959354, -0.6201539926943406,1
0.4736135578862069, -0.5576830194598466,1
-0.5296410820861907, -0.6688159038509445,1
-0.2390848188846612, -0.6792974016036779,1
0.21855226192239674, -0.5783995409240109,1
0.2799275845049159, -0.6386567730518732,1
-0.020325165713025145, 0.18267452658719932,1
0.42611188776390124, -0.5808170690329373,1
0.3712738342810803, 0.28089686140332154,1
0.5575794738926977, -0.5030568516800621,1
0.13848781380430708, -0.7356385755350949,1
-0.5562110772555336, -0.6884883301964553,1
-0.3011705297430223, -0.5828711665603263,1
0.008528265050696985, -0.5716581279599139,1
-0.13062437888792894, 0.282865515289372,1
-0.007024954744123175, -0.7463533705639624,1
0.3867259155406429, -0.3425496245267342,1
-0.41005172454655303, -0.6726008760293,1
-0.43605405982585194, -0.622040234041136,1
-0.8034914269846785, -0.6707148236895877,1
-0.5250334513274743, -0.7054997584546628,1
0.17143508483645956, -0.06952039775607785,1
-0.4708423905365599, -0.6808188945265697,1
-0.5255350733404733, 0.3460682364274653,1
-0.5091153942725685, -0.6735016356500092,1
0.4577466450553, 0.15321254680173937,1
-0.11474621221624143, -0.6271962881265868,1
-0.10505411117785143, -0.63691166615745,1
-0.10940784748331303, -0.6468601053652404,1
-0.46863079589118256, -0.6968329889023126,1
-0.5388040867992702, -0.6095097776359386,1
0.4405745765357556, 0.08690698563324778,1
0.10590065901129533, -0.7631425372469629,1
0.12304155614333172, -0.5799857949901825,1
-0.0077991489359492735, -0.5829506488359738,1
0.49723740300046154, -0.5738415698289494,1
-0.28597464207017054, -0.6471682769215384,1
-0.6535110170474802, 0.36070618288803474,1
-0.5011083897746872, -0.6649895594244533,1
-0.13749331659908642, 0.25782090247987327,1
0.653632780606651, -0.6345278138082852,1
0.7825243710976114, -0.1408106697441519,1
0.40261296484598663, 0.15688308377946092,1
0.07736607408351365, -0.7128552374351512,1
-0.3822003466195362, -0.7767316398216573,1
-0.5295259755714795, -0.6733003857279563,1
-0.658595372149379, 0.3563803773363959,1
-0.301144202428259, -0.5331737021212062,1
-0.5529588998033786, -0.6628085506370447,1
-0.4441809664173179, -0.6520007957177043,1
0.22301097676570455, -0.646029725935201,1
0.7619207742870716, -0.1354121788756997,1
-0.03525676264099788, 0.2816834128976765,1
0.16459370129747786, -0.7217582523915248,1
-0.35793180922004153, -0.6206764751928477,1
-0.47617750286980237, -0.6911800415373216,1
0.9031427053819469, -0.15618261283131055,1
-0.6115046950946751, -0.602203997006665,1
-0.46353341868166753, -0.668145893769099,1
0.5922833432290756, -0.4075426427892201,1
0.9532119709444437, -0.08081664084521777,1
-0.006245843369308237, -0.7918235827561371,1
-0.4938566903653992, -0.6870671979847475,1
-0.1944373427864654, 0.2771122912110344,1
-0.3874239409160671, -0.6888664635938878,1
0.08599321798147322, 0.21058513381376653,1
-0.11553323859996889, -0.5433619394425128,1
-0.6842934653921116, -0.6817636302043414,1
-0.3794202835046458, -0.7868949865391507,1
-0.38067514186897994, -0.5867157426010322,1
-0.06709739399610329, -0.5809983722763327,1
-0.43486703053037823, -0.652807120346532,1
-0.3194926415557503, 0.33480735254345884,1
0.02466449631152753, -0.7648571963418737,1
0.21631929447426904, -0.6716225023176937,1
0.5378100399895823, 0.1721289349596634,1
-0.43227720360784855, -0.677855779302791,1
0.15873627283451056, -0.7743767605765703,1
0.38544478652702635, -0.641588320769756,1
-0.04072784841940343, -0.7946247223561288,1
0.3963850256634, -0.6133430689445225,1
-0.5674853514615704, -0.627565054169948,1
-0.45244034200354427, -0.6413753136956577,1
-0.1334446914364264, -0.6439029361869474,1
0.43507251015759324, -0.6129672991465526,1
0.22309246814867095, -0.6683057464046884,1
-0.8027706621810842, -0.6734785798187134,1
-0.3587655244147431, -0.6154233218242332,1
0.6142335932587935, -0.4072369737615591,1
-0.3630361427381475, 0.27947574735400005,1
-0.5369962263001496, -0.669952240141386,1
-0.27977848470793565, -0.7357674534150535,1
-0.26747827726357143, -0.49543845138219167,1
0.5613150689944252, -0.45486802865287873,1
0.6673650839956491, 0.11779824156431164,1
-0.5791181768573413, -0.7586268298967651,1
-0.29436696569300064, 0.2436658063688879,1
0.11021370661928091, -0.6290270204696995,1
-0.13241899540805935, -0.6405590567747178,1
-0.024209298893315186, -0.5046830496209311,1
0.37240604555693474, -0.4471983329954137,1
-0.4960138741843187, -0.6912117593885053,1
0.26725963916998746, 0.11653970663607673,1
0.4597999371451358, -0.5911297263380193,1
-0.35002664900595476, -0.6305756177740426,1
-0.6342815415777898, -0.6279499183656393,1
0.831442681229253, -0.08017904375986817,1
-0.5032294879956021, -0.6667834130611581,1
0.6203075362742146, -0.4082028710332806,1
-0.4648457258201445, -0.7041007735454105,1
0.45705332259325004, 0.0716617052373256,1
0.7642919338340289, 0.01864362697152458,1
-0.21143101752242713, -0.9042350311269757,1
0.9287304271644099, -0.16614455614169937,1
-0.14149815013386163, 0.24673758307047283,1
-0.7182753115353158, -0.7258075829616868,1
0.7374623611568113, -0.279639266345907,1
-0.14760385778196292, -0.6715492787863784,1
0.11733171396620223, -0.7567931933393073,1
-0.6839473176554557, -0.6245505524799446,1
-0.40043867299253866, -0.6690972393563113,1
0.03230216964876203, -0.7964368501317886,1
0.48825828292616397, -0.3339047521879061,1
-0.39212872430997525, -0.6069913394450028,1
-0.07349451691984747, 0.28492511333026865,1
-0.8015287393374781, -0.666648022189045,1
0.4230245451185532, 0.17376069009857997,1
0.8179093526032604, -0.3925361669184069,1
-0.20571491909324352, -0.5192992548623567,1
-0.3658642203353387, -0.6522474684567886,1
0.4012872879137058, -0.649298247193125,1
-0.4689922866165388, 0.41327712495026414,1
0.10144990040257476, -0.5479039943736611,1
0.09737247749912922, -0.5858450663957108,1
0.10968638627806343, -0.4613645895447606,1
-0.29983410818479833, -0.643062155431707,1
-0.7983692057827543, -0.6710126242950606,1
0.11660054229402465, -0.4728802975870209,1
0.5094185290762485, -0.5195260907847632,1
-0.4240459392818873, -0.6958393840833617,1
-0.33274852242963304, -0.6597483859374071,1
0.1869305940660286, 0.26082702061900254,1
-0.17463723849034868, 0.2466401277495861,1
-0.1306478183226675, 0.22646873427202374,1
0.501901376062564, -0.5533602559716775,1
-0.03823361531664116, -0.470438323634799,1
-0.34818581103609175, -0.7374837698006105,1
-0.13833930443527295, -0.6442778659870558,1
-0.07615186376636468, -0.5595376379991088,1
0.11188332954077701, -0.4683715066455193,1
-0.1707222039765785, -0.5868635019035627,1
-0.4758961521843896, -0.7098223559243579,1
0.9563037863074051, -0.07935585909503401,1
0.8142068141960709, -0.49153402489384984,1
-0.27098477372288404, -0.7207371207752475,1
-0.5382090254403918, -0.6248667852186429,1
-0.07069187816695632, -0.6858784922262982,1
-0.2823770269719127, -0.6717693964690633,1
-0.158549660128821, -0.7328519040065026,1
-0.21640088373032668, 0.32323236798432725,1
-0.1381371415986198, -0.6379401400409154,1
-0.3267093906594754, -0.6777268837640387,1
0.013866659596082102, -0.6658710219059373,1
0.10102921529219296, -0.6695455095980076,1
-0.3637819570011999, -0.5815757256809552,1
-0.37872321045481055, -0.6026998365793924,1
0.9444461559046577, -0.16224202501472887,1
-0.382474721369073, -0.5669571102205133,1
0.27532780788290967, 0.17742979707783488,1
0.09201203164023253, 0.20158282034759298,1
0.02367882182523927, -0.6096443725462668,1
-0.8006431204483697, -0.6667392087665766,1
-0.7913269974886491, -0.7085022458547411,1
-0.5561759568227529, -0.5849491941522548,1
0.8769353219158342, -0.36405143395151285,1
0.17313060531892432, -0.5787415991040447,1
-0.22652483042902619, -0.5353145179302952,1
-0.502476062831498, -0.6817731900024386,1
0.10830886034330713, -0.48468011006792766,1
-0.6618865701905395, -0.6693753482479359,1
0.5780659899584115, 0.09906552361984625,1
0.48296292436294425, 0.1407196565942596,1
-0.21168940918057236, 0.23319171426536844,1
-0.030975349997750368, -0.5630780112861221,1
-0.5462365750733335, -0.5037708778712966,1
-0.4028826821243261, -0.6977342872349334,1
-0.01676660922983106, -0.6575280855034321,1
-0.7030483614845089, -0.6361510477513967,1
-0.16562823976306412, -0.6769047976465263,1
-0.4518498413730578, -0.6420423854237841,1
-0.8107323425785441, -0.6846469674472452,1
-0.35272707840502576, -0.6699612619928619,1
-0.5875428656381527, -0.6722845394139956,1
-0.4701543893825622, -0.7487268537087921,1
0.9030056812813663, -0.15522780457555843,1
-0.6533387865813182, 0.35803795103233926,1
-0.4835088123626828, -0.6616924017019402,1
0.10087068318455733, -0.7674451141609936,1
-0.5176252929207066, -0.6644579936782614,1
-0.7997583391795074, -0.6723454443422744,1
0.5583818180491293, -0.5161594992914641,1
-0.5538011352498252, -0.6932346703466987,1
-0.48608941425612745, -0.7157572819597446,1
0.5027083505792078, -0.513585411284046,1
-0.5647631534970493, -0.761217568372725,1
-0.35916698621706333, -0.7874727427796633,1
-0.2085455653860299, -0.5075836557990765,1
-0.06336393435852533, -0.5744368880486305,1
-0.39665222498465263, -0.587635101802566,1
0.5941505900856269, -0.4974374806891556,1
0.2591333748621921, -0.37447877427346693,1
-0.31085631420427773, -0.5770681876025461,1
-0.32806074116451645, -0.6759429452255797,1
0.531621035426083, -0.36518619487726545,1
-0.34692218908834255, -0.6116402458516402,1
-0.5157649629833047, -0.7312114105695817,1
0.22230098148987176, 0.16128903244434087,1
-0.020982711357489185, -0.5009417703352638,1
-0.25617058234498363, -0.6799643500348264,1
-0.006461493803288906, -0.5127152892501287,1
0.10022898006656451, -0.7726428709538627,1
-0.2145276851710063, 0.2632571414061995,1
-0.8019956489908158, -0.6727725285510023,1
0.3956983698143546, -0.6299687110231773,1
-0.5109097427007054, -0.6874036220571276,1
-0.028829768288634462, -0.7171437191840616,1
0.5702754837467167, 0.1473870555487476,1
0.03388342436966048, -0.618180405613027,1
-0.1086028850024535, 0.3582752722865454,1
-0.44828105239422605, -0.6556970466568535,1
0.28766807942208444, -0.5336537425441964,1
0.7576032764810643, -0.31347851276898536,1
-0.3283920654362038, -0.6149459900597419,1
0.9565250895521678, -0.07817086374068183,1
-0.559109496530288, -0.674134446457521,1
-0.3952115252370383, -0.5728849724457166,1
-0.29965404702594217, 0.26547519696385774,1
-0.2782093092776291, -0.766412734722749,1
-0.5026450751060794, -0.6527390605527778,1
-0.4305157443903591, -0.6512373783023924,1
0.1154325117763175, 0.14113670526385025,1
0.4049365394397313, 0.16432325857603045,1
0.2647891844416685, -0.6861704350806702,1
0.1593153243784759, -0.6042038537589368,1
-0.5593843405035671, -0.613694745995913,1
-0.3650921357546274, -0.6141071786585748,1
0.04709543728608201, -0.5784889534229141,1
0.1378092368056381, -0.3813454444565062,1
0.18614895575087131, -0.643520186449644,1
0.24891209727673239, 0.25471157787820475,1
0.2831039844809546, -0.5597862378689701,1
0.9566211097964189, -0.08575264504333396,1
-0.05046337604884768, -0.827378238415488,1
0.9561010583124543, -0.08515106985303861,1
-0.5498205597774637, -0.6832485193493074,1
0.6880428171571943, -0.1649312626009658,1
0.826823532785705, -0.032811994314041276,1
-0.42114449688935257, -0.5859325285909067,1
-0.1645834946313741, 0.2631136503308819,1
-0.31333576568762866, -0.6414336694839565,1
0.7534016337403542, -0.2930871510331009,1
-0.3535322859897715, 0.28104946266089015,1
-0.798140693108943, -0.6978018198983228,1
0.5595602866188017, 0.13792396968303117,1
0.7515574337831865, 0.03838251305578726,1
-0.15710339652577968, 0.3131415104121052,1
-0.3469344520559215, -0.6654085945757119,1
-0.6266620346692491, -0.7219971899976333,1
0.17877925689409643, -0.08689386870247162,1
0.5606650693345443, 0.06338621669962148,1
-0.6808602302809666, -0.7421536939478661,1
0.901127436030051, -0.293081179472112,1
-0.13730312306091222, -0.6369936254747659,1
0.46083671220652767, -0.6522010475593407,1
-0.11271604114642372, -0.7578884200087135,1
0.19246296575817656, -0.5546258894479077,1
-0.16997153636573606, -0.709055820254282,1
0.9565250895521684, -0.07817086374068183,1
-0.3982649366966936, -0.8176617818312555,1
-0.4106371365719387, -0.5848842254642195,1
0.9546607914578752, -0.11243914713337141,1
-0.6007535504953527, -0.7585262106345397,1
-0.6407728290330003, -0.8046339033776978,1
0.0017645518323727, -0.5996872577067697,1
-0.59071808538181, -0.6993238946040414,1
-0.042896837113840756, -0.4993268954024027,1
-0.5227351493419885, -0.6209258662931184,1
0.5605857559317199, -0.5343141683964089,1
-0.1295839472417407, -0.6427025021535805,1
-0.380146841041937, -0.6151985660775886,1
-0.7148261670783546, -0.6978595228349339,1
-0.086722107807833, 0.28162432431799533,1
0.22629119638259038, -0.6448120247169933,1
-0.5645353458264544, -0.6616750126693096,1
-0.38048316134212523, -0.6792411304390759,1
-0.3941135539159355, 0.33898033939202893,1
-0.0674509137192184, -0.5927438468560157,1
0.8350001863466102, -0.0887846755474397,1
0.11089604042947884, -0.6578917389709797,1
-0.11153565666291904, -0.6835739906043141,1
0.19588280055874688, -0.6043664490590867,1
0.7427460443850047, -0.29182128123582396,1
-0.22380367902777487, -0.5040545196218493,1
0.16226396859980596, -0.4854859463230958,1
-0.10301973630760781, -0.6468621234496298,1
-0.5222800954017469, -0.6744569443750414,1
-0.3523519951825015, -0.6451294173263667,1
0.030571453621916114, -0.77940479447019,1
0.615873203556985, 0.06887088965749684,1
0.010049798625167413, -0.7235916774633347,1
0.4983881742426242, -0.5160006347288043,1
-0.37269431125206787, -0.7828829870335415,1
-0.3881377168569178, -0.6420066593133873,1
-0.14556151795691816, -0.76200626184487,1
0.09255008014196621, -0.6897907620680254,1
0.40710315760765425, -0.5451020728558547,1
0.08915755527502228, -0.6435662999212615,1
0.1442764407971023, -0.5776579534872774,1
0.08594346069862938, -0.7731194910136258,1
0.930561265011417, -0.16027266119732234,1
-0.22547045875860314, 0.289696833358842,1
0.5951784512291329, 0.016207330726047447,1
-0.31080051010168297, -0.6194824879533878,1
0.3763407090259665, -0.5705720025970109,1
-0.6217691388758316, -0.5768901272972303,1
-0.44831292915756893, -0.6822540048855669,1
-0.21260363630759133, -0.508307307459344,1
-0.05225634152249419, -0.6479920524032942,1
-0.41839401300210927, -0.6677810417718928,1
0.04628556547385568, -0.5277563928677094,1
0.2957544879835104, -0.47466529253702183,1
-0.13938344285625723, 0.31880147570749423,1
-0.5164232876498911, 0.2648823561078697,1
-0.035545158296557154, -0.634490691689305,1
-0.30068205597928344, -0.6534048217473962,1
0.023803539276206716, -0.7856783482526268,1
0.4090497408678054, -0.5871180389501884,1
-0.25582544652126465, -0.7477893825472303,1
-0.33100992374454263, -0.6232153647198126,1
-0.32894706450161054, -0.5345536880032886,1
0.654136262736638, 0.11798369426430665,1
0.2097460081811163, -0.5597382624463658,1
-0.7868290312999071, -0.6927590906314858,1
-0.10371689949187649, -0.6483034178205337,1
-0.3181936157557802, -0.6680729714404771,1
0.22708933986528657, -0.6816032933681433,1
-0.6221954214323365, -0.6078628636314918,1
-0.5978175356752198, -0.6193154412308818,1
-0.036626988463934945, 0.2608769366435079,1
0.07964927143876714, -0.6172868442291406,1
-0.5119521347451773, -0.7420130234373391,1
-0.03747003569207294, -0.698975513816868,1
0.47559525982360124, 0.06866773009731966,1
-0.5056092457535882, -0.6798234131360493,1
0.6101723705184796, -0.6137048934238732,1
-0.7983565503219616, -0.6724565855799719,1
-0.4337382446382473, 0.39365102074131225,1
0.9423108029799467, -0.16703953993920892,1
-0.5634072179139895, -0.6624019438398517,1
-0.4189868769136079, -0.6664361038881426,1
0.572055405283163, -0.41582957954584693,1
0.6744987117071576, 0.02513671368430424,1
-0.7991942787487334, -0.6727372613330587,1
0.6066292286261752, -0.5056386799974482,1
-0.25335136731382857, -0.7586443180019579,1
0.6528203378099067, 0.11956980718776564,1
0.1424856830157515, -0.7532685437110371,1
-0.7163072116106741, -0.690489177523955,1
-0.4812794124233876, -0.7116679422062695,1
-0.43005233216644007, -0.6655111162823507,1
-0.2618153379650653, -0.7482229956023585,1
0.40950155126296905, -0.5889646457084223,1
-0.00644863047785204, -0.7311532181374842,1
-0.5000249837835246, -0.6899592392770986,1
-0.5218600469769487, -0.6741778120348376,1
0.8185755467198458, 0.031707906854177036,1
-0.3756907778014788, -0.574984851583227,1
0.09953734038626068, -0.7427620082437931,1
-0.12854698069884518, -0.64852991758999,1
-0.7798148311406611, -0.6856671915437758,1
-0.03264386394978069, -0.5086030363003362,1
-0.46580707582677144, -0.7534113709065858,1
-0.16742441545523495, 0.2855979913388865,1
0.3426297566861984, -0.6001482150745838,1
-0.803833202353771, -0.6675739048743774,1
0.25981430106371445, 0.1771440341336318,1
0.10275813849415143, -0.7728612341203871,1
-0.5255049108153927, -0.6337984274389677,1
-0.14218715419439898, -0.5764735221772131,1
-0.17097275677285728, -0.6311229972197312,1
0.3431232467057622, -0.5352573756572361,1
0.8525283283875942, -0.05037037243457273,1
-0.5572743607616539, -0.606290220927876,1
-0.8065266819925823, -0.6689563616563593,1
-0.5587191770161337, -0.5878423439088782,1
-0.04241147516758595, -0.5158789439164012,1
0.31609309910516736, -0.5255890643924461,1
0.03797844357894434, -0.7588682490467944,1
-0.8102008184113213, -0.6661641862798142,1
0.2567262338501338, -0.5264607188583419,1
-0.5051954940428043, -0.6640815921450424,1
-0.1204783831232202, -0.6406593141293214,1
-0.8095667848185237, -0.6630976107277449,1
-0.472233121128442, -0.657066013274117,1
0.15246442411297864, -0.5784447679472733,1
0.11485488019441303, 0.24416256503315817,1
-0.7942937534209277, -0.6708375087845424,1
-0.3942715450890799, -0.7722409791308792,1
-0.46418601935423087, -0.6786217709587387,1
-0.10740119986721547, -0.643814235667665,1
0.40931206325890923, -0.2558737582092833,1
-0.44393782465410875, -0.6395113023228617,1
-0.006470080508702393, -0.7299157161051791,1
0.9402114274470779, -0.0755322494805533,1
0.2414958764920757, 0.26053803616954924,1
0.3863689767181064, -0.43756819780522155,1
-0.013223069180899187, -0.80193698573272,1
0.06116301593216753, 0.252533193991506,1
0.004381730007988007, -0.6913074435652966,1
-0.23092867238062778, -0.6565191124600732,1
-0.36428601795098925, -0.6072396119733667,1
-0.7998194313755215, -0.6736031199195653,1
-0.3440668045336217, -0.6175541001696575,1
0.1869305940660283, 0.2608270206190024,1
0.12640782880650223, -0.6952481489024803,1
-0.02002341141714488, -0.6815868648878837,1
-0.10424617219717512, -0.8130712578530833,1
-0.6553910132302717, 0.31279547080741354,1
0.956525089552168, -0.07817086374068183,1
-0.126041160230505, -0.643925160227384,1
-0.2040399962004486, -0.5243994380909848,1
0.14667227206272743, 0.252156679015687,1
0.8816485859857796, -0.02855853238774916,1
0.11958817440830914, -0.7348879484089019,1
-0.41811232838631246, -0.605268046428619,1
-0.8292164342628716, -0.6540866315065602,1
-0.4844715199172481, -0.7113241213381252,1
-0.023156864473667306, -0.4976708584031278,1
-0.710941831920678, -0.7035372318176175,1
-0.5751586869554343, -0.7677559074902679,1
0.4398258351998482, -0.4652476474397583,1
0.47994586410545087, -0.5060674830441452,1
-0.796740533301981, -0.6751301195148343,1
0.3205830811653235, -0.6142927602715106,1
0.8348011210697688, -0.09771039513935102,1
-0.5121234866258433, -0.7184103690592049,1
-0.2735763068303897, -0.7494303653580988,1
-0.3395024098533985, -0.6107008475750121,1
-0.15854966012882077, -0.7328519040065027,1
0.4475816573362873, -0.46822980618176946,1
0.3036964443769903, 0.2941479011420245,1
0.8308785594488984, -0.09334841772235918,1
-0.40161929151078646, -0.6128905280671022,1
0.2160031499688395, 0.15508625709049764,1
0.5952240237729398, 0.07404003942027979,1
-0.548820479268126, -0.7905003025625024,1
-0.05531886073185489, -0.6027247980895798,1
0.04930715162603643, -0.8213401193404866,1
0.6540703891029481, 0.11307186108445261,1
-0.43578061867954304, -0.648812155393996,1
0.2656636982345328, -0.43295601081271295,1
-0.4359709265534178, -0.6824489049002255,1
-0.017095610867232436, -0.7332140639836077,1
-0.6279007592983035, -0.7230189223888923,1
-0.4258556720335735, -0.649678659736799,1
-0.22529424338028792, -0.5078300037519813,1
-0.8277508352144384, -0.6551629550041889,1
-0.30077613542998227, -0.6381802074887184,1
-0.5470521257112413, -0.6141396295282766,1
0.21855226192239657, -0.5783995409240107,1
-0.7944086253444799, -0.677650309342406,1
-0.7600873847159277, -0.6968862715020789,1
0.5047728261048308, -0.43247418181792013,1
-0.5164923283199458, -0.6747488807408266,1
-0.34195839339630113, -0.6261772629990319,1
-0.38549792544904726, -0.6666267316284382,1
0.35448491577864794, -0.5797237300260188,1
-0.3317689419706752, -0.6622599433009222,1
-0.4274493990037893, -0.7233329744761341,1
-0.37832252883818807, -0.24809183567170484,1
-0.47473432245862174, -0.6541904013428608,1
0.4609717627690106, -0.6231260889234616,1
-0.7971164800110501, -0.6687868362628502,1
-0.29900071454115945, 0.3630147163214266,1
-0.35595101861698586, -0.7867471870005268,1
-0.13278468958992146, 0.2610925809011587,1
0.011506923478112304, -0.8036935070775171,1
-0.3869581742844227, -0.6740564420560213,1
0.05987602799673802, -0.6177186322277128,1
-0.8038357909424235, -0.6702410534591183,1
-0.206867550382887, -0.7414883079014278,1
-0.6196977247627559, 0.3352223152091354,1
-0.40411325890562827, -0.8046419274523395,1
0.9408721093324335, -0.20921280065238615,1
-0.18763869953112908, 0.24928080576811568,1
0.05134213183102673, -0.7217646586448634,1
0.016894356511785887, -0.504656164906516,1
-0.20683410012741454, -0.5469447214112362,1
-0.8287069770365815, -0.6536010637479885,1
-0.4173069622031821, -0.6678236577900316,1
0.5884449159902747, 0.022488570016127616,1
0.7744441604797943, -0.3058770414698965,1
0.6903094218691544, -0.08048132243310539,1
-0.8063451834872535, -0.6723792052580867,1
-0.5380484190508918, -0.680792885565649,1
-0.4218811771869898, -0.5770179000368794,1
-0.3417449686199446, -0.6298717167333536,1
-1.669797858918893e-05, 0.1859440558401801,1
-0.15962132730531178, 0.236007060300868,1
0.38960554605035863, -0.6680552196843862,1
-0.22476605684549444, -0.508735481064147,1
-0.0298457849602482, 0.2509913499683203,1
-0.5003850773402514, -0.685929798755466,1
-0.5975730323405501, -0.7607769896818298,1
0.5564903697281541, -0.073701083058372,1
0.15878317074163734, -0.4273208992005213,1
-0.0579610476179267, 0.24542970991145818,1
-0.08119003102773097, -0.6561793416582888,1
0.22648632044714284, -0.6831899896967856,1
-0.6030403061004642, -0.7414865463001797,1
-0.7987101349911232, -0.6688492097800873,1
0.12788338091700974, -0.7273698715469918,1
-0.7972762881467609, -0.6779731975022297,1
-0.11909155389396968, -0.6533039622454913,1
0.014235519664986054, 0.24024561016703141,1
-0.3880386863274627, -0.6638917694377534,1
-0.08832378351442306, -0.6469634603460933,1
-0.697852953588599, -0.6958867988434561,1
-0.7995161966930173, -0.6721187055867147,1
0.7015051194678132, -0.55867455627975,1
0.6740478676624702, -0.026110116063217458,1
-0.22567512498077238, -0.5270748724532908,1
-0.015009507426410818, -0.5842278668851306,1
-0.8283632005632185, -0.6540933990556588,1
-0.3206325162627683, 0.24873309380138156,1
-0.8247274544588606, -0.6577011631812356,1
0.7008213821982545, -0.16319095215210092,1
0.4084729427520813, -0.5949147617225078,1
0.6295403083926996, -0.007338992844692829,1
-0.26677457514344843, -0.6729068076210656,1
0.40962179577085434, -0.2705536387435111,1
0.10539442772470135, -0.4711282245532096,1
-0.35457101118648104, -0.6127417938016871,1
-0.47672536458622616, -0.5687498124781627,1
-0.3165897151234877, -0.6210727292722917,1
-0.5530689632712835, -0.6860687041237591,1
-0.4107254488953165, 0.3111109585387069,1
-0.4973315241593247, -0.6875756076528087,1
0.790411721133822, 0.02409014295783328,1
0.06581542960300193, -0.6416703480821447,1
-0.7998221088710095, -0.6690972298404055,1
-0.4662284858306676, -0.6578018354402987,1
-0.001977850647158276, -0.7801963266122147,1
0.041742256868130496, -0.6249054259142913,1
0.1305607071235513, -0.6546159570038405,1
-0.5472787967032907, -0.6367540141948664,1
-0.34172492373320335, -0.595176841408944,1
-0.3223447078314189, -0.649333829291968,1
-0.5178273075072886, -0.7164126325595015,1
-0.6749208984927453, -0.6679982805171493,1
0.8995848791027258, -0.15887193616801207,1
-0.5117168931495605, -0.659437804169536,1
0.2740913198330682, 0.10034258560126344,1
0.0036344529221854966, -0.5408068517814189,1
0.4205075901017467, 0.16794512002954304,1
0.4341635711157522, -0.630296452401625,1
0.7496181187706201, -0.2801629319785068,1
-0.6115752929722672, -0.761634114107673,1
0.04839706045576607, -0.6095701456447707,1
0.00421887353685356, -0.7421397361132365,1
-0.3748657743467178, -0.7664943690900725,1
-0.4103703320822662, -0.5888350149806011,1
0.2777972286173882, -0.42710843556548445,1
-0.07214050509464229, -0.7441340183795365,1
0.686586873566917, -0.1657270236960209,1
-0.7112841190789911, 0.3296742463072346,1
-0.4821465977591663, -0.7900397810317251,1
-0.14289324173494913, 0.25306573027447415,1
-0.005546422648035961, -0.7780743933255201,1
-0.50330778109825, -0.6954879232645039,1
-0.013758488518015003, -0.7905525219553797,1
-0.6695935145092876, -0.5931608471611785,1
-0.1964570574520382, -0.5491397196740515,1
0.6736302733543683, 0.14678384318395304,1
-0.39436609897926617, -0.5758053734561767,1
-0.16052811181548304, -0.7496052585738197,1
-0.6196643028599631, -0.5962922837889487,1
0.01278379925088555, -0.4268763535030104,1
-0.5137749332532255, -0.6807616823642819,1
-0.03113510789937188, -0.6184596839631262,1
0.11385517970289848, -0.47838491341038525,1
-0.19441702673628067, -0.615616465825278,1
-0.5825644456625169, -0.743848491828325,1
-0.0608446748279518, -0.5361762618384843,1
-0.20770460301993393, 0.2154324381646489,1
-0.14123319912057067, -0.6436870116848183,1
0.1685870320865441, 0.27453720511151225,1
0.1083647275345519, -0.4783232165404758,1
-0.4322772036078484, -0.6778557793027905,1
-0.694329550538249, 0.34899868067514295,1
-0.4701477047309299, -0.6707186449968077,1
-0.008008258107159069, -0.5433602361344975,1
-0.46968527926229403, -0.6862565903170617,1
-0.4177142608532027, -0.6042862211940616,1
-0.2132862179033765, -0.5176692201322919,1
-0.30669629742698656, 0.3694151063025698,1
-0.6759463121333292, -0.7385980317002012,1
0.489652520807831, -0.327426360243795,1
-0.04394518286950699, -0.8260931162442391,1
-0.1712647772255743, -0.7062467675535486,1
-0.34972776606322675, -0.6125737359498719,1
-0.5908370558554237, -0.7572441115686079,1
0.553578576204495, -0.4286372072827558,1
-0.5009612261132801, -0.7383099833538205,1
-0.8275207777181814, -0.6548731673373624,1
-0.16979285737127314, -0.5285403390915253,1
-0.3304101698406176, -0.6903709237064956,1
0.5563500728247607, -0.5408656818791543,1
0.3002993897962087, -0.4269344547868304,1
-0.41773403509842705, -0.6175319391772716,1
-0.4727658493657399, -0.6762474593308578,1
-0.12749148411309705, -0.75120962078856,1
0.47595263688044315, 0.15005223210169877,1
-0.6584969158468195, 0.3572230849523042,1
0.515427114645011, -0.5546340771550647,1
-0.09573634309568484, 0.24556972649280992,1
-0.16953443816653974, -0.6311652413341657,1
-0.4327409516061908, -0.6471602614125381,1
0.14587825304318752, -0.7078329403971964,1
-0.12596172039518927, -0.6450095847062348,1
0.4234282633906979, 0.12472809176869899,1
0.3069021145009103, -0.4205229458899261,1
0.19100659114649662, -0.7311634272495675,1
0.10409191605501587, -0.7920052443481571,1
-0.13241624571745736, -0.6365572828328041,1
0.7856053613105237, -0.13789702414627045,1
0.8320824477878553, -0.0872039570663871,1
0.3520519837077279, 0.15353174512850828,1
-0.3381133261815531, -0.6326279529597174,1
-0.20343256307534463, -0.7096503209481927,1
0.7814942917145108, 0.004790306264056071,1
-0.546154506178314, -0.6784402194776745,1
-0.11017036506791265, -0.7814947408831568,1
-0.00246163040032422, -0.43110077261308943,1
0.9526980826415249, -0.129957520204518,1
0.25759429972854253, -0.5008190911468193,1
-0.319074676082343, 0.2323979305641297,1
0.001712700068037328, -0.7030359997224861,1
0.1332885622343124, -0.5623746714377387,1
0.029120218606502137, -0.7904413684381623,1
-0.5055610517489162, -0.6839490129278597,1
0.031233669343461046, -0.539727668421674,1
0.41802179606104406, 0.1384484437282356,1
-0.4337661185921861, -0.7158595380209978,1
-0.4244686804781054, -0.7289224217026282,1
-0.09515915989251165, -0.8322558840717087,1
-0.07078376663853657, -0.5041212461711443,1
-0.34671692839668516, 0.35493205150087326,0
-0.7401484368575431, 0.3235999880558309,0
-0.14246303676770944, 0.27542101802616115,0
-0.4092094179981404, 0.35723761237148394,0
-0.35665915385703456, 0.3032168443097602,0
0.35714554623262956, 0.2273126783822274,0
-0.6399386830609219, 0.3383029253126156,0
-0.5949596363599432, 0.3181464222837022,0
-0.38909149561724615, 0.29910194595386375,0
0.25313867550957536, 0.2041287317102233,0
0.6959550213638975, 0.008384100947687956,0
-0.23544250036148817, 0.27543770077396323,0
-0.6086271244714154, 0.3371284607703046,0
0.4671140514639711, 0.1392670817705034,0
-0.10422208445169144, 0.3610352419263961,0
0.23402036011877397, 0.21387134767403196,0
0.629021161228936, 0.0920945875415143,0
0.6483192911713729, 0.013166720369597231,0
-0.08511601729995873, 0.24614532163802233,0
-0.12963595094090577, 0.3461734901810906,0
-0.43005790705572344, 0.3768088990742224,0
0.5835829166015052, 0.11073053536916364,0
-0.2203424199253188, 0.2856858978483555,0
-0.3860343605619366, 0.3663178421317622,0
0.0055365995963539616, 0.22316102548735728,0
-0.05325266085452003, 0.24560452784000605,0
0.6977729617991544, -0.011375521583981732,0
0.9351658491422118, -0.036321694223848934,0
-0.2219610935664577, 0.2627911538326878,0
-0.38656172426987945, 0.30594051155102614,0
0.5887110361097181, 0.12646866295449097,0
0.649761894345927, 0.019533775374371006,0
0.4826973024216453, 0.11233508866023302,0
0.6306326947023344, 0.0993097616065589,0
-0.009108604600161113, 0.30340729717502435,0
-0.4457669270459705, 0.39529868197425133,0
-0.35840249489326437, 0.33601037461420075,0
-0.4006212550571051, 0.3307042637717737,0
-0.144724850294119, 0.3102423353780433,0
-0.261458289383933, 0.35989217863225076,0
-0.362845402434346, 0.34519381259908083,0
-0.4906981688549071, 0.3360652783066582,0
-0.23031055954917412, 0.27552347100501007,0
0.21468783864641128, 0.2334067463753498,0
-0.029185975734842152, 0.24770926627114218,0
0.22055742896679692, 0.21386786309214462,0
0.499844914026064, 0.12462416375804046,0
-0.8801364156202843, 0.31499343126717044,0
-0.7392747718177435, 0.3720359177913777,0
0.04245935573197465, 0.24812622700627354,0
0.9023044133696414, 0.0035333514498428237,0
0.5084930883704378, 0.17886227320590495,0
0.5758401816004579, 0.11534907605909744,0
-0.6008757127757957, 0.32612106670149416,0
0.08386877621464091, 0.3895592185051475,0
-0.42153237352912704, 0.31781079158667475,0
-0.6245229259696855, 0.3417691714731504,0
-0.8384438616814089, 0.31019714976902163,0
0.7550689443894654, 0.09445324985800696,0
-0.6771490693054611, 0.3104549711434441,0
0.43829395164036744, 0.1132091210996775,0
0.11478491136275135, 0.1935699258717268,0
-0.5814733692166613, 0.35222545272839867,0
-0.2949452563294359, 0.39510772086249296,0
0.7178936766770431, 0.09010916633419659,0
-0.016622800179780624, 0.16983714187974153,0
-0.3368181556427391, 0.3320477559837697,0
0.347879141844566, 0.19468610838142247,0
-0.40053178997595146, 0.37783566557234777,0
-0.8381628636427771, 0.305876257650273,0
0.8345667888131507, -0.0313440349538195,0
-0.5901278859217881, 0.3320355272189921,0
0.8941279144171483, 0.012368009036159117,0
0.4667130328058704, 0.10547479002839724,0
0.17077747150923883, 0.3092179233518169,0
0.3583335624818622, 0.12617086353735574,0
-0.16867309823138468, 0.37361727531537015,0
-0.5798408651525911, 0.2991199119456585,0
-0.47829448078113523, 0.3727113036034814,0
-0.13388357460445038, 0.28787130063353955,0
0.6020562498266429, 0.08798986168309728,0
0.2169671955465679, 0.13288171526389103,0
-0.3737019527425681, 0.320970580622934,0
-0.3896105327128005, 0.3864187970567779,0
-0.8435057688323881, 0.3057314488928616,0
0.13006928239521126, 0.269472285311544,0
-0.9305765317792024, 0.3086212242264027,0
0.46266341788828436, 0.114692861763157,0
0.938193939722481, -0.03491147857920218,0
0.9332625864361775, -0.018651441196255676,0
0.622306710738375, 0.03523994845004756,0
0.8410502872439951, 0.05572887849394304,0
0.45903017836444027, 0.21317443731060057,0
-0.4390159713668274, 0.3643247985695026,0
0.6458381635895186, 0.0428170702423336,0
-0.45163612492054306, 0.3509179572207089,0
0.17018653968679226, 0.22687492077647278,0
0.41726360677732893, 0.1228810991692205,0
0.09353048753819398, 0.2046031491991047,0
0.10969671320482964, 0.16691630507708788,0
0.9261932752671574, -0.025667162442073295,0
0.40445980785764607, 0.1655403858981175,0
0.6523698518880391, 0.046276968147321476,0
0.4267419545754591, 0.1280778511297928,0
-0.6272976349369735, 0.32353752779555006,0
0.26792682552560093, 0.19184214291969243,0
0.06271079461836959, 0.19251194142671763,0
-0.44704723192217755, 0.3050453623521548,0
0.6343474022485719, 0.15595671719523735,0
0.041503280237763465, 0.25775921423216824,0
-0.31000306266604377, 0.27281699740496157,0
0.39474095349014304, 0.15921936842487444,0
0.5990030652228223, 0.10818435248614891,0
-0.8121177020847451, 0.2768261650334645,0
-0.3267657108508833, 0.3134496180172596,0
-0.6955800757470223, 0.3407140179283903,0
-0.11557041130178258, 0.17889243482082362,0
-0.0448221060745348, 0.3080937214493386,0
0.31234940546684853, 0.2874731277734417,0
0.20912988370946378, 0.24848479785031674,0
0.8447200154737371, -0.008657563913145448,0
0.3561216905641299, 0.14281145579628995,0
0.7275557883904105, 0.04672029143007793,0
0.4261493997036294, 0.12894332704838005,0
0.13342760521914251, 0.14181698794442318,0
0.9060883906432885, -0.024340367988898114,0
-0.3532596052161005, 0.3646166210762297,0
0.5722411238450654, 0.12122730370520532,0
-0.18905399741689827, 0.2887272409528711,0
-0.036469654311411796, 0.2669157246536185,0
0.9357121737725296, -0.05873806192012801,0
0.3678910904151556, 0.161152953740382,0
0.3503839325999147, 0.21332047058315026,0
-0.28482509748054735, 0.3194410294128552,0
0.9363241813146745, -0.024745568486201307,0
-0.22906113966467428, 0.30761287576768925,0
-0.43338012547196925, 0.37860989399535633,0
-0.5540005818372337, 0.3276627906736366,0
-0.6731443767143469, 0.3426677293653832,0
0.6164502590159703, 0.02522466992322867,0
-0.5147883871519422, 0.34582426588011483,0
-0.4594493340034155, 0.333188797686324,0
0.03128945666677648, 0.19967262207006448,0
0.5675321805968448, 0.06335852223449925,0
-0.42001536215749635, 0.32174828459575566,0
-0.19032077732943942, 0.35537432978886135,0
0.04990682049871739, 0.20887984164776466,0
-0.5092422124126083, 0.3072049621164091,0
-0.13850996206597893, 0.22371960094382415,0
-0.4147122041792114, 0.48676640433121604,0
-0.18652947656156024, 0.3381386848446694,0
0.18076708905835684, 0.26928601368375105,0
0.9348807982143557, -0.05558224514315757,0
-0.31690222360248055, 0.2911184151310848,0
0.13170989425813492, 0.1791978833067808,0
0.4758868522874507, 0.09417078976691015,0
-0.22846242457618898, 0.25468824288331776,0
0.5076984268063662, 0.11370108377354189,0
-0.8669686066972822, 0.30029055851775655,0
0.09353048753819387, 0.20460314919910474,0
0.5027046768339449, 0.15698498216369197,0
-0.08780692416521975, 0.26818377907393076,0
-0.24833610423642183, 0.302446347950187,0
-0.5476266002376261, 0.33741969453428733,0
0.3599849989129983, 0.08480702782036628,0
0.9326286062270405, -0.06944292388274863,0
0.8243489378988896, -0.017781930783685583,0
-0.41853590706694166, 0.3745802480382366,0
0.45237185315992584, 0.15930376032869875,0
0.48621589437939217, 0.20306549771855345,0
-0.5985516495344169, 0.333803294598325,0
0.3034873488912142, 0.11653077479486364,0
-0.5708949702289893, 0.3265688080302337,0
0.05202862544972732, 0.3066471128460228,0
-0.4402783426503459, 0.31560325298284475,0
-0.6857197737196085, 0.3445811560730126,0
-0.4630552453567272, 0.30545174617445786,0
0.660727324568383, 0.015037429118081718,0
-0.2740085245391305, 0.2503505026956629,0
-0.01821224243128313, 0.2527235543103577,0
0.5145151317445765, 0.23900621568842095,0
-0.4888690396641225, 0.316381608485129,0
0.18533768757050348, 0.17238315334986493,0
-0.09848875303271702, 0.37921989304478193,0
0.10376448738489616, 0.21126270551519874,0
0.7688990426468333, 0.07059144248507584,0
0.1238855891093168, 0.23303410028741373,0
0.19571176075493682, 0.13194521507284462,0
0.229617664474275, 0.22070868462013965,0
-0.5795661232904872, 0.32226038739338964,0
0.9584419835605168, -0.038460836209789746,0
-0.037479985681058973, 0.27103955020130094,0
0.3724075672340916, 0.1690801573180765,0
0.4219946306324384, 0.18955191834116236,0
0.3267157248075126, 0.18497706952783535,0
-0.6512858287338487, 0.29747896634454246,0
-0.3962799004843547, 0.3115708482347852,0
0.9129813857350353, -0.05375298548510739,0
0.34445005878993057, 0.18640000281402505,0
-0.6109207845967864, 0.34790615363235744,0
-0.16311708900631786, 0.2928398437730901,0
0.39230808505460396, 0.1413458978680967,0
0.1303990387831613, 0.22024538871777768,0
-0.4163239282308386, 0.32647925349051315,0
0.8071605201292616, -0.01792623193895946,0
-0.4871643030144561, 0.3159303573484536,0
0.9181390284911186, -0.04094406457000015,0
-0.5503579507579642, 0.369483637807484,0
0.22055742896679695, 0.21386786309214448,0
0.32594025686440076, 0.2932000291011249,0
0.59811966579476, 0.15571990123950508,0
0.057949441296310376, 0.2037011289628234,0
-0.34684030586609216, 0.2955632013483402,0
-0.6734089333108387, 0.343037364266519,0
-0.7628582577111297, 0.311800169085856,0
-0.07241934702443774, 0.2797755927144465,0
0.9319104868764115, 0.013500640801598641,0
0.5277900652235227, 0.1216268212155477,0
-0.5505280188966927, 0.33864197782733724,0
-0.45894885942992825, 0.334075930756173,0
0.4016034318099015, 0.1710706497743898,0
0.29814419225990096, 0.1313115991000024,0
0.886805423699857, -0.043867358324454694,0
0.15585832455992837, 0.1762102472518847,0
-0.24385830117944798, 0.33168918268295533,0
0.9101788743776207, -0.0006508429498086623,0
0.24410241247183415, 0.29624447809829735,0
-0.14269719973408748, 0.3984089196456898,0
-0.52650927733188, 0.3007346260607121,0
-0.5719305441637674, 0.38582836930151637,0
-0.062380162143255986, 0.3209261138563031,0
0.2939344425390646, 0.2112038085779115,0
0.09279323545810528, 0.19361664261546088,0
0.5191637709038174, 0.1285897956523419,0
0.1643067532284825, 0.23856685769668254,0
-0.08721739013330888, 0.24965289442697416,0
-0.4969402926099004, 0.40598037827381755,0
-0.5979334946059067, 0.315536685959135,0
-0.26025803923638957, 0.2943589840597922,0
-0.3142561176408568, 0.2985676884297871,0
-0.36201141439471707, 0.3351464750011255,0
0.8652678639978305, -0.024690658274612018,0
-0.28613442802354006, 0.2938296173107398,0
0.0435117756740861, 0.32990548753206944,0
-0.1050494434647112, 0.3070957090089115,0
0.44394088815983385, 0.11708435191387503,0
0.5499654504329372, 0.1815480441652,0
0.8183659266728849, 0.045690277974291926,0
-0.2835097643190554, 0.32953562909544193,0
0.04682320436262351, 0.2771029115451975,0
-0.8932413164937377, 0.3079736542149703,0
-0.5675195887054623, 0.3567936713979784,0
-0.48830955235118173, 0.29577256428654985,0
-0.3863977271575545, 0.3800248851348169,0
-0.3341716912424606, 0.36685763917351716,0
0.14406171315521826, 0.1933075061361483,0
0.07221129157957892, 0.2565325556541904,0
0.04689066784555517, 0.37755603465515775,0
0.2711442481230396, 0.24859272249820763,0
0.9475148051229673, 0.02370298172179281,0
-0.5512992211489376, 0.3428825611717917,0
0.7028800325661408, 0.05035848931230161,0
0.13795994943051315, 0.17409507568606727,0
-0.47864418498520356, 0.321659735269455,0
-0.8810392158316795, 0.3164951269613519,0
0.26683747768620725, 0.16708150578902575,0
-0.5990435456369444, 0.33691589891497925,0
0.27911074150354104, 0.15503310562110673,0
-0.6571902653196829, 0.3971826044828988,0
0.942883964981275, -0.04808209611506198,0
0.7760154446854141, 0.0554282467595587,0
-0.19608891783614235, 0.1739002074673146,0
0.5564826683624386, 0.020905913241515372,0
0.8521566156256077, 0.03302803960163451,0
-0.23525351918583623, 0.2924343395612704,0
-0.26302268262205347, 0.27869236772436334,0
0.6115897087186974, 0.10528336778968912,0
-0.418154706028926, 0.30900460883095177,0
0.2632898549200711, 0.22102976311123074,0
-0.49353122805831406, 0.3366147705597287,0
0.8848716497081388, 0.071451050519211,0
0.4582723478741718, 0.1445281542318873,0
-0.315706317342712, 0.2951428540533485,0
0.429206810870853, 0.1141799200257258,0
-0.3902449419737001, 0.3668511497088417,0
-0.4647825526520699, 0.3863840354899198,0
0.042019623818787995, 0.279219284227364,0
-0.4331928693331759, 0.3725249337318825,0
-0.32767697716563227, 0.3662928499648038,0
0.9387998749070021, -0.035628567828976075,0
0.9428685295627295, -0.0071086634208575705,0
0.9034486284100692, 0.007942518876096831,0
0.6459995629155424, 0.048543726070192805,0
0.7238205949654718, 0.023155983582839126,0
0.6426415120851771, 0.056391420068897996,0
0.46483617965715024, 0.10184441853979193,0
0.5183264971890185, 0.2156056417353517,0
-0.5143232218491433, 0.34829151836952926,0
0.6229429949441263, 0.0935781938603389,0
-0.037192472648432534, 0.2336588068333309,0
0.079989341670206, 0.16658818013389087,0
-0.6778987015273572, 0.34692739786434335,0
-0.41666946928301074, 0.3543733767690002,0
0.49086293974061884, 0.10833993456431389,0
0.709553214465956, 0.04283565657828703,0
0.29191726871259294, 0.22441899658038522,0
-0.15319739313102626, 0.3992334689477175,0
0.7811017554527602, 0.08503648043156914,0
0.2734926157303093, 0.22887044276904425,0
-0.1907993033312961, 0.2925438022006668,0
-0.07573915353040254, 0.41075038349645415,0
0.38792286965714784, 0.20610490531929518,0
0.4320214268169445, 0.16124491087241402,0
0.47096213385973384, 0.17626972436312816,0
0.47912318549966615, 0.09903025783619698,0
-0.36844109568252903, 0.28702775840259026,0
-0.393263284961273, 0.3102566919661945,0
0.8008982595871031, -0.01514255743475993,0
-0.005971995096022198, 0.24417146460987418,0
-0.5423060263895655, 0.3264071357277582,0
0.09306545249710924, 0.27293513353831755,0
-0.3247226862157302, 0.256518762808331,0
-0.530063542854191, 0.31951328429756076,0
0.8063251522904124, -0.010296661172677992,0
-0.32702009910609364, 0.2986152254264476,0
0.585809976200654, 0.14301883819732378,0
0.4260620288512302, 0.18641990465464603,0
0.1687323319116304, 0.16705969052173048,0
-0.2574700092802562, 0.3896423880735254,0
0.8841826554014518, 0.02063037915712365,0
-0.3958525724226099, 0.3064175955975211,0
0.47597941827265877, 0.15374005206731436,0
-0.5620767266297416, 0.35743031232062167,0
-0.44408052780686885, 0.34288965977789637,0
-0.03477221043542078, 0.298402481362821,0
-0.39840278573257026, 0.34661152990347505,0
-0.0017186148629413154, 0.22092169161107147,0
0.7865521810861444, 0.10773048609992558,0
-0.45316960437652193, 0.3206974618513063,0
0.10974470616130352, 0.24180982281757438,0
-0.03902671867022897, 0.32853086147422006,0
-0.0036025884946355967, 0.27229819403167843,0
-0.0013979581264570958, 0.17091867818923684,0
-0.38941010904264445, 0.3471220125720595,0
-0.4891335679867236, 0.3460830476257146,0
0.27039045949945495, 0.14753206229979046,0
-0.5502702277794981, 0.34232952694598007,0
-0.813197736537863, 0.3036490021536802,0
-0.815778060526471, 0.3163383875039533,0
-0.7280672265817928, 0.3171781617606062,0
-0.45517826219683455, 0.3193937697781083,0
0.2758139753908007, 0.1608284642226308,0
0.4984388591313308, 0.03150816897088851,0
0.8426159655153903, -0.05492959648842879,0
0.3951197451240457, 0.17534518816546873,0
0.8882869873955873, -0.012717901269087718,0
-0.4830735455779804, 0.33507644297430433,0
0.17288404425200918, 0.22854013519957483,0
0.8034192479422847, 0.04322255665442058,0
-0.011999682412791389, 0.25365363163986865,0
0.6365252016007655, 0.06709087262515306,0
-0.47164560957968704, 0.3256398275434275,0
-0.24334256430243373, 0.33546306110427904,0
-0.38648212208166866, 0.31403499444268945,0
-0.16698513336722717, 0.34866155731282883,0
0.3667499561353489, 0.13697089428853523,0
-0.710330895606623, 0.3691442053815652,0
0.23676092590942557, 0.23655899224140448,0
-0.3858569537206914, 0.2558839909342662,0
-0.4546946816342885, 0.31490070380327245,0
0.23289831380011278, 0.2923328109883023,0
0.3402328494446524, 0.21194307044360217,0
0.9311023954471579, -0.039354522440825414,0
0.3164362093885071, 0.15048365907049438,0
-0.6292175613890022, 0.32813371629779414,0
-0.5032694148057769, 0.3292302746311818,0
0.16059350568517702, 0.26134181020306063,0
-0.4055081114211622, 0.3870607232710496,0
0.5499554669887192, 0.16440359045605862,0
-0.07192988080287138, 0.31508255023378406,0
0.4777678972790595, 0.1917593345455317,0
0.656562519264634, 0.008713850640679126,0
0.9098751169372801, -0.056220929488970145,0
-0.7406992219972889, 0.39729641661423104,0
0.43124370301492937, 0.09206698889997124,0
0.4444971086214704, 0.1357137570345773,0
-0.7353440123448848, 0.34878623851475765,0
-0.3585541689408093, 0.35821527673377923,0
-0.5492332745784217, 0.3555175435068272,0
-0.10656330276521254, 0.2605423963892393,0
-0.5956388347009557, 0.3281964452746583,0
0.35518172656576824, 0.17415050727577053,0
0.13175757514953365, 0.2204942993279206,0
-0.639888621522356, 0.31273924602027164,0
-0.020102250855877916, 0.33329830323597726,0
0.5741478909993631, 0.16197306930081826,0
-0.26505519992024856, 0.35952508055852356,0
0.12249102934051086, 0.2311420091184967,0
-0.15938010967755561, 0.31284189473607427,0
-0.2327345204919012, 0.3399057448470053,0
-0.5820998373474081, 0.33744113654499175,0
0.23897772736989437, 0.30403242888161514,0
0.15195649688704538, 0.22929568914192852,0
-0.22024894283160523, 0.27583752827976377,0
-0.47061298462817575, 0.32608160291465504,0
0.5673199024247046, 0.18632796774915023,0
-0.6271172655073638, 0.3164213732490259,0
0.38316248993988433, 0.15473632306674887,0
-0.6394747607730733, 0.2983734892644829,0
-0.5600003207593927, 0.29299853497010236,0
-0.8475252435058752, 0.30432597198968986,0
-0.24778933549827414, 0.3485105338297724,0
0.26130623076131826, 0.13322722993181826,0
0.15660191647539976, 0.3121261206804204,0
-0.35595683568707626, 0.24364360584406186,0
-0.25888302728920703, 0.2494159329256706,0
0.544848557426392, 0.047091197298339285,0
0.8037646198385593, 0.06420307626897613,0
0.4789769536712801, 0.04325278986818371,0
-0.606453882888138, 0.3233524060656407,0
-0.5681063625414753, 0.3177493428549804,0
0.5487603122178155, 0.1892592669076913,0
-0.09053690404747639, 0.17341383077908873,0
0.5472710080946337, 0.16453566176001388,0
0.5162523548142547, 0.025917631690688166,0
0.001868412400846656, 0.20110576437798033,0
0.37509743429614884, 0.056031977336056665,0
0.9377272035781236, -0.0013123375231684714,0
-0.10105105038463259, 0.2462011971356496,0
0.26792682552560093, 0.19184214291969254,0
-0.7606368735928435, 0.3168144889905395,0
0.06283249539918291, 0.19689761152311658,0
-0.3487817482052609, 0.3682125334699589,0
0.45604499167837614, 0.11609444709777149,0
0.18833832729039765, 0.30235292294579036,0
-0.25289627217225696, 0.3356967938563919,0
-0.5543932503674719, 0.3021746931887125,0
0.08311799316664079, 0.3455440511883336,0
-0.35934933594436447, 0.387877272538811,0
0.02741409011729439, 0.2170276840574025,0
-0.6538834670968202, 0.3419792582449114,0
0.753352254434782, -0.008025243207363046,0
0.31613719509322247, 0.1286275297447315,0
-0.11521725413433882, 0.22481771660772168,0
0.22055742896679673, 0.21386786309214456,0
-0.30324171013199674, 0.3041755066912078,0
0.35199555358330875, 0.07327970251909025,0
0.09507227398724484, 0.18651537586764533,0
0.2625067759861799, 0.2043201429982165,0
-0.37853267582494904, 0.3789289517348052,0
0.5384563672985015, 0.1132321443392307,0
0.33290439391542886, 0.11718220837239945,0
0.14528866445172806, 0.2216809137369946,0
0.9268508688347501, 0.012680599971950032,0
-0.07761376032367892, 0.29053415594372173,0
-0.0797278077520729, 0.2710538148484269,0
0.922404255131158, -0.020616104210729524,0
0.547804795086685, 0.033921015418109365,0
0.714545044646324, -0.011906103529196254,0
0.8742487621720543, 0.00819332179068675,0
-0.10095815471216349, 0.25699416720912016,0
-0.4189709322672639, 0.3891037983586897,0
-0.37549881172606253, 0.3006113822573401,0
-0.3855242338647136, 0.3152023244812882,0
0.15512372363897162, 0.24411316156067472,0
-0.4776141353331641, 0.3143521858034417,0
-0.3851415175060114, 0.27672257114585413,0
-0.62695712998425, 0.37769005637574665,0
0.5708032145578803, 0.08030713977147375,0
-0.3578597019105507, 0.2592033575835286,0
-0.1652422618294409, 0.26585919136526986,0
-0.4487545760323681, 0.3414116246214346,0
0.326964592258343, 0.16044163436611664,0
0.4456717782914044, 0.1381787557281509,0
-0.4923295762248967, 0.3717461020974367,0
0.13606734762387312, 0.2430944303508024,0
0.18445448624881414, 0.19057962305208712,0
0.39698515557347125, 0.15593216941634278,0
-0.26912791052201385, 0.31684621086942033,0
0.5385650521937642, 0.05979715895274076,0
0.4848958350988385, 0.22339892953473076,0
0.20152392521297752, 0.23691893304576517,0
0.3798239825074429, 0.19364584166514848,0
-0.6303477555303914, 0.39502038284727403,0
0.7087556811761692, -0.0012721892008935652,0
0.42095789100440184, 0.20004825107267007,0
0.19655301919484383, 0.12775418508357905,0
-0.6941420577146997, 0.3411533404316826,0
0.29046851535821067, 0.19511271925447551,0
0.006532018798922774, 0.26633467891461726,0
-0.07075876524282637, 0.28595140850206435,0
0.5276445328729108, 0.1442952103280244,0
-0.3166394917438589, 0.319946097782927,0
-0.8923760680470876, 0.30810246632955357,0
-0.8997999124694707, 0.31292022922334495,0
0.705342432185862, 0.09288988014638956,0
-0.9289087846458093, 0.3201852916008207,0
0.030231412305632557, 0.2092492676197656,0
0.2649257694239583, 0.19171458724776436,0
-0.32188751978025026, 0.3889666621149574,0
0.8101859359113627, 0.03871010663799157,0
-0.41963278750580935, 0.18103713426675214,0
0.30872009602080336, 0.13430953846961244,0
-0.07590460686559611, 0.24951339481706042,0
0.4533408591363376, 0.0860141135728841,0
-0.1519142165795504, 0.31139874575947,0
-0.19877212975230582, 0.285856943319427,0
0.5418706754797891, 0.15662645904463246,0
0.47260623868711904, 0.1333719733436254,0
-0.37849402482138156, 0.3204738447698664,0
0.8420009250454886, -0.024834119491570168,0
0.3915730443419068, 0.1416108872179744,0
0.7677618875755522, 0.011302805323857551,0
-0.45648790938830347, 0.3459572688609907,0
-0.4628126678029847, 0.38571863060637707,0
-0.5060702605381026, 0.295405132255332,0
0.5362834585341599, 0.11270819969396167,0
0.887674196606321, -0.034451856239945886,0
0.17731829276106195, 0.3639394391377953,0
-0.904711387501635, 0.3267549102594148,0
0.46332645214141155, 0.10449016594077476,0
-0.4076693344354934, 0.3416371646624275,0
0.20560603759384302, 0.19196927287940072,0
0.1385312909913982, 0.22499639720987555,0
0.2799444664073726, 0.19375543623997893,0
0.6932466920381737, -0.016303658998503678,0
0.9101788743776208, -0.0006508429498086623,0
0.45008485407758175, 0.1185648537336677,0
-0.28096771242410806, 0.3898652203433359,0
0.806531731756734, 0.04464779198920502,0
0.7440826365914734, 0.0607709152641298,0
-0.3126667199721394, 0.42095274592720405,0
-0.04262244499648717, 0.2385482334170783,0
-0.24336505418131452, 0.3488027917612258,0
-0.1262366560255555, 0.24885328507143137,0
-0.907976070424759, 0.30270756131646936,0
0.14133755412918875, 0.21913789325409774,0
-0.5206648271716545, 0.34281344507152667,0
-0.020470919618959655, 0.2939883582322374,0
-0.18422839750306988, 0.40494093969317074,0
0.4435640583905162, 0.14001435986108668,0
0.08365499899435223, 0.23934636003721707,0
-0.5556073936790841, 0.29731625748613066,0
0.782350534178213, 0.029210737279250255,0
0.08548545931778077, 0.33617870447726406,0
-0.10761696852312677, 0.3717993426918779,0
0.2628915817801234, 0.20393529714373856,0
0.26825380977528046, 0.1841284845474502,0
-0.4350024171326552, 0.317689352792295,0
-0.034997138831807946, 0.25193831335850836,0
0.7899934842265184, -0.005019899443088618,0
0.6718292147112239, 0.049348460270108516,0
-0.04377619701275033, 0.25199842406082273,0
0.16099827812257977, 0.18607466999689862,0
-0.058176592607108696, 0.24302317150084404,0
-0.1796400034186611, 0.285922662685377,0
0.04557506923714937, 0.23430137552899472,0
-0.06817346307908147, 0.26506415937727557,0
-0.08642007194027107, 0.25741677978599165,0
0.15412215063745197, 0.3114954316250371,0
-0.03759597303697244, 0.2602168981072356,0
-0.551229615005631, 0.30448943770942266,0
-0.0894353852201831, 0.2194191081520452,0
0.9382765842624937, -0.046710004200167396,0
-0.23865191141235587, 0.27530596733759005,0
0.25871995937634185, 0.18782842324675833,0
-0.3834724012689325, 0.29774880817182897,0
0.24329253452523664, 0.1735028452610349,0
-0.622901326706612, 0.4068471206712564,0
0.6788237097852017, -0.008748083889641036,0
0.8800868400587026, -0.01476342548604396,0
-0.5038588489491521, 0.3621575114702575,0
-0.11447423545395909, 0.24362750842894204,0
0.4186039922083531, 0.11322760074337818,0
-0.0031217475793756115, 0.2181325308255594,0
0.2673145457083738, 0.12939207430267374,0
0.0750413702866615, 0.2089843530663393,0
0.09160535208854352, 0.33265563749840965,0
0.39202294649051717, 0.18478263618010807,0
0.12453740691698535, 0.19560455040206282,0
-0.2753237469165587, 0.3435904854639153,0
-0.41196214269712306, 0.3246057505481218,0
0.05296406346901515, 0.21077197368558045,0
0.8673583760915521, -0.008211967179310118,0
-0.5362788381552235, 0.3793764848945935,0
-0.08661043346632881, 0.26364764310324906,0
-0.10736053133576225, 0.45361314319432305,0
-0.6077333436139875, 0.3442439596315021,0
0.3957411517695874, 0.17727545964263428,0
0.8301217844439367, 0.06024184781768479,0
-0.6604076364685821, 0.32193900335503595,0
0.9202069134756737, -0.04203242870863752,0
-0.4811813201480958, 0.32570164588959,0
-0.429527518916201, 0.2614898510742376,0
-0.5422203853146954, 0.3440942840432196,0
-0.3985833024649199, 0.358265805903289,0
-0.6037723390668932, 0.3119092732092171,0
-0.293193146910557, 0.3142961497318807,0
0.5109572143158779, 0.17355511436593127,0
-0.3017589702845304, 0.28037821842368404,0
-0.7483274761300021, 0.36271062426115414,0
0.08301929045596475, 0.28478373318170624,0
-0.401103096759079, 0.3885568454531006,0
0.6391061360136315, 0.017875669248470574,0
-0.5783480118652417, 0.36578557425936475,0
-0.034765447237017785, 0.25648240971860686,0
0.9515566401210032, -0.0824204667286915,0
0.9176578318342806, -0.0780650598134812,0
0.43840337261042805, 0.15002246275088787,0
-0.47057220024352064, 0.39700498494646386,0
0.5368298089391665, 0.1472387098253391,0
-0.06635001679875029, 0.32040871775376584,0
0.40347136951734164, 0.2843150633619224,0
0.4533408591363377, 0.08601411357288405,0
0.9397537564627924, -0.055171559283227235,0
0.4759020139184284, 0.14926586511047,0
-0.12279982724714794, 0.32251555576136537,0
-0.42012535727776845, 0.305504708645379,0
0.8784466274055589, 0.0001722686746112355,0
-0.17236599056193025, 0.2950085438705201,0
0.5030665091690201, 0.2077383924851939,0
-0.41735690670563774, 0.38205177201202456,0
-0.4297698276976027, 0.33312298074102725,0
0.4637064638834921, 0.22317255450982013,0
-0.8853999682704877, 0.31127901472333036,0
0.037068759897158195, 0.2015849332444227,0
-0.21452608890519048, 0.2983556877920252,0
0.3256877292763408, 0.24227852126161756,0
0.1269084889412921, 0.2278467528877875,0
0.9400936056087832, -0.03877598259260235,0
-0.3813574678007053, 0.2982504099052297,0
0.8713510038269012, -0.025469195748196522,0
0.673038761931579, 0.014009494928236457,0
0.35381063747804165, 0.19259352718186898,0
0.021362440744949765, 0.32868193112028443,0
0.31965939823128636, 0.178081255640698,0
-0.2723763161602008, 0.3029019169926287,0
0.9425616738249487, -0.013856646411470774,0
-0.006467335366545062, 0.26262218311469093,0
0.11966551741210232, 0.193231504377987,0
-0.4215839705774003, 0.297656428130043,0
0.32308825048354495, 0.16807591282158485,0
-0.4176093183552004, 0.27621326947141256,0
-0.7069896169900242, 0.30679330860992055,0
-0.09704923022227101, 0.28271295606165103,0
0.9265234453081274, -0.014662507871088071,0
-0.6421708975747649, 0.3549546221965235,0
-0.5701988435037901, 0.3061772266373204,0
0.3733715246604423, 0.1457175383244825,0
-0.6298221411287535, 0.32430256695225324,0
0.8320823014757497, -0.02806433588290082,0
-0.11756784346774553, 0.35655546991747156,0
0.3704014797612262, 0.18127835090543873,0
0.09729984814032075, 0.18304108579242964,0
-0.277073926762229, 0.29874458009597166,0
0.3328181139331503, 0.24120579928326433,0
-0.35525956990412716, 0.36553920677604057,0
-0.07787658231936605, 0.28099220305829237,0
-0.2880215889077967, 0.3271852406350798,0
0.1675428063496975, 0.19370002414237208,0
0.5453685283961627, 0.13106199647699476,0
-0.4103809019530012, 0.35658675702372233,0
-0.16672799136888639, 0.38001373740637606,0
-0.4381384408279725, 0.30921730085030236,0
0.3867965303968506, 0.1718189124381212,0
-0.1843333305375439, 0.2549925668721255,0
-0.5092637071462333, 0.3843716395086831,0
-0.3523465280375722, 0.3129413857293987,0
0.47040872007435536, 0.10824780704967456,0
-0.3741094699075226, 0.4193245203883165,0
0.1827429395242157, 0.23241203839556,0
0.9137743082816866, -0.02765509266235143,0
-0.41941124402979085, 0.3277774189869735,0
-0.46572323906057744, 0.29346308999843,0
0.29990854739167244, 0.20599354462743374,0
0.924010415159142, -0.051748938058878334,0
0.9225885270231797, -0.027314800609269697,0
0.26792682552560104, 0.19184214291969245,0
-0.726218115191688, 0.30275825110505816,0
0.20652484879350724, 0.1662492867048478,0
0.4177278385836477, 0.1730442384511319,0
-0.379729286749621, 0.36409756298764073,0
0.2057487175270978, 0.22989501817455293,0
0.8622525503222014, 0.07992951964777323,0
0.9500561191883045, -0.04222627854301421,0
0.21678554671665545, 0.29060780603846614,0
0.5284743564830046, 0.14853939343808867,0
-0.6574841607826093, 0.32876254688776546,0
-0.3328659088298474, 0.21891952382472218,0
0.44457276299914955, 0.13055640306031766,0
-0.41389814668535607, 0.32707698802823426,0
0.14617684203784875, 0.28804494832504335,0
-0.26607328313942447, 0.3755542394628434,0
0.6020534969705804, 0.009425931293003476,0
-0.8909329351859075, 0.31257882236239376,0
-0.015903352239059112, 0.2198744415286376,0
-0.2535269180020005, 0.2992623588591026,0
0.23352022192744248, 0.22649516956819876,0
-0.6429330670136768, 0.33252401952922966,0
-0.5535822136855013, 0.3726149945710434,0
-0.3360194438982026, 0.3517236627449646,0
-0.28042313249095213, 0.32230288076280156,0
-0.41329021805017807, 0.37688797783767825,0
0.2066290194513703, 0.20729602636292524,0
-0.34633183757748437, 0.2784026202851229,0
-0.5673227821632971, 0.35649794132889373,0
0.24492789998488407, 0.2272858673006954,0
0.2934519374242224, 0.16295536512043352,0
-0.5305206385072839, 0.329675103827729,0
-0.1290820052305439, 0.3093661220951513,0
-0.4313602289974547, 0.32019360186002566,0
0.8159583704215325, 0.011553124561445286,0
-0.3629189196783954, 0.3640970718033376,0
-0.39959649591744206, 0.37236265629271603,0
0.6634075226614868, 0.08512316877963916,0
-0.3999810945297285, 0.35613631000688917,0
-0.5136584375158336, 0.3075939093132721,0
0.4009782514091324, 0.1773434687458869,0
-0.7735233424645499, 0.3593630248442552,0
-0.1290820052305435, 0.3093661220951513,0
-0.5717354028471578, 0.37250170891256723,0
0.4980762650798648, 0.1328140285578203,0
0.5533201278725999, 0.1312747936670219,0
0.5222211389018553, 0.20629695936010709,0
0.10845253913713054, 0.24360837132971677,0
0.8828194976738987, -0.055645309998236914,0
0.09353048753819414, 0.20460314919910474,0
-0.15191209217471963, 0.29904376634387403,0
0.14522707333345622, 0.3000872421896173,0
0.7713688047866503, 0.10934390483379745,0
0.4744757596583046, 0.17046920998484175,0
-0.4689544978266488, 0.37677633545039885,0
-0.6214094511442967, 0.33906414995669026,0
0.5970577910291881, 0.08416050351636427,0
0.5944956646308812, 0.1395389752826388,0
0.6552357476974492, 0.049866271662089005,0
0.9563910308905491, -0.0791486142843439,0
-0.6857348668165724, 0.32171541433592343,0
0.48778886784359243, 0.11185033445015903,0
-0.058839261126713595, 0.266020299817763,0
0.7921506607028838, 0.02166078374647057,0
0.28925508066986794, 0.13043700299440303,0
0.3384245613971079, 0.2230088757328071,0
-0.8089690692526477, 0.3266871532583594,0
0.31886617024222036, 0.20423438560217377,0
-0.15579887725985933, 0.3136659211813306,0
-0.5691499428051012, 0.32634530700369274,0
0.3785927720320349, 0.1647994030160882,0
0.9112589651668177, -0.04024225220580336,0
0.35388599425234724, 0.15653873519545825,0
0.9191451657537422, -0.023449918893424012,0
-0.5862936520917288, 0.34159925076459713,0
-0.646245857420052, 0.3383422675072118,0
-0.24452147403412863, 0.3651602441446728,0
-0.16021045593690308, 0.2861671709892393,0
0.4273662811122502, 0.09112692839030771,0
0.36777398112359094, 0.15424781150027608,0
0.6258993855038697, 0.04723833382518969,0
-0.263993222389273, 0.3329068847882868,0
0.36131380082625414, 0.16226648736010088,0
0.6575577467481828, 0.016929699984151454,0
0.2506236992199502, 0.16054983074505572,0
0.5358765608839307, 0.11868681938611517,0
0.4753790384234019, 0.12512200763156267,0
-0.023751151006248028, 0.23809018985505415,0
-0.39124688842852406, 0.3035651912143184,0
-0.35426550473072577, 0.3494534146055536,0
-0.38650969848428807, 0.32929319163555015,0
-0.2544651517790449, 0.26249670365033484,0
-0.6299377109865969, 0.33054871526552626,0
0.6202997406097097, 0.07180305142082424,0
0.3844824163238835, 0.22117163438942622,0
-0.015487053993611465, 0.30315230649484903,0
0.9240461894801147, 0.006661907296073375,0
0.7193387500461127, 0.028970805523328962,0
0.527045220693032, 0.035326008593787296,0
0.3013140314291942, 0.17916019502820063,0
-0.396244967989452, 0.3765283708580381,0
-0.6999322897738318, 0.37701762464280525,0
0.7799587293764721, 0.053859901200958855,0
0.8700961181165744, 0.06710557317242363,0
-0.26233521974973123, 0.3266318875807981,0
0.3187655129681255, 0.2045448864388195,0
-0.31872324165997035, 0.28538231017766624,0
0.5874513565012305, 0.12257703765085685,0
-0.6289554239823648, 0.3747962522964501,0
0.2892120373854289, 0.11981610551559198,0
0.4711627263052891, 0.12275934118429355,0
0.15585832455992854, 0.17621024725188444,0
-0.4522313044283391, 0.3080144250548241,0
-0.4521614109794274, 0.3197339284458339,0
-0.5298763782895114, 0.3354421509299914,0
0.6527887714966552, 0.04501898744625834,0
-0.20944498887276283, 0.3561271759557247,0
-0.5336223602954016, 0.3454832919978098,0
-0.3717416373965842, 0.3092775083384167,0
-0.41005272924404057, 0.32605460160444516,0
0.04279742777855282, 0.2480266469973088,0
0.395605236383989, 0.18487547240000865,0
0.2870828466156568, 0.18942088804504859,0
0.03077604286683053, 0.24431486635568275,0
0.5298705006794489, 0.1334854879843461,0
0.601391369046323, 0.1573978498452914,0
0.14742424340766205, 0.2066721607137503,0
0.5631809922598737, 0.18486581060300042,0
0.7747852204023992, 0.08555287731659675,0
-0.8398178932145617, 0.3090846578082789,0
-0.7021115471341359, 0.3335922995864131,0
0.22974726226299386, 0.21799930166298834,0
-0.5259852626288352, 0.3232680082206278,0
-0.3952767486518516, 0.3373169114882099,0
-0.4202086337505703, 0.29155302050193604,0
0.8763917192357902, -0.045655843005983694,0
-0.3870937431111905, 0.35107167248945514,0
-0.49564290261483807, 0.32782619544887276,0
-0.12187020378771779, 0.3880350198863891,0
0.09279323545810565, 0.19361664261546088,0
-0.5452749892267145, 0.3262173652121129,0
-0.3749653818877901, 0.31562798571137,0
-0.5944269562353749, 0.36118120121098013,0
-0.3581376946589724, 0.3546739009810637,0
-0.5821603821397744, 0.34110499612021133,0
0.37828258061307907, 0.1975243402798433,0
0.498076265079865, 0.1328140285578204,0
0.49329699338491684, 0.2087306323575394,0
-0.5275531414705718, 0.35760267150889374,0
-0.5661317523161149, 0.30979745588441576,0
0.24723947010083458, 0.23848957128285103,0
0.22069064522450793, 0.27671998558807437,0
-0.2714170610138977, 0.33497734379068317,0
0.6366078429276238, 0.12401339387312049,0
0.4980762650798653, 0.1328140285578204,0
-0.6821946524365751, 0.3458290487378688,0
-0.8170255654615216, 0.28894989720289627,0
0.04838650457739714, 0.2496273309590474,0
-0.2770546465394816, 0.3054784930340011,0
-0.7787221373140719, 0.3291084759842046,0
0.2885554432432492, 0.183863966129199,0
-0.5878902015175473, 0.2820461215528236,0
0.6151293121319439, 0.10661507625824632,0
-0.171044382086791, 0.33389329629098025,0
-0.6203695523530933, 0.3275590013328624,0
-0.5941671027202583, 0.3334102000620599,0
0.13541191275089692, 0.37249631297537655,0
0.1034284966989607, 0.18849326341480152,0
-0.1749156702197232, 0.40502541635650346,0
-0.494900437007778, 0.3334915072513683,0
0.36655332200551316, 0.13308608470202213,0
-0.7093959787863421, 0.3272901505375276,0
-0.11320094932829815, 0.26795705585832025,0
0.9161652795053086, -0.02594247862133527,0
-0.3168293987757212, 0.2980184466080878,0
0.9565250895521676, -0.07817086374068183,0
-0.2823503809637056, 0.3919829299240985,0
-0.1983038416252614, 0.3466307644082314,0
0.0055365995963535496, 0.22316102548735725,0
-0.6559234998390446, 0.3307159313119017,0
0.0013410745386864926, 0.2668151549643012,0
-0.2580480919063812, 0.27574230202317135,0
0.2844217114284731, 0.12665790540751962,0
0.22055742896679684, 0.21386786309214467,0
0.8749053209059644, 0.07116875246684586,0
-0.5842834760462098, 0.33692382693692163,0
-0.5310809904939163, 0.3556300834981155,0
0.3056507873319841, 0.12132715894376592,0
0.9035439658242197, 0.002089111500651664,0
0.16661459872883, 0.15081408358660642,0
0.1472430537853959, 0.23498274939695643,0
0.516144588883919, 0.15550393490357392,0
0.4984769928007779, 0.20829815828238757,0
-0.3810490206848833, 0.29750826977614,0
0.3267157248075128, 0.18497706952783538,0
0.434963277692657, 0.20773464282767476,0
0.036888540881414564, 0.2767609158479726,0
-0.5657896068368068, 0.3418058905243681,0
0.4243316717276134, 0.039704181536814195,0
-0.11964328907473275, 0.2678932206917988,0
-0.5990330504608578, 0.39324208416555795,0
-0.4506282572430995, 0.3119862350853584,0
0.7077708589888415, 0.05772835440987515,0
-0.06268803651112981, 0.2416195671219946,0
-0.5605382357712511, 0.32313076220569226,0
0.22055742896679675, 0.21386786309214456,0
0.8038134629394375, -0.01913274278216265,0
-0.377592972622571, 0.290829741417327,0
0.4385401801809917, 0.25930049870674077,0
-0.031082935072000502, 0.2455681788518754,0
0.4379979738382527, 0.08423138427215218,0
0.26872310787909215, 0.1310629324776415,0
0.9382757063523255, -0.04932906781223555,0
0.3279040655457704, 0.14793719763598367,0
-0.49634046687537453, 0.4077843779450132,0
0.2265342653845594, 0.1676952488100364,0
-0.35193113651061614, 0.36744032050532327,0
0.06820507586859428, 0.3108742194217376,0
-0.474949528868114, 0.3075895782916981,0
0.8930645843689815, -0.03794274691681577,0
-0.4170349884431529, 0.2975122632271849,0
0.0017870659255580794, 0.3533766783736593,0
-0.1495305117522575, 0.3173646813498534,0
-0.33408279990675144, 0.36178320763562727,0
-0.2697927145084586, 0.3976603312936983,0
0.020788455141285276, 0.25209332669004997,0
0.669305108555451, 0.03377032158784892,0
0.9176361591485813, -0.03951896091856206,0
-0.3618969679413559, 0.36188244986788265,0
-0.6637750578211241, 0.32424244590604484,0
-0.39143180758202095, 0.35577274564551087,0
-0.430626271045724, 0.3944244281425089,0
0.7118623686486933, 0.0675272418569974,0
0.5339659793344703, 0.1470199459967959,0
0.08458641309132821, 0.20545929588401857,0
-0.6338890226146943, 0.3454352623656338,0
-0.05159801609826332, 0.2577408424086648,0
-0.7202147250730914, 0.35545901593034573,0
0.9394297113054444, -0.01894514052431998,0
-0.38739253173398874, 0.34222316257297514,0
-0.5621390552784649, 0.3266501870044044,0
-0.6690609895689675, 0.352205340217858,0
-0.702952619475259, 0.361796510977593,0
-0.36438189474262783, 0.30120282229038065,0
0.1957042003594549, 0.17921716478082572,0
0.3267157248075124, 0.18497706952783538,0
0.3123184465132104, 0.1624046094762408,0
-0.8707771269010581, 0.3002025200393497,0
0.425421446416299, 0.16611461485790538,0
-0.2462199050523675, 0.3006920256725203,0
0.32627735707183975, 0.28463233205278626,0
0.569773533932876, 0.1127268407260922,0
0.879225258159375, -0.03738071497684296,0
-0.40438820400127135, 0.2565877855609524,0
0.2679268255256008, 0.19184214291969245,0
0.48247059643894613, 0.1318419459351914,0
0.8026678231975315, 0.004027451242936276,0
0.18928329119528636, 0.16116341078723806,0
-0.617693350788159, 0.32488442752830676,0
-0.15388135915290593, 0.30234059529541685,0
-0.6395850397847958, 0.33010223607785455,0
-0.5682499914041953, 0.3378984625326503,0
-0.25630076175540184, 0.2740303698421556,0
-0.22749625991940375, 0.3445949190412476,0
0.23104840671789462, 0.1527658554824471,0
0.9521934515125106, -0.07812245715853225,0
0.8296108328002274, -0.0007599135044057767,0
0.41876737052715046, 0.13746537217370852,0
-0.2598126214272539, 0.25851170655319267,0
-0.5435560353065958, 0.3349173022455573,0
0.1641967479955745, 0.19631129579043904,0
0.9447051231623089, -0.042129088065692696,0
0.005536599596353722, 0.22316102548735736,0
-0.5980898336883713, 0.3245823655025696,0
0.15911932332730822, 0.24188107575649578,0
0.12446798627997598, 0.1444544738095516,0
0.31464506011020993, 0.18035248151391847,0
-0.40367174911259895, 0.3382574554898297,0
-0.5472790933986975, 0.29287677394605266,0
-0.8716839746492381, 0.31076452311760383,0
-0.35443952288595726, 0.38121550645067204,0
-0.28502636570689033, 0.34171592991492183,0
0.11212692711714103, 0.25636360920718787,0
0.43145245728303955, 0.2117030032177675,0
-0.14969213657705352, 0.29546724082277603,0
0.6639563148440119, 0.0888115016334686,0
0.49722801890293467, 0.11034660665397535,0
0.9094759256307443, -0.034595150916721606,0
0.033984190103808695, 0.2682906798692776,0
-0.3295018286327302, 0.2867930962305598,0
0.685952231800491, 0.012408686358634565,0
-0.05581180270850181, 0.3202830231115419,0
0.38422006209167126, 0.1813417524685756,0
0.0047300586366680955, 0.2868464530246873,0
-0.36297541060137933, 0.4081975729915826,0
-0.6655120615541393, 0.32111113129309393,0
0.48791216503584633, 0.13669557098647928,0
0.7577161792372276, -0.024195517597569254,0
-0.1875210741452863, 0.2953062991685612,0
0.08918152460048584, 0.2322919406837912,0
-0.3293053068396033, 0.40515372930599247,0
-0.5858393623102699, 0.30584589765597786,0
-0.4355978175625354, 0.3248047992472883,0
0.5449861703805587, 0.14113545917648027,0
0.016733069613424485, 0.27006232004885167,0
-0.08119868361474536, 0.1812292860429444,0
-0.5829679996082573, 0.2987942975548599,0
0.6171005675948462, 0.12551847207222255,0
0.3644025668585503, 0.13198935557334665,0
0.21897173915782922, 0.25951916753154364,0
0.3478615755831136, 0.11917347677880737,0
0.9244212112948004, -0.014041965586018137,0
-0.4351459003459368, 0.35493852695501915,0
-0.3643818947426283, 0.3012028222903806,0
0.7036891707347909, 0.0586384937771366,0
-0.602367087623064, 0.34454302228933553,0
0.5700142744209302, 0.015022429711961287,0
-0.16036068983176674, 0.2958141488528255,0
0.43162138042335063, 0.1462796305107207,0
0.8316406158562495, 0.01444577372442875,0
0.6135621780458372, 0.049692856858631056,0
-0.2668043095179195, 0.2754399856786647,0
0.09229684882134492, 0.20671838729424288,0
0.48986183973568626, 0.1282164510376231,0
-0.2006031650898484, 0.29877184490179715,0
-0.0872908003303807, 0.1820541718696744,0
-0.3699932724995816, 0.361189537606016,0
-0.5826625872130482, 0.3845662240806361,0
0.5056258774521499, 0.031369060985710566,0
0.10298367603160499, 0.21465696864207529,0
0.8849087682762429, -0.00651240805761807,0
0.51028577303823, 0.02793873127752863,0
-0.4646337448424904, 0.3253716025796213,0
0.27971869120261045, 0.17277445066278507,0
-0.03509203201659226, 0.3257223301251599,0
-0.1746861491458273, 0.34122819159700674,0
0.06734338210852996, 0.25290519475246903,0
-0.23135671312269845, 0.34388434583436117,0
0.4465680181824968, 0.16592141288625056,0
-0.23346803459211626, 0.2977833183200811,0
0.8903058705858644, -0.014998790307819906,0
-0.1866917848221606, 0.37143976255565564,0
0.561981118026782, 0.11867781969837836,0
-0.5394596823584832, 0.3210693432617131,0
0.7556356254755129, 0.015704858665544108,0
0.12169377265116939, 0.25922347481192565,0
-0.0901793171196808, 0.2805653607704974,0
-0.3161787030858527, 0.3529656649793927,0
-0.6774956163538143, 0.34585306645859465,0
0.7783421001307951, -0.005446479859066161,0
-0.8369050722842761, 0.3104721110263702,0
0.23095875643320146, 0.2249425425748177,0
-0.49394837882464393, 0.34080535677524676,0
0.3195423030386841, 0.17290547769800294,0
0.712176758641062, 0.0017367895498970856,0
0.4609448302899123, 0.11216744699991249,0
0.9394136998281045, -0.012434205231656819,0
-0.5152692519023653, 0.3142783856027011,0
-0.367924978737657, 0.300398285977191,0
0.8807630123446535, 0.0029281534577186804,0
0.3601663304065536, 0.1681234109862259,0
-0.3732711829322288, 0.365592773950535,0
0.47512538051175, 0.24340456271397243,0
-0.09492201606391841, 0.29015778413991467,0
-0.9242156060398203, 0.2981119529554734,0
0.9014954253975612, 0.016155144632640416,0
-0.0007283631170395865, 0.22877980540254758,0
-0.43019095532780804, 0.3468005881152065,0
0.33198355362703175, 0.17118879631465586,0
-0.4719731591941717, 0.3394561210980644,0
-0.3590613865473564, 0.36434160550496003,0
0.3671585216381138, 0.17757141260762097,0
-0.5166114915921349, 0.3407970576686474,0
0.48435756916791173, 0.145130360588821,0
-0.12912180687792368, 0.36136887981813265,0
-0.35579693660747586, 0.36578534116365063,0
-0.4311463097918037, 0.361649992721882,0
0.1445042146989752, 0.25927224195177767,0
-0.46803838915831086, 0.41091254564108587,0
0.45999332231058165, 0.20141402137708253,0
-0.37052315413840403, 0.28846546227822284,0
-0.6791511361587075, 0.33980113876166756,0
0.4988207569840769, 0.12824231431934421,0
0.6395084757613014, 0.032751488969463526,0
0.9360564634629013, -0.05957801468055091,0
-0.7313061149766886, 0.3042920237159917,0
0.3832978841925212, 0.1407520885560786,0
0.3173790344284147, 0.16129374486414874,0
0.28139420078386307, 0.11483428106977873,0
-0.07413188114210995, 0.2008231246456032,0
-0.14045088920161916, 0.2545202305423835,0
-0.056748675621273094, 0.24263921412600437,0
0.3623823513119162, 0.23282140808642346,0
-0.6303558886602164, 0.30905868223205557,0
-0.4326716182339159, 0.33041007333457456,0
-0.455634420767014, 0.32912645903686305,0
-0.37985228836791207, 0.39049340950604794,0
-0.03766796612324847, 0.27464562176459884,0
-0.25275858036426996, 0.42159852160394634,0
0.21792731299188736, 0.21459516974899667,0
-0.6105862421500208, 0.32496251566200574,0
-0.4570422218042275, 0.3671301460490326,0
-0.5819524087455319, 0.30466181294478156,0
0.2855268393015571, 0.17458942273642974,0
0.36581405289707736, 0.14804539630866342,0
0.6391993967979167, 0.08533215558454244,0
0.49807626507986524, 0.1328140285578203,0
0.8139623161568468, -0.025842375888752173,0
0.09056502716291062, 0.20296025118962818,0
-0.3986049374070162, 0.2698511397760145,0
0.38086032807868264, 0.23979040680408897,0
0.02314708937556587, 0.2873854097088286,0
0.654095226070911, 0.042593970823691166,0
-0.2631489901418525, 0.2862172575028732,0
-0.3717416373965845, 0.30927750833841683,0
0.302345626817177, 0.23622968714663786,0
-0.8040633175175176, 0.29603864038792815,0
0.018324271453362417, 0.287173607239907,0
-0.46226616703942935, 0.32307344254827713,0
-0.18272486003761662, 0.2845786314757239,0
-0.4192553880996144, 0.32192360673935616,0
0.0025214751891048104, 0.24455745380770122,0
-0.2642590798202568, 0.36321261709560715,0
0.19124091223858794, 0.3027141170824387,0
-0.7628728832264194, 0.30044389157707246,0
0.14729506296702838, 0.18531260312396733,0
-0.3948101376308749, 0.30966515042359305,0
-0.5762939411997576, 0.34988071109032093,0
0.39568386345967566, 0.1708148093339821,0
-0.567120865638999, 0.35082956186701747,0
-0.25960614951366084, 0.294567825050424,0
0.8527258951724039, -0.01058783785614739,0
-0.38964764488450454, 0.368472476182422,0
0.9043986559019391, 0.0005118281874835586,0
-0.1608593686883468, 0.35612560465387644,0
-0.755609308579722, 0.3200648284506669,0
0.6646792011829238, -0.002048084583704883,0
-0.15433102784077046, 0.3137590400347074,0
0.9087745040977752, -0.054079765593526785,0
0.2679740146540579, 0.1531696528032103,0
-0.41068631767639, 0.272332911771028,0
-0.07230304417491022, 0.29303677189697463,0
0.5443098805806251, 0.23803903997155873,0
0.472526110342247, 0.21008569137397706,0
-0.4558981069602441, 0.37991237573955544,0
0.48948146612269916, 0.12146565666144661,0
0.2220682513953987, 0.17448877442245367,0
0.9405821721186665, -0.008448109003298189,0
0.274214781017136, 0.24894853718438179,0
-0.4782727612818804, 0.3336572431353402,0
-0.30759127356846705, 0.2965093681388945,0
0.3561407166363855, 0.1696047689783248,0
-0.608627124471415, 0.3371284607703046,0
-0.913100607178612, 0.30792258114209226,0
-0.8772437279454712, 0.2829761844033989,0
0.8054367104586212, 0.061557690577333034,0
0.04660328560980612, 0.24265937938935117,0
0.40327509389443067, 0.16200976617028767,0
0.8924744619113011, -0.030580841676734086,0
-0.4258548585834439, 0.3110641148445838,0
-0.5229254379733314, 0.3382344948630125,0
-0.2951168193159009, 0.28200326430133243,0
0.7702956986821473, -0.003207446781897992,0
-0.11338337267835248, 0.2890271666579167,0
0.6116771510573298, 0.10100331509844258,0
-0.11612322225107292, 0.2930585607653023,0
0.42736628111225, 0.09112692839030764,0
0.4086709819049666, 0.14247156765371088,0
-0.7781177849231076, 0.35227550880437614,0
-0.8367666648196008, 0.29812025879497617,0
-0.3798522883679125, 0.39049340950604783,0
-0.36576639875370975, 0.375308019631562,0
0.01768245539395751, 0.20495494924853708,0
0.48950715110896864, 0.13843193131098463,0
-0.4522211826844196, 0.38197411595240827,0
-0.04420791598653841, 0.24897245756338116,0
0.14121198330816476, 0.2437882282474343,0
0.4184323894590507, 0.10774179743208961,0
0.5247678491372297, 0.09356181025714788,0
-0.6600646447955304, 0.3521120823679325,0
-0.23874390861166014, 0.27756412837393923,0
-0.24201261310264705, 0.20621492688612883,0
-0.5725478350408431, 0.2934816793299146,0
-0.11007172996932867, 0.35255320175433874,0
-0.9357268316735384, 0.30218413908240127,0
0.267926825525601, 0.19184214291969245,0
-0.3315851102513512, 0.3706377278775931,0
-0.8333123494455683, 0.2924644152946002,0
-0.8994011123643325, 0.2906525638785071,0
0.21994782337913463, 0.2014034874168405,0
0.09279323545810528, 0.1936166426154609,0
0.4882689924382193, 0.10409570462975598,0
-0.768513334757785, 0.37736423205679664,0
0.9218931182868391, -0.02078952280238141,0
-0.6347430324529308, 0.30781308176918115,0
-0.15261597996711498, 0.29821720178361466,0
-0.6245869665325072, 0.33976988912435596,0
-0.07943783142268546, 0.254556126559901,0
0.20530725577388204, 0.23751591092837512,0
-0.5553218477797294, 0.3403804639276265,0
-0.24967211306175416, 0.25083876805654315,0
-0.3412053875238199, 0.34412152320860195,0
-0.0968142493017361, 0.2686457947609059,0
0.9364676346325922, -0.015854412347558487,0
0.9553493319232325, -0.09168043571895278,0
-0.09245746735068573, 0.2670405734310164,0
0.02578277065290299, 0.24372934066830387,0
0.6688579251266837, 0.005384107165447396,0
-0.0782282708632096, 0.2924362717090074,0
0.5882277139620531, 0.10882040801746214,0
-0.62196772705243, 0.31993214146119414,0
0.6221870955146164, 0.006864654413215537,0
-0.42913923480294264, 0.37910367340384515,0
0.4476335923727873, 0.12897024906230573,0
-0.11308345930983647, 0.17827262351209494,0
-0.14513993908956588, 0.27808004816191395,0
-0.5778065420074991, 0.27523230480048755,0
-0.1832068659339085, 0.28055164403534355,0
0.9283343134669136, -0.02448187439678338,0
-0.029023040078566507, 0.38991855512752777,0
-0.4388313583308176, 0.32390684257810326,0
0.9023997542933286, -0.046766210639906866,0
-0.36349328568488853, 0.36566269418700686,0
0.2591409186103926, 0.2390456389917001,0
0.11007258297724509, 0.34142123043160166,0
0.10650793696372214, 0.18221902941032417,0
0.7123040479029373, -0.03678760544707414,0
-0.04327226571020197, 0.4396511139934521,0
0.5079381975920535, 0.23075275042349885,0
0.2127920081303088, 0.25430989440334645,0
-0.4115789523002087, 0.3837072103375695,0
0.8536807348077112, 0.03461061003572692,0
-0.45680530296656446, 0.35749920179340605,0
0.7558229752213572, 0.07526268977830382,0
0.45087553251566587, 0.12615295803211724,0
0.031563675891826126, 0.21850317472942313,0
-0.07814627310442288, 0.17305557145818076,0
0.10085357612162793, 0.19153661390313795,0
0.8915210736894811, -0.04153597942346328,0
-0.42471283491225675, 0.41059735412926374,0
0.12193901586481293, 0.24337254714746456,0
-0.26099418770268534, 0.21011968193118172,0
-0.579101336387554, 0.3324234361244478,0
0.29331627933054893, 0.2698218792679602,0
0.5641979397400622, 0.14267096028957604,0
-0.14762928861038188, 0.23971608611034514,0
-0.6865498117074345, 0.36772647319719776,0
-0.045341021964964937, 0.2559474125286338,0
-0.002543880352774588, 0.32968639576968917,0
-0.3575308697938806, 0.4418283520599462,0
0.15902302989589764, 0.17316342381598634,0
0.5074754527820958, 0.11364830287440882,0
-0.6260091300886268, 0.3881088072890766,0
-0.6573070964916295, 0.3157918112267422,0
0.4225702502245478, 0.17097589330383128,0
0.35330798249115597, 0.08022021142098268,0
0.7345468351765362, -0.029401733565823002,0
0.2775899662877617, 0.21683264666019475,0
-0.6603218078324131, 0.427025716136424,0
-0.23955175710788768, 0.3667214001671424,0
-0.5876576915600332, 0.3231480692753302,0
0.20984823911938258, 0.27993017838261564,0
-0.24621990505236738, 0.30069202567252046,0
0.03848091497721277, 0.27741983364800904,0
0.13070916307529423, 0.2441458946335946,0
-0.604349706614896, 0.32133390259052025,0
0.5928274133693862, 0.142940813583276,0
-0.3996569136910963, 0.3190780679298754,0
0.935565351298782, -0.040257301211023465,0
-0.21299624961507066, 0.39047684830295487,0
-0.12519499858388178, 0.3620813028564008,0
0.9372751332960078, -0.014742485564979304,0
0.8869644316519184, -0.0011745508530861457,0
0.3082398176937723, 0.16795308634350148,0
0.41922804547073667, 0.13727627561086003,0
-0.6309461291572687, 0.33774170373256734,0
-0.6621261731228553, 0.38678418751202054,0
0.49027647330238966, 0.11444411206292661,0
-0.5333250992857406, 0.3324460599902101,0
-0.5466520418348136, 0.2988712792444643,0
-0.38627762589179, 0.22446940869359963,0
-0.03756829809191347, 0.328946745627594,0
0.4877566220677354, 0.14542866315988634,0
-0.540791970411047, 0.3324747052625388,0
0.005536599596353842, 0.22316102548735733,0
0.3310908580905674, 0.19111404165271043,0
0.828206324349356, 0.07594471091141539,0
0.8680100899879634, -0.06437163767680178,0
0.26792682552560054, 0.19184214291969248,0
-0.4985189428822187, 0.35766373992608086,0
-0.014685747100191533, 0.2365552344156143,0
0.1352268132136477, 0.23979338090077443,0
0.5194708274372407, 0.1294774526754565,0
0.05625060554820576, 0.20583391459863884,0
-0.5392249859854712, 0.297177304777941,0
-0.33073623679586595, 0.34632275029079235,0
-0.601247582512787, 0.38670461147731,0
-0.6060165580598892, 0.32620590365107693,0
0.11810208872279736, 0.15384184269053403,0
0.8211871824821991, 0.024514796520077858,0
-0.4291511839105531, 0.28745436954437315,0
0.4009782514091324, 0.1773434687458869,0
-0.6326295829280147, 0.353980226743574,0
0.563787796208469, 0.12670358416360697,0
-0.6924886533055236, 0.33310624885547563,0
0.812572151481413, 0.08586124429049806,0
-0.4145594749794869, 0.3386865430365648,0
-0.022090739651068798, 0.27098056292725736,0
0.5539546469853913, 0.13238632168050676,0
0.24003706200738711, 0.20115361180294442,0
0.9480251044572101, -0.0674870147128129,0
-0.15295452831311615, 0.30004922735984335,0
0.9417117446272063, -0.05708988571004898,0
-0.570980553469423, 0.32176859326571006,0
-0.6821753026398867, 0.30160969843429314,0
0.8401885165737659, -0.026446573523809084,0
0.44853450570548725, 0.12614667901608703,0
-0.052543076487321615, 0.25318630125346486,0
-0.1719469081601523, 0.3593060690558137,0
0.3447483012821953, 0.15515409876459438,0
0.9371542789955144, -0.01793925749816572,0
-0.8784607324178447, 0.3127167592768057,0
0.5295577122641837, 0.12123542484971232,0
0.29955549002819126, 0.24778177302523874,0
0.7670417115690287, 0.0866674047738332,0
-0.04613747332173952, 0.44222067555862016,0
0.5667877619177275, 0.022239503252348688,0
0.8671038957258512, -0.03283230721083544,0
-0.5540603075044314, 0.2962996037774811,0
0.6318872395974691, 0.0600274415130222,0
-0.06179873453501722, 0.24174932744749011,0
0.6777817687042953, 0.07184933663498462,0
0.207581140646201, 0.2288150914748604,0
-0.19006363848433927, 0.33425251704367964,0
-0.7081686736884405, 0.30515640197056326,0
0.005536599596353664, 0.2231610254873573,0
0.08943026557922967, 0.2430039126282188,0
0.37690316295849424, 0.14554599147328312,0
0.3735482406078825, 0.05778523544933629,0
-0.45807919402612934, 0.31295509731904536,0
0.9444785632671199, -0.006304926788692532,0
0.12981118623900234, 0.21979835525651276,0
-0.2541509448337418, 0.2605030569005844,0
0.6571157256836053, 0.06428011443293376,0
-0.054320482876611564, 0.2915956626154798,0
0.8232640842515832, 0.06805677168155536,0
0.595164603823453, 0.09432973263130967,0
0.38989835462070643, 0.15149824399981573,0
-0.6233192287334478, 0.36012549871663535,0
-0.414502381241884, 0.32972592298571196,0
0.7094043592896603, -0.010241860851244514,0
-0.8956099978890582, 0.2954290161591099,0
-0.049868559417134785, 0.2582974944314255,0
-0.17430734176958237, 0.2654997384009689,0
0.11441864874929888, 0.1959771073266959,0
-0.26598115229576996, 0.3968490814839487,0
0.8986611186441195, -0.07600285772838009,0
-0.6374044430644668, 0.3893824563702505,0
-0.3328922906809545, 0.3211281798475537,0
0.38930580848243607, 0.2326225503806948,0
-0.06481082558366572, 0.28622724979808956,0
-0.5524961205919275, 0.33290529986043443,0
0.4045034853294913, 0.21887907517371805,0
-0.47115436812180606, 0.28620473879980723,0
0.8321988311779727, -0.036558471281530815,0
-0.510829787200356, 0.325007316914006,0
-0.39000678121093324, 0.2661559710747935,0
0.9266578188466533, -0.032632300752805946,0
-0.5890421954921864, 0.4237963070799021,0
0.938366974672706, -0.009638348679243442,0
-0.15403231060495592, 0.2794174907771267,0
-0.9326550528728591, 0.2967584092263933,0
-0.08376548915334449, 0.2948783501938537,0
-0.18768079588663378, 0.4152267072607908,0
-0.5798403691000832, 0.3458772781724304,0
0.38835605017582137, 0.17534583505004675,0
-0.8054319049855166, 0.30305792177801316,0
-0.46811796326628474, 0.31715063274619504,0
0.939985261408612, -0.001551728834780031,0
0.16675087938470698, 0.14478026141096267,0
0.7871061754625089, -0.00011845138743152825,0
0.5498385420390061, 0.15405621211097642,0
-0.3709745469915492, 0.31538694978111514,0
0.060235769111080736, 0.20263644947511766,0
-0.6973800255536324, 0.34045948185302866,0
0.48618431718256905, 0.11538198694120701,0
-0.4343464119957047, 0.3189007861144716,0
0.6404874163600898, 0.04890259875073522,0
0.4588332356988653, 0.08779240288971306,0
0.04897271797624548, 0.20056255254892422,0
-0.2202619164588361, 0.2832355751015878,0
0.4859877849891053, 0.22423688533523617,0
0.45749346663006796, 0.1528357250776131,0
-0.7419270933023031, 0.30388697150604976,0
-0.4559537308619041, 0.3397543792836263,0
0.42896890068456894, 0.2257416585754634,0
