0.02521344286912178, 0.038705906030443035,1
0.024509338275126136, 0.03311088957047338,1
0.038030499335374945, -0.005962219263899065,1
0.01999429130709146, 0.041035115368115174,1
0.022688145106156767, 0.02082152229121698,1
0.02917144903434637, 0.0034612168137547602,1
0.03614345363175904, 0.003034173503297934,1
-0.011053137337897208, -0.005836377502360073,1
0.031467163072049886, -0.003005191436526038,1
-0.003905916460505957, -0.012240224462016733,1
0.034029534966174, -0.009166615683403843,1
0.05105584275244802, 0.014616180732168601,1
0.018853360791827648, 0.039861407143865754,1
0.02505641717007894, 0.030870142743366594,1
0.02296999464750781, 0.01012790577498299,1
-0.01378112654703918, -0.003465721388485286,1
0.03434358429577076, 0.016133137618512986,1
0.02184014213778561, -0.007259008268555521,1
0.025247063378177215, 0.03638490399803853,1
0.024024702900567286, 0.04070565282727644,1
0.013765496918252556, 0.07178146225427004,1
0.02130215597719487, 0.039743187476013665,1
0.00597434907579732, -0.008344438905377656,1
0.01853204413289889, 0.03179795080414136,1
-0.026360840207688706, 0.005155011951061308,1
0.02075433217197958, 0.0398325143254385,1
0.0014837353080581264, -0.017545464648811578,1
0.027058118252389386, 0.017989050771935477,1
0.028303103039629792, 0.01814158033895454,1
0.027893955460125647, 0.017999637518361773,1
0.022377996850603623, 0.03669275012192432,1
0.014788096224787365, 0.03781065622187982,1
0.004293270416486621, -0.018460305371248632,1
0.034446019530599246, 0.011139204763285499,1
0.025799235207698442, 0.006523010038768312,1
0.019877522288554814, 0.009260253971505105,1
0.03548528730051999, -0.005649869046515362,1
0.0204103097831929, 0.02207705799911028,1
-0.030463360035415634, 0.008497777058447268,1
0.019196682372584394, 0.03656157076644869,1
-0.015353638174014613, -0.003513904895294743,1
0.04012759285214311, -0.008565388769973717,1
0.027532343417336815, -0.028795670617314875,1
5.521406247174295e-05, -0.015466091097039093,1
0.03899449830641241, 0.013600663882382638,1
0.02137308120308966, 0.025928924473694923,1
0.021808101589084954, 0.04355781108482609,1
-0.03031132688362128, 0.008676523032982903,1
0.019279419056335297, 0.026187114237357905,1
0.019997058217667295, 0.04381695473877161,1
0.018516671746936823, 0.03127305721760394,1
0.03483408103929337, 0.005141166478553276,1
0.026531987454328967, -0.028073665403469002,1
-0.012779771175598123, -0.006272957031480009,1
0.03595145152239366, 0.00880776969819016,1
0.023504300454329153, 0.031970606514799896,1
0.022744569285329506, 0.038780473872011084,1
0.03685212517440763, -0.03823341093487345,1
0.013307345827627864, 0.04587412978740339,1
0.016544282966989888, 0.028810571336770174,1
0.03638814404901994, -0.014920895746767193,1
0.03785858315408976, -0.04770855143241897,1
0.03235280356195968, 0.015131574526678342,1
0.016286330599076203, 0.029839312713635487,1
-0.016182243205645153, -0.0025388908605827273,1
0.023548330980266007, 0.03236038036674789,1
-0.009057916578975983, -0.008784127271035037,1
0.0182456024108471, 0.013290837633179732,1
0.018538241275194985, 0.05917695317413974,1
0.028877553769131595, 0.03393512040178871,1
0.024973777389727995, 0.0382959173141394,1
0.017181710149719347, 0.009988573565389621,1
0.0187707973308481, 0.030893816495326198,1
-0.02021430927151735, -0.00021293741800739986,1
0.035806302816772634, 0.015196893687250636,1
0.03718278879804924, 0.006286138442879122,1
0.001916409866604488, -0.01650351398520013,1
0.018079401897220945, 0.02826011737809109,1
0.036626529731814114, 0.009759165624622906,1
0.04745744505336579, -0.0006011250485241683,1
0.032405200993348066, 0.016639838488881904,1
0.04078058450093842, -0.001881679494316288,1
0.014104030308268381, 0.03629958151054484,1
0.01758629232601788, 0.031185990777174957,1
0.027203342685963985, 0.019000084513811355,1
0.041866876342926795, -0.003273120756789794,1
0.03601634773036647, 0.005759858525595284,1
0.014053601400517793, 0.07189570555433004,1
0.025849830434317704, 0.0353727683424418,1
0.038040324633453054, -0.01615864182975407,1
-0.023973955005413224, 0.0026600412291408917,1
0.020072477411892796, 0.042726261739325117,1
0.03197416849432537, 0.03165151850495745,1
0.016023287541846756, 0.020961267624898132,1
0.02887201888916557, -0.009232766627996955,1
0.006682638185794906, -0.02092412507705518,1
0.027598001422699567, 0.053638930103171084,1
-0.017732038252102747, 0.0008832272133719948,1
0.03215741148052823, 0.009028586085577165,1
0.02755121553980363, 0.01915587393218262,1
0.017564129815660755, 0.008519245869660349,1
0.02365049836398033, -0.0037685474411004354,1
0.021863103618881368, 0.03869089024911552,1
-0.001225874462148784, -0.013524721549874748,1
0.03938027389501821, -0.004576322054626431,1
0.025105016370092523, 0.032807148848891375,1
0.015527701652655383, 0.05126360761641875,1
0.030118234637544778, -0.03797303205838726,1
0.01631576075922471, 0.0315024901290976,1
0.03820537405354765, -0.01722885287410595,1
0.022772489234426967, 0.03648409912469934,1
0.005638099659419548, -0.02021749691905935,1
0.016827645650036447, -0.02987318581490468,1
0.04001293068893209, 0.029688583105229337,1
0.037699888485396675, -0.038304933955275046,1
-0.0150481355762274, -0.0032261183416901246,1
0.02252080740489544, 0.0691533070962146,1
0.031402122709863506, -0.022027865521216772,1
0.026531320069554925, 0.019383082849886345,1
0.0326519920509794, 0.010002202571508453,1
0.013314747363258637, 0.05418240318314084,1
0.022366903192417808, 0.03288187764963925,1
0.03092127060070944, 0.01277413944397649,1
0.0297889084956078, -0.01290102770490094,1
0.015439528433759196, 0.025388127167416088,1
-0.012764874389839573, -0.004954186254373716,1
0.013404773383702152, 0.07083041271163773,1
-0.00020686461021004495, -0.014773530344123514,1
0.033312704007180304, -0.01882010884384388,1
0.019019398544084198, 0.01872891153498823,1
0.01988364381959694, 0.027061438147184015,1
0.03966958142695504, -0.000979520515320306,1
-0.022287013017518086, 0.0018659237581373116,1
0.024948765377746537, 0.006507796417795922,1
0.02612288038538856, 0.007654017666428728,1
0.01719272272791402, 0.0037150547577913654,1
0.0232392231549821, 0.026305910872137604,1
0.01624088576548188, 0.08285131391710913,1
0.032071888753552005, 0.005762790132980275,1
0.03415238821917401, -0.007481787745371232,1
0.023330536696047868, 0.03494267830386798,1
0.027289550357123958, 0.03416716642196337,1
-0.006616205540356321, -0.009985574638278394,1
-0.014178332266226994, -0.0022094372587809913,1
-0.013150892046335527, -0.0030982819872138177,1
0.037023006550680596, -0.006745398514320206,1
0.01887606312312898, 0.009862189239877668,1
0.032017082819767846, 0.036671122137966784,1
0.027536726649327978, 0.019562497938496133,1
0.01993399936608132, 0.012394880332557801,1
0.03224759462207876, 0.005988619636138357,1
0.020241156292928754, 0.017205551118646214,1
0.0231043140997287, 0.037350107171916336,1
0.0393695134429492, -0.04978536040950841,1
0.040264347362347866, -0.017612082513910284,1
0.03187863961650876, 0.031394818888835,1
0.01622317812466506, 0.038867266220530584,1
0.03086466437353447, 0.01733013544782283,1
0.023553086965135816, 0.024654911123214572,1
0.02993429137031099, 0.0217823613896705,1
-0.017697432498755387, -0.002345005072338101,1
0.029980824176475296, 0.021622354708305962,1
0.030820249766992387, 0.035647673913860325,1
0.029633868173551275, 0.012475011293506871,1
0.03215464823221075, 0.009965647322584602,1
0.024795376340600205, 0.0365664510850322,1
0.015441657163373937, 0.02359122064991236,1
0.038458076489833626, -0.03962769146765357,1
0.022271506796522927, 0.03589143081666319,1
-0.0034395786210252603, -0.012991840716973126,1
-0.008772642221690144, -0.009144778148387718,1
0.022575801405323274, 0.009433334981977286,1
0.013547674532866929, 0.07103746783735139,1
0.01776282880874182, 0.07353254753376227,1
0.01283105722338465, 0.037736949134177626,1
0.044606403425655645, -0.02797884291851893,1
0.0417269405869747, 0.006628394135065562,1
0.019895733532884236, 0.020641688526827552,1
0.02419282436465533, 0.04413744819467012,1
0.019673107886749135, 0.004415338929612446,1
0.01819765168507923, 0.056401733649178755,1
0.006276355275542119, -0.021087036764367045,1
0.0024265499574994977, -0.01783388162760445,1
-0.01498340937583508, -0.0011473193926204743,1
0.019394494326894135, 0.009997234550659392,1
0.008855892289156831, 0.03739423257902344,1
0.030667561085526873, 0.042783307631399245,1
0.028492751467340423, 0.013398202368649137,1
0.013248303573234987, 0.055608714025534994,1
0.04176633687139215, 0.0317094605286386,1
0.017615524329461663, 0.031073645853398727,1
0.015218387696241927, 0.0756986857471084,1
0.029586285604536536, 0.03687802221374047,1
0.0198626228334805, 0.04850346363516281,1
0.03117841030054903, 0.0476100727520139,1
0.03660275651925325, -0.03809023153927089,1
-0.03083749179882596, 0.008768634506321987,1
0.015222742140789853, 0.02861672936087948,1
0.03942011344386679, 0.012898285091338769,1
0.014506862976439817, 0.030019391438790934,1
0.014074441542223244, 0.07153374399719889,1
0.042279728824310324, -0.010975202969891712,1
0.018860625555100305, 0.03902472606685586,1
0.021697212809763066, 0.03595618672343112,1
0.03154192378495555, -0.006913767196135579,1
0.026916899536244508, 0.05037374639411595,1
0.022812616641831228, 0.02589678965572376,1
0.018417202119940048, 0.0186434155861117,1
0.02089085163222051, 0.012242930245917431,1
0.024641262857286312, 0.039618446079546434,1
0.04106364864302846, -0.012463642027350634,1
0.013768166254014646, -0.0014179892449433125,1
0.018230781552075165, 0.024379203641842945,1
0.030722950137822974, 0.0357570589061173,1
0.03326562905363074, -0.013935800754361138,1
0.02403029458477062, 0.03202947844117028,1
0.019747606652551007, 0.03471925049760207,1
-0.004156789483890521, -0.012100381422488857,1
0.017746083750664, 0.008450472670173886,1
0.02684502927942532, 0.025753756115719173,1
0.018355354063981325, 0.008163007432065151,1
0.03536520447935838, 0.011825728139468594,1
-0.015301052812720322, -0.0015681180558497101,1
0.014004193268989211, 0.07169690226804619,1
0.04676005660561635, -0.0014646692274049005,1
0.01590702918769183, 0.030511668712580556,1
0.03388781825261699, 0.017031138115986118,1
0.0034569037098080013, -0.018301050358540398,1
0.02333516931683552, 0.009331341515557402,1
-0.014739907767756784, -0.004944491429867948,1
0.018290403353572637, 0.031096080799008056,1
0.03091059880962953, 0.00011695273850586806,1
0.034709862160941615, -0.022556945997029856,1
0.025400619629767147, 0.032019277385904585,1
0.039456655069246796, -0.050043213080129975,1
0.014054239576682148, 0.03186900742923642,1
0.02231822015174412, 0.03706725724690232,1
-0.01786823406569691, 0.0006299200199258711,1
0.03805090829486208, 0.036482754714079406,1
0.0169725256711333, 0.03475243994282556,1
0.019091281429515706, 0.03120537889995272,1
-0.006375526240484099, -0.009716683731918958,1
-0.00011706370164616263, -0.014965195930954208,1
0.036858805606655005, 0.00471628505367968,1
0.030152254699943093, 0.00631558548299852,1
0.014566393002150957, 0.03887615813991395,1
0.025115763051957708, 0.03524510361283303,1
0.0199107721996391, 0.007388343195648188,1
0.019945946387901932, 0.0016499570051055382,1
0.03680279154335265, 0.006989738246387123,1
-0.005007411216083687, -0.010479284988912761,1
0.03110442442448864, 0.0009784091495603892,1
0.03933540209374009, -0.04894239678391111,1
0.04055148810789609, 0.021574944657478817,1
0.03957052213180625, -0.049303141232162666,1
0.014254668501512458, 0.03077341181675581,1
0.02607397688271247, -0.024784879954513946,1
0.023906328510223215, -0.034550781845244044,1
0.0139698205497922, 0.026467788507478055,1
-0.01567417079235784, -0.0027719959762182857,1
0.01931945020104051, 0.022720591654220176,1
0.03320071039423354, -0.02271445790294136,1
-0.023339282818368456, 0.002048876619486807,1
0.016407572022371506, 0.07303634108174821,1
0.0032404502810387125, -0.015871850193421362,1
0.01382203791713142, -0.026468690552587,1
-0.016323427502298465, -0.0035041824415023726,1
0.02666470926853487, 0.034791937659187894,1
0.02332325223515667, 0.05606927341209962,1
0.007165707684300261, -0.008124199916618197,1
0.008071759694851304, -0.021000056954413655,1
0.02321680031090336, 0.06099040514397378,1
0.040195486118036056, -0.03029669030075252,1
0.027062681219303896, 0.019163301062836792,1
0.03800650897826758, -0.0027498844322261986,1
0.04288669877498441, 0.027582004792792235,1
0.02723477473774446, 0.0042930289065640954,1
0.029847452679949826, 0.022356857604152836,1
0.039456655069246796, -0.050043213080129975,1
0.037228037219543875, 0.043575078168679136,1
0.023067045436056758, 0.038987175110400195,1
0.03950270818410522, -0.04596395594324589,1
0.026955388122375433, 0.0552272117336072,1
0.019510936550187933, 0.040292893689689094,1
0.02421550340518442, 0.010585207178881954,1
0.022992893390323565, 0.05317373867628693,1
0.016972492535145378, 0.008949255179636111,1
0.016530586994407577, 0.03804035785575789,1
0.03455152437114497, -0.00838727956124629,1
0.027340883747782232, 0.01883867535677861,1
0.023857913889223318, 0.03499633257025871,1
0.019683845972194344, 0.06558972554796988,1
-0.01291334023260574, -0.004371848728340358,1
0.03675350370099692, 0.005360760363207984,1
0.01818388086579596, 0.04199987238342473,1
0.026146288662001638, 0.03636276753921375,1
-0.021898482453613293, 0.001602251590974578,1
0.022410950557236426, 0.013211503267470096,1
0.030815739411030423, -0.037905622060433845,1
0.0520341673070317, 0.015051684553013839,1
0.02950594127656291, 0.019608775741812707,1
0.03167961560997138, 0.004989031029044037,1
0.03209115082256212, -0.021847352302816717,1
0.01800276329141386, 0.01942239567904589,1
0.018670118666343848, 0.002651539390899962,1
0.02898329089345318, 0.018387628310829403,1
0.01806904863169123, 0.03587370969940988,1
0.02174365618515093, 0.028694694178571605,1
0.031692510912367806, 0.013141442894874003,1
0.0084549529773671, -0.021041002930147726,1
0.03234358384378962, 0.014268160219680796,1
0.03211114489812039, -0.006759827290166206,1
0.02264427866126268, 0.026680632125423157,1
0.022490414557723677, 0.034155924680132156,1
0.04141849197231914, 0.028924336779102906,1
0.034865295597386076, 0.01127523542226671,1
0.030439712466889864, -0.002978321966278121,1
0.025060032156139462, 0.008021931614308314,1
0.04115721465569658, 0.008005066542495966,1
0.036300215444313305, 0.012670307581397101,1
0.03696738027233683, -0.03808581848770173,1
-0.017480678120731945, -0.001711130985265442,1
0.01389069354399675, -0.026948768728928835,1
0.02115609953493715, 0.026178001981150344,1
0.04277181938253907, -0.0024176124876285647,1
0.010279275531148753, 0.04203039837538515,1
0.017169182964087048, 0.02814601525521122,1
0.018301357258045724, 0.01879315939957805,1
0.0317273714609763, 0.017520151877808088,1
0.024777980856653083, 0.0368131449594197,1
0.01853854362514439, 0.0066920373992894015,1
0.026777030279313347, -0.0016155496217447878,1
-0.014799158670406551, -0.0037107683854179906,1
-0.030401161764516457, 0.008269288219915875,1
0.02479530879015404, 0.01300751605061527,1
0.02188182378083797, 0.024635854693843155,1
0.03343652307409074, 0.014331156707907543,1
0.03423183578905371, -0.0025273130089681736,1
0.03644436143487482, 0.033688864582551444,1
0.025614377646782427, 0.03210117457687416,1
0.013684421575827927, 0.02100958516668816,1
0.006307096522769372, -0.020405449181775982,1
0.032834106495274955, 0.0039153008694644414,1
0.017780747421086898, 0.07744248250268473,1
0.02849673834838374, 0.018098465936716778,1
0.02407754641719216, 0.027946861969008474,1
0.03877302491319624, 0.006274394776057849,1
0.01332488784407345, 0.04666464108330583,1
0.015076037729644477, 0.045581799153369705,1
-0.011432304440748784, -0.005428636042078518,1
0.024740738675438093, 0.008136853470197727,1
0.029792378993315407, 0.050893018336407025,1
0.03223927049124895, 0.016644416979156012,1
0.0069883237865214255, -0.021898617270377868,1
0.021027619543406567, 0.039054754832611276,1
0.03765738836983595, -0.00767427953460344,1
0.014095270085731982, 0.07122409545252391,1
-0.020900520581592825, 0.0013786962090320534,1
0.038506293434010644, -0.03924868873671122,1
0.0165742077007325, 0.0379116841303401,1
0.03412904151461138, 0.05226946265053662,1
0.03632093289709142, -0.013948916739661556,1
0.013752929830394249, -0.026284366475806047,1
0.014092772358643544, 0.07135889518393977,1
0.042170324853402184, -0.012744348764209684,1
0.03443242468765204, 0.03130569278289021,1
0.006109148920857952, -0.02001951751284596,1
0.036514061353743875, 0.01015212376685666,1
0.023213663334207924, 0.07932850605244145,1
0.024092196361110273, 0.03937132476587571,1
0.01747120780038816, 0.02797761324115886,1
0.03305402606824071, 0.03096065647640543,1
0.03613195062870855, -0.002622275451417621,1
0.03338965348163158, 0.015498796266130196,1
0.021793411287410757, 0.03907849480065321,1
0.014917628894654365, 0.03044503980436034,1
0.015221669152018554, -0.02761952725817253,1
0.02383642540039837, 0.03690601870620233,1
0.0400235514064567, 0.013127753268750526,1
0.02751070536068933, 0.0188883629981597,1
0.016200702235406143, 0.07117482886448631,1
0.01783363259798104, 0.009021820780171809,1
0.029772639388486843, 0.044634369012998866,1
-0.015780995630034458, -0.0029488010650781326,1
0.036256475423933066, 0.00035120288927049817,1
0.013349138118788495, 0.07083999062331718,1
-0.0033583680087863202, -0.012216956944238373,1
0.039545945446333976, 0.01288491585932607,1
0.015538793814939543, 0.03572077928205327,1
0.02137754111756963, 0.01615614287015921,1
0.036378069853660745, 0.02869036899617335,1
0.029083581224357034, -0.0017542443298608518,1
0.028462031213162944, -0.039249518281332454,1
0.01422961064312118, 0.039081399095392495,1
0.013393643430667443, 0.07146487599282993,1
0.012962293293944927, 0.03798171590132014,1
0.017907514226444602, 0.009445943576893275,1
0.0274058963311049, -0.0006330555079977002,1
0.03431622158700715, 0.013878444784268416,1
0.013039810397175, 0.0718002385028527,1
0.03109881917821619, 0.0012437875107356618,1
0.0152803781293736, 0.030394670859472537,1
0.02781319017654689, 0.018643124585640332,1
0.012689248472924615, 0.07078947179407989,1
0.020675736920123255, 0.03771030416905284,1
0.024440675217346455, 0.0051353780134426345,1
-0.00851008157046032, -0.008853711895378116,1
0.01648802765491227, 0.08274460203867227,1
0.026473185981706268, 0.032742300785297544,1
0.0180173581231486, 0.03053095921674407,1
0.02806440130593954, 0.018066684137408317,1
0.01965559742516202, -0.010331806753494734,1
0.01800174030151894, 0.031343836522276264,1
0.03218953158893141, 0.015035734328379818,1
0.0374080958215932, -0.04778622985580163,1
-0.00516638470691987, -0.010221516370472573,1
0.024847132135637027, -0.004923904553123886,1
0.03149232081326561, 0.014929517853207801,1
-0.009837840927564203, -0.0077212382328611705,1
0.035568088528660766, 0.015500861480103231,1
0.026954581896192056, 0.02465093014186055,1
0.026486052238209712, 0.03727384796790859,1
0.014200470285945972, 0.07166126922112813,1
0.024628948611319576, 0.03229816934855689,1
-0.006616205540356321, -0.009985574638278394,1
0.030191173132581618, 0.008756482400017442,1
0.028759099378765068, 0.014008220038079435,1
0.03844725857924605, 0.023493177443949513,1
-0.0361948544607491, 0.0120556393481318,1
0.039456655069246796, -0.050043213080129975,1
0.025712424389660794, 0.017888506267454734,1
0.016020504909687042, 0.01609510314573551,1
-0.007875150085649353, -0.009371029262554923,1
0.02316055736972461, -0.033842443479324455,1
0.04777582068993496, 0.014659047086133472,1
0.024743276960982823, 0.0411207857879331,1
0.013043907600525822, 0.08523761922245215,1
0.025086090511289193, 0.04140877129315871,1
0.017228783748852575, 0.008301465075845225,1
0.020532332961261297, 0.06424114420759874,1
0.028994498397884556, 0.0548516498072095,1
0.02681202529519533, -0.005769148762551916,1
0.038422379877627234, -0.007856439997328367,1
0.014351591360402793, 0.07113118762261032,1
0.03693138194586994, 0.0015001123058572092,1
0.03146864058937353, -0.03774510434602504,1
0.023383879484925145, 0.0410417591955188,1
0.032761179897532834, 0.03153521482681606,1
0.027136675722743385, 0.03540873801972106,1
0.02993429137031099, 0.0217823613896705,1
0.026041081710674905, -0.005579447180385003,1
-0.0050267009700320255, -0.011051569512676655,1
0.030673252795288482, -0.03726039156145871,1
0.023046534549835525, 0.03613019822207447,1
-0.004297030789165056, -0.012751905960812266,1
0.007777639205478856, -0.02065374710651444,1
0.029107309471595545, 0.049639342613868154,1
0.022787398603289627, 0.01281154247554611,1
0.03537260371865568, 0.013957473303228007,1
0.006716995571337038, -0.021089894844946083,1
0.018818063114349956, 0.031303796006070916,1
0.024327969019897852, -0.0015771048593848174,1
0.02347312808435855, 0.03612806856482112,1
0.04297143247870579, 0.021065096116035367,1
0.023303637857621323, 0.0559771214081724,1
0.018993418101532506, 0.030702376036232583,1
0.017795619258902856, 0.01921006664435916,1
0.013208282194162058, 0.08506286530107932,1
0.028212123774793874, 0.03323780158225723,1
0.014809105676733202, 0.0383681555853752,1
0.02917144903434637, 0.0034612168137547602,1
0.014760709057296368, 0.07146756787949704,1
0.018620628605978313, 0.07215223393193926,1
0.0306736936240812, -0.009485982283749321,1
0.022307164775793094, 0.04298344023204965,1
0.02381759509131826, 0.03236297955217859,1
0.025025262707108864, 0.0360390613794871,1
0.03465289520853135, -0.0010419222039889208,1
0.027339610136299392, 0.03434985416264293,1
0.02181386794839856, 0.031323046509941874,1
-0.000598114965506393, 0.01852655352819948,1
0.015191051423635197, 0.02827926157217321,1
0.03597693933515278, -0.003348379836770166,1
0.016088476007592816, 0.08261754138280761,1
-0.019187532749330133, -0.001071284487810046,1
0.0231947180522092, 0.026160935152142795,1
-0.015131974291896893, -0.003651665506942289,1
0.03773011233946168, 0.016965502870955215,1
0.022662575870119803, 0.03183976883753752,1
0.03058238433674375, 0.010890235256420456,1
0.013654174260412752, 0.07149400933946434,1
0.0370889549669097, 0.030656107319549066,1
-0.029093193588432317, 0.008228662172129787,1
0.03509666662544308, 0.042205684360281666,1
0.03776397987686428, -0.034913096798531905,1
-0.015311959355008519, -0.0018836781464653062,1
0.03389484819628266, 0.01306259031598688,1
0.018201662529730656, 0.007093122055909654,1
0.016846390893563323, 0.016556868320948465,1
0.012998666528278887, 0.0850473126300152,1
0.024918676590956115, 0.03692062041912217,1
0.013344619429337935, -0.02702025617478424,1
0.03516824754317577, -0.023617456366196554,1
0.019285141534298507, -0.02424956014329392,1
0.01374860611427098, 0.07188262565643015,1
0.022617915181416915, 0.04694146854659479,1
0.021534734388872732, 0.038399510227908225,1
0.024756444949982026, 0.03167446937355725,1
-0.010756096570212127, -0.007110273167591067,1
-0.01357252107126124, -0.0025030603462629494,1
0.03319946386258175, 2.104039890954247e-05,1
0.01782398022370678, 0.01918577093618255,1
-0.012967716182473641, -0.0062083858383223025,1
0.024885310930315357, 0.044848453712495795,1
0.027547265665796263, 0.05570999253309277,1
0.015659588140062134, -0.020219245862181393,1
0.018427510344298657, 0.0015730666927020395,1
-0.01354269508479362, -0.005651993273998289,1
0.030108077942853313, 0.01773603564615883,1
0.03684719174960402, 0.005998093353842722,1
0.02654879460946471, 0.05666966286136488,1
0.016010231931103333, 0.08271491740112975,1
0.04998338716910708, 0.0147513045779864,1
0.01487207929683243, 0.07252826128024306,1
0.028575842871326126, 0.01900437603068307,1
-0.011144449515117573, -0.007469957048857327,1
0.0266494071613122, 0.037420460844619564,1
0.029127859267876942, 0.017589141017400167,1
0.02019684849275891, 0.06407764768225238,1
0.013949915801231573, 0.07094572810373681,1
0.0424912658570656, -0.01309336403486794,1
0.01992434650046627, -0.030834000334293555,1
0.019084735565171474, 0.020009169573726372,1
0.023493306899273137, 0.011471598348532843,1
0.013048678072691075, 0.08489851385877434,1
-0.01709547680418897, 0.001213668259372409,1
0.013578141934528222, 0.08469128810674834,1
0.026696349760542377, -0.025562405638260934,1
0.0379522696565969, -0.0026934642299591607,1
0.01691681212825329, -0.02904921245834457,1
0.023826237392310233, 0.023960424087631108,1
0.020663363071629266, -0.010134804447961207,1
0.03195778207877961, 0.00632991451612529,1
0.02438019090493161, 0.03318159294289363,1
0.013941972163490012, 0.03259979054223776,1
0.02553281118770719, 0.03078905471299524,1
0.018819451412900815, 0.03967481690258977,1
-0.024066528419437686, 0.0029896909656573134,1
0.02146204712626551, 0.03838595339064624,1
0.016298347306731867, -0.029380018776811553,1
0.02988786127542326, 0.010567840566558961,1
0.01597511226627153, 0.08286421605958347,1
0.015867062571766254, 0.028621439873780838,1
0.03523493565414173, 0.016302635483714207,1
0.026757778567644396, 0.010233345538745229,1
0.02591331194165981, 0.007065074192476588,1
0.016583066088252503, 0.039582507567375504,1
0.019406405588317355, 0.027292397889417168,1
0.019518566148219042, 0.023310360329600426,1
0.025778981674008945, 0.046984290780287895,1
0.018746004106933147, 0.060805037146230256,1
0.03703759821467507, -0.03814095530179127,1
0.016037659866964114, 0.032438278547254645,1
-0.0006328829883927376, -0.014436327295792131,1
0.018299210615085045, 0.008149178346168639,1
4.2161119871491997e-05, -0.016002444739694123,1
0.03708498341604512, -0.0023855307382859036,1
0.033238640519940084, -0.023412728955921395,1
0.02428950897982239, 0.05087087748395107,1
0.026751528194381008, 0.00985506765354943,1
0.04449047903507107, 0.02038008461083337,1
0.02727460697292732, 0.03222034946534072,1
0.02345917577784501, 0.03930283530900339,1
0.0257345920538557, -0.002294576226375988,1
0.02903242325578608, 0.016306863106776964,1
0.026276670630776332, -0.024842880718415734,1
-0.03806636948071805, 0.013366579571510065,1
0.03288700612325313, 0.04809453162122719,1
-0.014850665878774838, -0.0031853174599503283,1
0.0314381116889381, 0.014526169835411839,1
0.02206916779334247, 0.039474543427996715,1
0.03197583986687012, 0.0152107058140437,1
0.011075000981933297, 0.05018991062446086,1
0.017144155847134752, 0.016222970988731343,1
0.005597800250384379, -0.020950935479090584,1
0.022894290936985365, 0.03749991534290349,1
0.03568243145920001, 0.02583147784416635,1
0.011596075042856351, 0.042539733897620384,1
0.019315068528886387, 0.007369409252584218,1
0.02368758745056145, 0.04448696098709492,1
0.02367334026677402, 0.011964346063870146,1
0.03260344456376875, 0.006156566304001528,1
0.03305884431616718, 0.02829534228978742,1
0.025112951891452198, 0.05116826538420556,1
0.01747400500519724, 0.010250003176524462,1
-0.014437221665058484, -0.0010240432046220915,1
0.027395117989047143, 0.019548560805705665,1
-0.007419929823098033, -0.009671962890736987,1
0.017161230566655725, 0.00390694150536166,1
0.018079401897220945, 0.02826011737809109,1
-0.03188758808492785, 0.010140642371051549,1
0.01652319297741668, 0.029300079834539583,1
0.01799068352657146, 0.008370907591618263,1
0.016596774102208865, 0.028495408849268763,1
0.02445458141784397, 0.04069990003053734,1
0.018808888151218454, 0.019100585961009636,1
-0.019962996528802478, -0.0009876609931879173,1
0.02396683177439172, 0.061796900127192,1
0.030124304584655075, -0.013456268022026987,1
0.0411628821493278, 0.021525588211107633,1
0.03528490504880159, 0.026828464483364206,1
0.024435293440378866, 0.032848146777467974,1
0.027644312030129934, 0.055326302511178635,1
0.03071629967725376, -0.010845269071803736,1
0.019990441799134562, 0.03343268604106823,1
0.013176752536213145, 0.08493373016178805,1
0.0167896887839066, 0.014747343506436446,1
0.02207541577491341, 0.026068541625258318,1
0.03632771463058368, -0.008456731600348079,1
0.026039020664451087, -0.003028397414685137,1
0.02437591713345587, 0.03965399129907182,1
0.016741266887116628, 0.02946067514775011,1
0.03398328633659274, 0.022537760706469248,1
0.001914869526949191, -0.017629936485434226,1
-0.030975404193785874, 0.00886229856151608,1
0.03564631305948847, -0.006791975565389178,1
-0.012684636004074573, -0.004049517344493049,1
0.03633249096465621, 0.02854936011252968,1
0.01877415181776016, 0.03116132956614807,1
0.04307909832980465, 0.011136562530531004,1
0.02763113917833464, 0.018780198042309175,1
0.0022442633001801752, -0.018534068676222225,1
0.024474711401725583, -0.0032583888106076904,1
0.0536618542259004, 0.012193645378466495,1
0.03495208508222564, 0.011500486874192624,1
0.026537102532526183, 0.018524092651961848,1
0.027889797708326877, -0.029400585471411785,1
0.03033633699736728, -0.03749770143113049,1
-0.0008596924937950663, -0.014943727621365678,1
0.024414945420318038, 0.03243623244820189,1
0.024922725439764353, 0.020176416231586055,1
0.01687661908301636, -0.02811070011186777,1
0.018694246451270706, 0.03934935203488591,1
0.037652623823080336, 0.02363374763015871,1
0.019325944752202437, 0.008195126625297257,1
0.039084027404326725, -0.04358015368826386,1
0.03049313261513036, 0.0004076162258622998,1
-0.017076959854490932, 0.0014875736001554566,1
0.03125590912057112, 0.014234822147623557,1
0.02042187200349853, 0.004727048306246237,1
0.03297473306119353, 0.013798766063204761,1
0.021814421379119115, 0.04056104643728231,1
0.01872932523232858, 0.007340873516126635,1
0.0011184169620498648, -0.016186160152949467,1
0.025521286463376962, 0.037216539494497373,1
0.02500769606187932, 0.03485328204262422,1
0.040071603893816074, 0.02388024137459219,1
0.019503646995757087, 0.012097732258119328,1
-0.01899649836572331, 0.0002294389082980321,0
-0.04015664734704776, 0.015045766534085469,0
-0.01439939109520506, -0.0035796100628252385,0
-0.02222768257191132, 0.0016449607941679033,0
-0.023520753522415096, 0.0014780783305570952,0
-0.002998146427513859, -0.012934423580534277,0
-0.03291042739154463, 0.00955082905613521,0
-0.029889982862328263, 0.008283481876772083,0
-0.022062816182960448, 0.0025278595177284885,0
-0.004287408013204685, -0.011167731631352127,0
0.015741941735432426, -0.02764797572287008,0
-0.017659409607134177, -0.0010214844948699512,0
-0.031794927251382485, 0.008469962944466627,0
0.002165413298854055, -0.01812050075145405,0
-0.015079563949781815, -0.005240523511718256,0
-0.005488848504562579, -0.012082254630552786,0
0.007852200864233662, -0.022213808364940853,0
0.014167277369845126, -0.026291994209395753,0
-0.014454730522797617, -0.004582130255574093,0
-0.014717092353860163, -0.004367086003159784,0
-0.022746860051251875, 0.0017751876243689323,0
0.005610956733017039, -0.020271394576611073,0
-0.01636660791889979, -0.0016067601033780542,0
-0.022183929753533123, 0.0009718742271917041,0
-0.012420750881891488, -0.007458470481176688,0
-0.013006473973437842, -0.005585926329972565,0
0.01696008521558937, -0.027609349876998295,0
0.026099208331804218, -0.03729032423877768,0
-0.017588520228645668, -0.0013396177607783901,0
-0.023586877592353866, 0.002276813001566382,0
0.005129855743203398, -0.020052479989084843,0
0.014090731419218174, -0.026812822266373798,0
0.0034782024799050234, -0.018250634498753568,0
0.0071556812484811294, -0.02039477147005388,0
-0.011610295285024453, -0.006273648312722168,0
-0.021166222567320737, 0.0016343275620739968,0
-0.01960207103302766, 0.0007493646026241782,0
-0.022915165407000934, 0.002105541723476926,0
-0.014157626968996065, -0.0034645975711022287,0
-0.01811176825586335, -0.001693256633492886,0
-0.021248736906933685, 0.0007059137691515046,0
-0.025779187279081503, 0.004436265567980416,0
-0.01729319563426376, -0.0014213849838155305,0
-0.005408241811933181, -0.010156287454717885,0
-0.011689568427477625, -0.0055545372289341,0
-0.005586766732294839, -0.01117110967663461,0
0.0031673904935893473, -0.017920420729765792,0
-0.05481685618019816, 0.0252830432206399,0
-0.0344197522624479, 0.011093755723410986,0
-0.008640187303303015, -0.00654971450421964,0
0.019630201459081197, -0.03157105041068271,0
0.0011748596484496593, -0.016178789862457136,0
0.005017633271789054, -0.018751628174401316,0
-0.030637973158206346, 0.008364566884081498,0
-0.009902137066305421, -0.007614343698937848,0
-0.023744903050355516, 0.0029623264223758708,0
-0.033865984019356775, 0.009269228064632679,0
-0.053001764620548376, 0.02357441056396346,0
0.009337768450205185, -0.02307729280667822,0
-0.03730860738035723, 0.013250563759461592,0
0.0025824481223979826, -0.017583135959124297,0
-0.007774111343764482, -0.009414606953671866,0
-0.02728469464422525, 0.006322388738178723,0
-0.018158719225469362, -0.001416686520802348,0
0.008900526567128956, -0.022125256004404514,0
-0.008933464630707474, -0.004837471779186747,0
-0.020648372167146576, 0.0002095361782609896,0
-0.0019438019680355421, -0.013026756973928036,0
-0.022538319254737205, 0.0009087878383682893,0
-0.050137543283290745, 0.0224527469123194,0
0.021667948046412363, -0.031846503096802356,0
-0.030908611732301312, 0.00801082961868592,0
0.018624908943563903, -0.03084269055119982,0
0.0037528543585686612, -0.01828570220573364,0
-0.008151769277356358, -0.009828150816701754,0
0.0002903302846127396, -0.015402219540034734,0
-0.014875510781300144, -0.003673449605965002,0
-0.03182737166510006, 0.009153079432130657,0
-0.022920069448236418, 0.002921427869480473,0
-0.015070824528237204, -0.0037812581312566844,0
0.007107728656778983, -0.02073834349223865,0
-0.00359366419520531, -0.012059078829648961,0
-0.021194355494968, 0.0014401530403405566,0
-0.02112069622175595, 0.0006863622628952561,0
-0.04979074846938199, 0.02261088841206896,0
-0.008170933097389784, -0.008845653687445281,0
-0.05619154300975703, 0.02775957092025139,0
0.00296148084659166, -0.017974182946047582,0
0.026097449441511548, -0.037330419384708706,0
0.024247699737336325, -0.03600923997538823,0
0.012235293515483112, -0.02574716205910729,0
0.014148542234589643, -0.02778985333576934,0
-0.0007154673131785278, -0.014704582436180726,0
-0.023314678380820193, 0.002374693525871256,0
0.011298096402722151, -0.023583306289413068,0
-0.023752036556763986, 0.002888395173846487,0
-0.006313291928243523, -0.00942936936040005,0
0.001661507014476656, -0.016563145063629596,0
-0.008858028167347697, -0.009279816426774395,0
-0.006513783205422617, -0.008582996358486672,0
0.02349188083249975, -0.034602637113320255,0
-0.00018400084754554988, -0.015434342474090585,0
0.010965814728417048, -0.023669061092996845,0
0.00171769824076067, -0.01764668299866834,0
-0.03412116862976463, 0.01015597961615934,0
-0.003946593304735777, -0.012275269311875822,0
-0.009075193353426325, -0.008384227231140505,0
-0.023533135328162983, 0.003919220052006912,0
0.004519721316009239, -0.019876848030243668,0
-0.01023321531804186, -0.007445081549284046,0
-0.020272982620307762, 0.0006435292161341997,0
-0.00022172256371161655, -0.014659283769909305,0
0.005904446128649335, -0.020242035489026842,0
-0.04641281975924811, 0.02178915941930102,0
-0.019879848059191314, 0.0003526619445682872,0
-0.0350887940747258, 0.011547575909292816,0
-0.011802122158917629, -0.0024662792277763065,0
-0.011081656680046775, -0.0051009783443622895,0
-0.005021546073115898, -0.011695397373400494,0
-0.006389757157263132, -0.01042084326859562,0
0.02181933817799519, -0.033903286152133394,0
-7.78042292596567e-05, -0.015663204677416526,0
0.014194649125395939, -0.02864192951257002,0
0.0017188362383843308, -0.016911943055528653,0
-0.005824334484082957, -0.009706709779116526,0
0.023042795785424168, -0.03414399347421362,0
-0.019964729912346765, 0.00030077068051117433,0
0.004751717548392421, -0.019159559967153725,0
-0.016918147726214614, -0.0028607887925575608,0
-0.013186797019476084, -0.0061031993285093605,0
0.0273982962091052, -0.036778763079967074,0
-0.0004779704133492682, -0.014684038152352726,0
-0.002753756749048389, -0.013268519461232746,0
-0.018544567340389256, -0.0007053046925590303,0
0.02342797033338229, -0.034322788495519514,0
-0.01658441382799946, -0.0018825458610470679,0
-0.022069982453303577, 0.001813697705572532,0
-0.029866825336433235, 0.00701619104701442,0
-0.03484195673804923, 0.010791322579568023,0
0.012652849825521045, -0.025362556781608484,0
-0.026662034573945118, 0.004885359696639179,0
-0.02742189683947666, 0.003955486342824007,0
-0.01060276546931211, -0.007703309073485309,0
0.007349310824747422, -0.02017661564821139,0
-0.0224570728888686, 0.002664398644535757,0
-0.015492257110417578, -0.0029606104409683007,0
-0.009158134584739427, -0.007380080075985122,0
-0.02723725605277461, 0.005958040365415347,0
-0.014932880523503236, -0.0028652841544860425,0
-0.020938747642762986, -0.0004250486956511178,0
-0.014436481076391684, -0.00270630506593146,0
-0.005759923019069257, -0.008242813674025901,0
0.027003992224876025, -0.0365444478738228,0
-0.021454346093489698, 0.0007048624814859554,0
-0.006769539579138899, -0.009603365839745758,0
0.004243866067926936, -0.01777359436360852,0
-0.01601467025294709, -0.000959082601489197,0
0.004245955176363994, -0.018279419317309517,0
-0.0542215634630367, 0.02566123052258396,0
-0.008858028167347697, -0.009279816426774395,0
0.0018928652622304573, -0.01716458075930585,0
-0.013326924750190962, -0.004557202318376806,0
-0.017423490833925682, -0.0014028852566350034,0
-0.028049407053029166, 0.006171003557851867,0
0.0021525662117567656, -0.016111820045302937,0
0.02867129180384217, -0.03752332288972399,0
0.022606350984741567, -0.03450316628942396,0
-0.02131134183767672, 0.001544367378018317,0
0.0008117604818572206, -0.01615330947824768,0
2.668653147713374e-05, -0.01501172268262841,0
-0.0328256940777872, 0.00869041407605001,0
-0.0008500543745420806, -0.01110666315881191,0
-0.030004285815691, 0.00749387734761018,0
-0.009852995015568338, -0.007219165000408163,0
-0.025226938548191042, 0.003628828707085641,0
-0.03524076063952171, 0.01098046301542955,0
-0.02579837353315961, 0.004560253114829916,0
0.014289423920393231, -0.0265211120320462,0
-0.01757073337077731, 0.0002970216149729186,0
-0.01115875356269432, -0.005879814308456949,0
-0.0005390096678724983, -0.015148542597850766,0
-0.02425551592275211, 0.0045909305507316886,0
-0.005001390616254427, -0.01062506642652766,0
-0.013734542657387242, -0.0049902754200452926,0
-0.007975553137090032, -0.008748542260031246,0
0.011130698820178352, -0.023854173434901996,0
-0.007843032056967344, -0.008908084765968098,0
-0.003962640869022802, -0.011535175987375761,0
-0.004808965744622708, -0.01031895163913076,0
-0.030671506308488278, 0.00815174065463555,0
0.027837660757325803, -0.03914318839874845,0
-0.012343903151311137, -0.0058510163900865565,0
-0.0009357547107390259, -0.014741695906467005,0
-0.0006691529592196639, -0.015513793329783082,0
-0.002244740261046426, -0.013632062232017714,0
-0.03246469140363476, 0.01119705616672694,0
-0.022481080401939548, 0.0024168394192542932,0
0.02638864349818423, -0.03600570684697276,0
-0.002270802409097818, -0.014563251160823736,0
-0.031367409978028636, 0.008095097894257953,0
-0.0151707899117662, -0.0030778535410694785,0
0.0005756118907903828, -0.01682547658859823,0
-0.007528668894421706, -0.009211058858907694,0
-0.02221302194412208, 0.0024142653729489535,0
0.019369388981275094, -0.02983588287003555,0
-0.026597410554469115, 0.0050540166545911995,0
0.02597918782843491, -0.03685902060153487,0
-0.027486202045007544, 0.005197537347162541,0
-0.005586766732294839, -0.01117110967663461,0
-0.004744866608049956, -0.011494699108767294,0
0.003904384385795531, -0.018393078026415616,0
-0.0077314488279984885, -0.0066758214035605975,0
-0.0225397758092388, 0.0013317772582453985,0
-0.03430340912954938, 0.010635953135422775,0
-0.043401483702776134, 0.01756167044792011,0
-0.01334257250819503, -0.005027717546762783,0
0.01923568628645405, -0.03148544930015197,0
0.0038844817885541317, -0.018041670858466533,0
-0.030244395941157264, 0.006664976275280516,0
-0.02400129193815366, 0.0034405057545190154,0
-7.292189928758331e-05, -0.013897884832666848,0
-0.0013083132357788194, -0.01340726684233343,0
0.024296633979331947, -0.034153812058791894,0
-0.006773411520415372, -0.011259889223348729,0
-0.01690481092870339, -0.0018794008654552357,0
0.0184386331902094, -0.029425659441852287,0
-0.006242041737841528, -0.010527917247059778,0
-0.014115689366535651, -0.004100363496576915,0
-0.028106706578664084, 0.006739165271135541,0
-0.0279343794851695, 0.005284918573245412,0
-0.013584999566990308, -0.005788834605898673,0
-0.0036812749975693036, -0.012323095062833786,0
-0.008961324202531923, -0.00952248171761812,0
0.003390587955870488, -0.01781943875196357,0
-0.0067273636322863015, -0.009466889971839101,0
-0.013044601632061873, -0.004316511864383884,0
-0.0201176394244986, 0.0022846079293084988,0
-0.0303886356799793, 0.008652266416505638,0
-0.01771819449511961, -0.0008384461732446247,0
-0.018551904830334243, 0.00022943996429752284,0
-0.020906660728251248, 0.0008281204500096114,0
0.02110760835334565, -0.031641955985387375,0
-0.01846766469412555, -0.00020716121398966483,0
-0.010571619546111211, -0.007054195456288895,0
-0.014349922644144709, -0.004599381495739362,0
0.002508753771116296, -0.017787313645703927,0
0.001887409774522685, -0.017100821775386583,0
0.013905330078395981, -0.02693050632798675,0
-0.017520100499591282, -0.0008064255789628214,0
-0.008408008653738148, -0.006292554246745822,0
-0.05476667245245417, 0.026103742356741188,0
-0.028769029404027938, 0.006176843659434123,0
-0.026894516232529073, 0.005722365089850757,0
-0.021503320516621367, 0.0007802746876699331,0
-0.019001733769323074, -0.00041032357017559406,0
-0.00679020921107747, -0.009764589799958496,0
-0.008587983715411886, -0.007203521548947819,0
-0.01039564563988699, -0.007037641428755772,0
-0.005214561463425969, -0.011700052625085427,0
0.019195185887619357, -0.03225531863268576,0
-0.028006800040415527, 0.006063198257830816,0
0.011414918046721814, -0.023996386999244248,0
-0.006784213950112048, -0.010084533326303196,0
-0.02489225167211692, 0.004274784791286592,0
-0.05427791081080146, 0.024958250558742793,0
-0.0029635725863313197, -0.011889650932360494,0
-0.031749965674588536, 0.008273466842437025,0
-0.0026751573368230318, -0.014191916783703983,0
-0.032272170923458646, 0.008003791678796434,0
0.02707125839015513, -0.03732945877572967,0
0.014637914698543277, -0.029427837769392656,0
-0.015033327344536126, -0.0006668634566881768,0
0.010298803523319258, -0.02201703457041477,0
0.016170009124938253, -0.028967421365466036,0
-0.01765751600304889, -0.0012801707663720261,0
-0.01737022672053041, -0.0006853342911008083,0
0.006737665477008593, -0.02097445798826382,0
-0.023066436362121204, 0.0029374015631122544,0
-0.004243437072075407, -0.010992913131101605,0
-0.02584214647931678, 0.004652418194800349,0
0.012731718772713662, -0.025650796344278536,0
0.0017290132029841702, -0.0174454256954655,0
-0.020300096900277786, 0.000651228167205886,0
0.0024940004479133047, -0.01758096782002964,0
-0.02068018130472616, 0.0009612289403948967,0
-0.022712730828877106, 0.0023297677362122196,0
-0.009261528667204194, -0.006642177395092268,0
-0.023533827769518394, 0.001993630751744263,0
-0.018209007690502953, -0.00047900835627915,0
0.026268851479205733, -0.03750846315892852,0
0.022153450750785956, -0.034140907808369064,0
0.018942010158914904, -0.03082800699722296,0
0.010789695650177946, -0.023653716638486796,0
0.015455691199253512, -0.028340678924362737,0
0.010049297012070328, -0.02311736126029283,0
0.0037557092496288665, -0.017694299447071703,0
0.00022748637385590259, -0.016191083857469958,0
-0.02650711322565511, 0.0048008479469160694,0
0.007075938518281753, -0.020923600216159032,0
-0.011972548624640453, -0.005701144924050795,0
-0.0073800535530528935, -0.0077559048515152985,0
-0.0348076001129973, 0.010655650299389719,0
-0.024573882911973696, 0.002160519462726248,0
0.0038150616939083733, -0.018334399449983683,0
0.011179507982329577, -0.022068994196137694,0
-0.004364138966526164, -0.012596598678779419,0
-0.014969842237752627, -0.004179818647375575,0
0.01005663939864868, -0.023037040565267244,0
-0.004496722125382364, -0.01168598707076579,0
-0.01601407184104261, -0.0025331260935511127,0
-0.013558970370678004, -0.005534813437354569,0
-0.001999869756511332, -0.014566923575829463,0
0.0004128528980599028, -0.01619472633405959,0
0.0006955792001039881, -0.014239685612554452,0
0.003977520355097924, -0.01752410627392147,0
-0.02121080920771753, 0.001971513501185409,0
-0.023325985470038776, 0.0024324754137423233,0
0.02199255221914068, -0.03409685674271131,0
-0.011565296935903972, -0.006839150024411406,0
-0.029399736125468205, 0.006768424736454177,0
-0.008928825873546863, -0.008071835980096857,0
-0.01788773175073285, 0.0013169659724531007,0
-0.02752083767799417, 0.00611470065828796,0
0.01734975934736741, -0.02688592831730922,0
-0.02225006592089015, 0.0006913943170145426,0
0.004222175714963073, -0.018035097544737887,0
-0.00047673626119510765, -0.015580055594764107,0
-0.006110490918528114, -0.011060666028045665,0
-0.01763488601283997, -0.0021513187422440524,0
0.0176565716731692, -0.030159419705237396,0
-0.023061161376613012, 0.0025451593869449474,0
0.0017412509809169763, -0.015523246541521464,0
-0.028490763724447563, 0.006060861331486971,0
-0.023426076139352867, 0.002829660623013566,0
-0.012225312405261419, -0.005698963009383303,0
-0.02263121515074346, 0.0015484095471144093,0
-0.01275604504737768, -0.007294788083564502,0
0.008848080831978862, -0.022558152405918092,0
-0.024006867459292543, 0.003724315494408634,0
-0.008483046993094217, -0.008806869106969638,0
-0.010905729217064486, -0.005169789584111295,0
-0.010657335282617796, -0.006004872084829116,0
-0.010094924569521145, -0.00611437727842027,0
-0.02036254970401125, 0.0013079742752936786,0
-0.026109343086427993, 0.0042616958095518945,0
-0.0025457520709145725, -0.013234947279476678,0
-0.028066354281442336, 0.005973151818797723,0
-0.05091535112028714, 0.02226046924473428,0
-0.04684118434045362, 0.019913171902119327,0
-0.04333133592990633, 0.015961053036244715,0
-0.027041206843931326, 0.004173761610565709,0
-0.0027013599741420313, -0.012231097620751785,0
0.008275674007916404, -0.020321494267738598,0
0.021937499756058777, -0.03017583685161343,0
-0.000646860727017507, -0.014222446451490041,0
0.021622557973012404, -0.03323758706662946,0
-0.0263343836735949, 0.004434483164104313,0
-0.00673777265044984, -0.009999556294583342,0
0.015631959438378275, -0.02957084820127425,0
-0.010379204693625516, -0.005737586202685585,0
0.008779014315213343, -0.02136373174950106,0
-0.024751457443239592, 0.004076417426309889,0
-0.017665466461736352, -0.001992841808227078,0
-0.02276892262926681, 0.0019241410675906014,0
-0.01607677583848569, -0.003806883573163239,0
9.795958239006616e-05, -0.016071033330863488,0
-0.03413851251057761, 0.010489393361427304,0
-0.005135969654737375, -0.01069676368199595,0
-0.02283505685709239, 0.003434549661180184,0
-0.02508889105967442, 0.00395365744136105,0
-0.005663922506078688, -0.009487043478583814,0
-0.003070489614979682, -0.013489996742219918,0
0.025952478536018356, -0.03682062089469392,0
-0.0016152647204520042, -0.013862992809381042,0
-0.03304814600911601, 0.00973493942159727,0
-0.027723595816642525, 0.005271847079681297,0
-0.0060361326248482075, -0.008010544205574713,0
-0.02090137557190483, 0.001080947235676601,0
0.0024746427901098777, -0.0171110849515439,0
-0.011771599523816356, -0.004701213974005252,0
0.00022047308540370754, -0.016562522931540452,0
0.014428606257688272, -0.02607123795222099,0
0.02503262551852524, -0.03396959686577699,0
-0.03257422886732673, 0.009804001982030654,0
0.003681620106139803, -0.018700005620192334,0
0.0018278690801578, -0.01761711952758974,0
-0.03683161722951294, 0.012720896078161181,0
-0.02142174271429588, 0.0004139739768531094,0
-0.027408237898462525, 0.005533413211652894,0
-0.013440669281926604, -0.004163454385229321,0
-0.03084675224441583, 0.008228552852001572,0
-0.0015382543228418322, -0.013967812894765048,0
-0.007774713291471594, -0.009452430355272256,0
-0.035291168438273686, 0.011425775667167359,0
-0.011933732360247262, -0.006157414511508166,0
0.002894563353881525, -0.01766501319668154,0
-0.01938594491913216, -0.0017763566073529852,0
-0.007465326946562045, -0.008451534243937128,0
-0.015957335516139225, -0.003648672735790457,0
-0.017549754146905797, -0.00219369229128775,0
-0.030555128635673202, 0.007586026364614057,0
-0.005681529818933362, -0.009541878422197118,0
-0.007177906278783153, -0.009619342495408797,0
-0.016066392654468242, -0.0014739843728454698,0
-0.027077735206289033, 0.004458013367884636,0
0.0019701784198747204, -0.017242866477874055,0
-0.03410089641716039, 0.010275717389739964,0
-0.00011871546630777492, -0.014932894619699013,0
-0.035698732496171406, 0.012247951934408167,0
-0.03049679546864811, 0.008467653645777073,0
-0.052009622120829095, 0.023672323350566675,0
-0.01745816775068894, -0.0019496158547331443,0
-0.002551798314773775, -0.013400113818163294,0
-0.0072047338432446656, -0.00836421455002787,0
-0.021918400883271502, 0.002747540214126746,0
-0.01803434828814656, -4.682642776215585e-05,0
0.009086987643111683, -0.02257953420180409,0
0.011732234872337773, -0.024500528260466434,0
0.008577453379555748, -0.022674956454776747,0
-0.0317020304827224, 0.008937374619851144,0
-0.030068278192965352, 0.0076736861598665305,0
0.0015108341212543952, -0.015977404116308953,0
-0.011082480005777353, -0.003068309600983337,0
0.00238383986478047, -0.017837418062395034,0
0.009599163937956037, -0.02169129869315324,0
-0.010941594657765457, -0.006568251088261873,0
0.004146202968634696, -0.017012665419547424,0
0.021820628569267534, -0.03422573944248111,0
-0.01279920708546804, -0.003807220814089005,0
-0.003946593304735777, -0.012275269311875822,0
-0.041516847731878914, 0.016547381994062162,0
-0.008782619204660709, -0.00769587286757613,0
-0.02071263807384411, 0.00018716952033483788,0
0.0029630274375488123, -0.01776116347465825,0
-0.007516122864488522, -0.009600591337810922,0
-0.019348956816417084, -0.0018330184745561342,0
-0.03323705956230536, 0.008708402527680228,0
-0.008996836632010834, -0.007151199132414528,0
-0.02009616579255735, -8.148469505580509e-05,0
-0.009325055360130171, -0.00629745715803647,0
-0.0324149471792592, 0.00951175557862528,0
0.018065023301688497, -0.029251862195930296,0
-0.0009298938585131776, -0.014313999805629848,0
-0.013783747053393811, -0.003345168808594473,0
-0.005586766732294839, -0.01117110967663461,0
-0.017593720854245015, -9.245031665852927e-06,0
0.0018607199754863105, -0.01378744543161669,0
-0.008480817265840412, -0.009319431898191835,0
-0.004611814729421824, -0.012538534360175123,0
-0.020344748546913406, 0.0006032820345999242,0
0.004632269484342842, -0.018301049259862343,0
-0.00018571741611330095, -0.015534328661080864,0
-0.0072303312853506324, -0.00955129136968012,0
0.019129927871783286, -0.03143294483294472,0
-0.013481543440107734, -0.005007877492647185,0
-0.012990143486433675, -0.004762931680233698,0
0.02311260694618234, -0.034592401356014504,0
0.01105443964914025, -0.02493751861197082,0
0.016972793959032933, -0.027413920749646773,0
0.018353997607580146, -0.03027629396147219,0
-0.014103493096567167, -0.0042834972783782075,0
-0.023407658904790307, 0.0011699276527432538,0
-0.021676126847836652, 0.0020152383489660617,0
-0.022903865407693524, 0.001962782593642835,0
-0.007023141405944869, -0.00930710716741246,0
-0.025038399130269635, 0.0045496989451341814,0
-0.022761376284993043, 0.0030160691607374556,0
-0.028061581084540953, 0.0067368463695599325,0
0.0070639774119166, -0.019697795161273308,0
-0.021755715397198002, 0.0025330690284766245,0
-0.01600863779015362, -0.002830053658553567,0
-0.023825182539699133, 0.003040274343243434,0
-0.0016482703974534524, -0.013206940138351197,0
0.0015108457616339172, -0.016817722487242528,0
-0.024189860340969982, 0.0033292158859410024,0
-0.0075519831627932285, -0.008818961608396673,0
-0.005815383067053194, -0.01089334313096109,0
-0.00013368180705595968, -0.015080652623244083,0
-0.01765539316564789, -0.0011049825536819935,0
0.007668821733983245, -0.020800055089087246,0
-0.0005350031157510982, -0.014780221616347837,0
-0.005930072148269548, -0.010231264024588922,0
-0.0016140067138507197, -0.014815512729551481,0
-0.028418033633508033, 0.00643597339060559,0
0.0169775074969212, -0.02869617946389736,0
-0.0008098942860860653, -0.013358797981655486,0
-0.003711707844213722, -0.011050439278890793,0
-0.036453474262763706, 0.011937083736943634,0
-0.0036555179426622677, -0.013283569368694303,0
-0.009763921276086144, -0.006030025988229793,0
-0.013174345474796059, -0.005173657080251291,0
0.002786819826680234, -0.017807002627392515,0
-0.01973059777288048, -0.00013140845940479544,0
-0.05533909415416139, 0.026348900734396125,0
-0.056839974352466, 0.02700761013419744,0
0.008475503341183091, -0.02173116539016245,0
-0.057571231505327565, 0.027681188719429567,0
-0.00941217727603831, -0.006761570409378566,0
-0.004096533520261611, -0.012576810168085673,0
-0.01923501680750917, -0.0007797143133677114,0
0.013814937778794707, -0.026293956004909632,0
-0.024628351669827263, 0.007502413381519979,0
-0.0013955024412389226, -0.01512613084503517,0
-0.012614954916121952, -0.004608612750743905,0
0.004497042455132972, -0.019033227887787715,0
-0.0162598759704375, -0.003944149904530036,0
-0.015949154040644734, -0.0022661496090954857,0
0.002597670302962723, -0.016970215650869546,0
0.002149800647427585, -0.016666478060182368,0
-0.018220251159420546, 0.001503346820609789,0
0.022536520957793568, -0.03395085712421893,0
0.00033113703422795555, -0.014586010732064062,0
0.01642291119595871, -0.02807577735117845,0
-0.02511710936865507, 0.0032675504284566054,0
-0.022979131687817497, 0.0024062290539579247,0
-0.027872650056729315, 0.0064750179991566225,0
0.004351608311704035, -0.017979590701412883,0
0.023587038345292074, -0.03404919305443014,0
-0.008903143740550103, -0.009761104148994395,0
-0.054586976686233316, 0.025185387866862963,0
0.0036618660735988702, -0.01841679215839601,0
-0.023079192780421413, 0.0020567410631504167,0
-0.005318792966146117, -0.011137653313582092,0
-0.00731937440569693, -0.009448129574170993,0
-0.003475363737231626, -0.012075683062974726,0
0.017174044400771016, -0.027922494851488136,0
0.0184386331902094, -0.029425659441852287,0
0.0025850609233850977, -0.01825687930495065,0
-0.01802434247907191, -0.0016199186802232162,0
0.013427787819770554, -0.02619467473808327,0
0.011682914023312136, -0.02496579390967611,0
-0.01949240947414639, -0.00147157700262899,0
-0.011179735732822436, -0.005065043082978156,0
-0.01852509983120199, -0.0021135895219522908,0
-0.014537891188115562, -0.0034319020698566015,0
-0.055281550980853585, 0.0270108583684819,0
-0.007224031250177172, -0.009474981503246327,0
-0.028038718846912662, 0.0054068853737005,0
-0.011329636663738646, -0.005811401953938241,0
-0.015075848920327355, -0.003491493228354644,0
0.0015959858341863854, -0.01745453593494184,0
-0.008290331758788771, -0.0076629513447487255,0
-0.032499857050966224, 0.008852575117217293,0
0.014550737376485786, -0.02621445277492036,0
-0.00987942940815865, -0.00789963042788245,0
-0.013992300329575255, -0.004769990507975163,0
-0.004102916243348417, -0.0115973758836118,0
-0.003183672490064781, -0.011774973461263813,0
-0.02294407126472932, 0.00327436134931355,0
-0.01113176590960476, -0.005264659843245456,0
0.01744912321988844, -0.02793208776780432,0
0.010740262302887266, -0.022575708302183948,0
-0.011534243226801631, -0.005231689789933988,0
-0.006302110600740696, -0.010092033649811503,0
-0.012921070010975635, -0.00541587143513198,0
-0.015653531808661213, -0.0025723171984231323,0
-0.008649624170758284, -0.006588668988497607,0
-0.012866470338889244, -0.0050445863097117296,0
-0.012993054332921986, -0.004360504902098573,0
-0.008259329583478671, -0.008982229222178706,0
-0.012541620670335393, -0.005940077523137031,0
-0.028678842802718544, 0.007388413097600834,0
-0.014336092505180704, -0.0047408972982288,0
0.027470976801673017, -0.0380910311771921,0
-0.017737629261210582, -0.0011695839371548883,0
-0.004056482809520193, -0.012171527403997181,0
-0.023150274617123635, 0.0023320764335665943,0
-0.004034207543177541, -0.01224981761735701,0
-0.02902910858704635, 0.00614991193452279,0
0.015247448752121426, -0.02572287973609188,0
0.018902196803659045, -0.029162662442791348,0
-0.02675531559556748, 0.004220916872080797,0
-0.012522632413901606, -0.003564656152603912,0
0.0024615758660437212, -0.017517960069854253,0
-0.010786518594083078, -0.006172449168503263,0
-0.002177533566262496, -0.013775117473813792,0
-0.009410373502636188, -0.008769476609257748,0
-0.009041778809853362, -0.00753068804259955,0
-0.0011796254010840318, -0.014179629949794088,0
-0.007705378058894022, -0.00965127875731645,0
-0.017824419758937487, -0.0013115398743348515,0
-0.022535205798051752, 0.002382495693585047,0
-0.007795065180437278, -0.0065185676745587225,0
0.020428033588425164, -0.0319920870021802,0
-0.026120248476710795, 0.004453087739852279,0
-0.012286288454360849, -0.004266281132270495,0
-0.013259643242070575, -0.0049819331906529665,0
-0.03136950121404249, 0.008131123307004854,0
-0.0007703044782014896, -0.014856876393464512,0
0.01265719934603246, -0.025322999836789834,0
-0.03285202039754132, 0.010699425267007324,0
0.025489421292398333, -0.03589068833119785,0
-0.0267151757407909, 0.004601499796096469,0
-0.026045155344952137, 0.0050890634747685825,0
-0.026919096040589414, 0.005567619990867845,0
-0.022014999398783514, 0.0014910367209498621,0
-0.030333511078432136, 0.008841299525209657,0
-0.0192885059394733, -0.00031394021338534105,0
0.001455674535891898, -0.016651817864168163,0
-0.01887318879678806, 0.0004841878754669981,0
-0.036016984766104085, 0.012006323257672246,0
-0.010060252851587629, -0.008863970173361903,0
-0.022500583453614484, 0.000930120866568775,0
0.013305894944122973, -0.02530199274516133,0
-0.028213758499125618, 0.006093521067478285,0
-0.011459733705271095, -0.00524560273950867,0
0.030451512944423772, -0.03861326818695656,0
0.026623804167300077, -0.034330110163708225,0
0.0009035357530488613, -0.015857147182390664,0
-0.02236253681911756, 0.002285966202618109,0
0.0028236286773199375, -0.017240540279796414,0
-0.012616578582337352, -0.0052172792509886995,0
-0.0032250941648477712, -0.01294193361932824,0
0.004497042455132972, -0.019033227887787715,0
0.028918726713594595, -0.039177801967943855,0
0.0016809126032208874, -0.01707688917720047,0
-0.014941210179759313, -0.004462495658338083,0
-0.02619096302507123, 0.0033304014606608404,0
0.019784259474406762, -0.031770196645452366,0
-0.01701553575610546, -0.0032890679020090513,0
0.00013367162867574262, -0.015193679361683391,0
-0.02333331111860897, 0.0012985673685738744,0
-0.024010189955819137, 0.0027527447123140434,0
-0.0008567259483446992, -0.015601182636152868,0
-0.05430202661216371, 0.02554558664751057,0
-0.010655374429737461, -0.007996973498265926,0
-0.01608425454603617, -0.0020800545804711456,0
-0.0033756783366597643, -0.011439850920203562,0
-0.007775066857052729, -0.009405809909897875,0
0.027034773166016247, -0.03829322689204496,0
-0.024668367687936794, 0.0023527703636807675,0
0.02252984868597795, -0.03346591532124901,0
0.014855188228464844, -0.02710502670922188,0
-0.0021773016704097555, -0.013932568124944469,0
-0.010599118811729473, -0.006564009947838056,0
-0.002241374836352138, -0.013259855232568757,0
-0.0189982411397853, -0.0005952919524839387,0
0.023278031771665042, -0.03516111647268777,0
-0.011292655422019385, -0.006201258386555805,0
-0.007465878494684087, -0.009537192966802088,0
-0.0221823518420947, 0.003218050435686974,0
-0.0015229157164052996, -0.011669711042338188,0
-0.023739580757603684, 0.004016706151074972,0
-0.04024030037005931, 0.014827635678310934,0
-0.013751111092247558, -0.0044824864478737875,0
0.022909219935258542, -0.03462183352646729,0
-0.031177077944099667, 0.008599051078433579,0
-0.03239943614987785, 0.008666289095619815,0
7.260848844598187e-05, -0.015600617005047272,0
-0.03382520445137627, 0.010097387849956382,0
0.02108204185755218, -0.0313175581347596,0
-0.013419335082395388, -0.004218852411509507,0
-0.0013576088193639117, -0.014387594437890904,0
-0.0075977516168062136, -0.00847553738346454,0
-0.01979455219088035, -0.0004356552779267291,0
-0.0038736242758184132, -0.012712391734366514,0
-0.02044440933174936, 0.00030542526625118815,0
-0.013404877778996684, -0.004921208021419682,0
-0.01984232081572402, -0.0006312239330022248,0
-0.006045969014624566, -0.009915885012599362,0
0.003766946276559975, -0.01792169292177323,0
-0.02140450831571423, 0.0016469442289149979,0
-0.014433444979797691, -0.00357146051291162,0
-0.02395170447694923, 0.0035006045562923217,0
-0.0006836281172694389, -0.014401275354255222,0
-0.014841878852540952, -0.002057829292837282,0
-0.02618549941726446, 0.0036178098935198575,0
-0.019966451719970135, 0.0009643431792450774,0
0.003337806197746945, -0.017553673057869378,0
-0.022120463520047498, -0.00017734949227376378,0
-0.005969062848382769, -0.009412440108233227,0
0.024898762518554905, -0.03622612768605651,0
-0.025132048207678975, 0.0026946241236794027,0
-0.024467167012214207, 0.004671309021163279,0
-0.0034160032845092247, -0.01243593913097057,0
0.029049243972674242, -0.039409578767403135,0
0.022462282801786547, -0.03300979757628486,0
-0.003946593304735777, -0.012275269311875822,0
-0.03668983253301059, 0.014185204059466203,0
-0.00478866098282329, -0.011182409482688574,0
-0.0002683038341365797, -0.016036784249476476,0
-0.019413974315853025, 0.0008277351101651802,0
-0.0058403262146762515, -0.010237817766200351,0
0.012606039339054308, -0.02659021355569471,0
0.027763586872268434, -0.03873061463721475,0
-0.00560157666416064, -0.008910416347215004,0
0.002565012924230772, -0.016814099791169466,0
-0.03477704863886237, 0.01083371048955359,0
-0.020477327316133536, 0.0025537626876341217,0
0.0019783321078991043, -0.01705534850877532,0
-0.023292841885704022, 0.0025233627856133985,0
-0.006874924037895971, -0.008011280474810749,0
-0.018234133347144903, -0.002111350599640999,0
0.012239288866874991, -0.023406321248444426,0
-0.054135700021917026, 0.02544587452013408,0
-0.011120018008177949, -0.006353756055778947,0
-0.01740525797540711, -0.001134456252720988,0
-0.005269625197806682, -0.011015066977998207,0
-0.030970966142232485, 0.009303530494733455,0
-0.027454131715667372, 0.00516892076587597,0
-0.01930873140851898, 6.055204625299749e-05,0
-0.018281286864265618, -0.000879965782583669,0
-0.02311421482549755, 0.0012663226875510832,0
-0.0055301880352240035, -0.010817909860168116,0
-0.020134942521704977, 0.0018692889262621353,0
-0.027520533451588718, 0.005985699318177216,0
-0.004879515819211112, -0.010713084869656957,0
-0.0025087469309741026, -0.013016137430864477,0
-0.028603597183468804, 0.006080666551422299,0
-0.01311483725743213, -0.0036137146582138594,0
-0.026017641069073914, 0.003219719374472837,0
0.015942154259344234, -0.026416084818775654,0
-0.021097560937399718, 0.00025083958654984644,0
-0.022359299347378514, 0.00094035568105014,0
0.00871374161698222, -0.02290590929824975,0
-0.02081609695088717, 0.001410087280959001,0
-0.027881757134306, 0.006246540482915029,0
-0.0007817043799461672, -0.01415834067349543,0
-0.03554764467671172, 0.012784865578137721,0
-0.01311483725743213, -0.0036137146582138594,0
-0.028442953205321083, 0.005814256880859201,0
0.0027545218450840785, -0.015478133867079582,0
0.00434648941485572, -0.01957145479535318,0
0.00048147309619798843, -0.015245773302509806,0
-0.008805746356692321, -0.00924528990894501,0
0.025917151508820586, -0.035293015202904614,0
-0.008858028167347697, -0.009279816426774395,0
-0.013500336446098297, -0.003024477902228309,0
-0.008712833851661961, -0.009535956594608482,0
0.008859832802747335, -0.022871055238178357,0
0.0008416468590109305, -0.015595027314216877,0
-0.022556114900374593, 0.002589221898104315,0
-0.030533707377657753, 0.008386688743359402,0
0.007252726801418978, -0.02097182518036868,0
0.00418853768781424, -0.0187822362597825,0
0.010931259956626799, -0.024032497880850885,0
0.03948691002571357, -0.049953657017549113,0
-0.038582989224636356, 0.013209365675696349,0
0.0035753563975726437, -0.018145069732849812,0
-0.01232462795641813, -0.005058988993837213,0
0.015163501084203758, -0.026438936245694343,0
-0.0018460306498144776, -0.013950015021612092,0
-0.003295370426356131, -0.012837335131187816,0
-0.045790985030284885, 0.01878166545912324,0
-0.003206462420764087, -0.013077636444295316,0
-0.016022397311284395, -0.003533738760224853,0
-0.02992951288974331, 0.007460208042389653,0
-0.0007170204331263134, -0.014862573336619668,0
0.025331528028246685, -0.035820457328453875,0
-0.0006177531544544893, -0.012272381772288829,0
0.023268522658430067, -0.03459418869346899,0
-0.03084603397401679, 0.007609960207380865,0
-0.03142796866550425, 0.009186861005896762,0
-0.017818977516764097, -0.0023750252899070144,0
-0.015304561813320525, -0.0033766701860289726,0
0.003642157051076802, -0.01865999467819142,0
-0.0005433944667189196, -0.01421595315347511,0
0.010446789087324599, -0.023264624529749377,0
-0.018459532116852258, -0.0013312799647632225,0
-0.0008790034180515283, -0.014182358423288416,0
0.014013976030111149, -0.026172285489690236,0
-0.0031509234845748264, -0.011408406576729781,0
0.004362383476916723, -0.019366804620477657,0
0.0028909317348764906, -0.016893138703967126,0
-0.010898400530122688, -0.005407789855204584,0
-0.023354989781635065, 0.002406474682727503,0
-0.021185911031989395, 0.000578039877625936,0
-0.022699549468964433, 0.001745896159941574,0
-0.018974889015255722, -0.0006876913946503752,0
-0.03282641092923474, 0.009619531563022034,0
0.00862344863613449, -0.021705992665146168,0
-0.002294783094833681, -0.014535779438273921,0
-0.012127845811539304, -0.006461705070041777,0
0.019072470244269953, -0.030814838092260072,0
0.013835747074335335, -0.025790663054341655,0
0.007139602145242758, -0.017638159414563623,0
-0.002767454444955088, -0.0128055344693079,0
-0.020681928676777935, 0.0009234204268759604,0
-0.03349806680320055, 0.009845426094741571,0
0.012986959463424071, -0.026172814339491524,0
0.013371962215271139, -0.026823365916646285,0
-0.019402855398283323, -0.0015360369599310868,0
-0.0033893461218111104, -0.013813022932505697,0
-0.02122402917027994, 0.0008419957214312604,0
0.0053284474407175675, -0.02011867235934471,0
-0.030645363816384743, 0.007602214672741657,0
-0.0010970727321726035, -0.014182484915735497,0
0.0028677898755092956, -0.017919086471286493,0
-0.006773411520415372, -0.011259889223348729,0
-0.02160739629988842, 0.003677231196924722,0
-0.02480457489612042, 0.003713369777368664,0
-0.027293353172244912, 0.005663256986920531,0
0.01119355798478131, -0.02399277430661247,0
-0.01643390753515777, -0.00279577297043014,0
-0.028877043016544156, 0.005807724331294266,0
-0.021300500194692432, 0.0015413914987796023,0
-0.022771753016625523, 0.002391713617840273,0
-0.009922456983724869, -0.007268150634267427,0
-0.001039376384939693, -0.014947237618164938,0
-0.003607811424765326, -0.013338940022766458,0
-0.009726417079733816, -0.006976023743099954,0
0.003157721944596761, -0.016791455485335026,0
0.003665339141585271, -0.019259503080381112,0
-0.007058951739426222, -0.009889603325669967,0
0.001975070472755298, -0.017152689199448238,0
0.009923981145133596, -0.02321284738653348,0
-0.053142326858985046, 0.023741723389890088,0
-0.03539618851203894, 0.01201450194979815,0
-0.005266906602508068, -0.010948065839419535,0
-0.02768149129130065, 0.0059955139116032305,0
-0.020589910054218077, 0.001569583512496006,0
-0.02319489238207399, 0.0036172304470972055,0
0.024522112782472755, -0.034272188688214036,0
-0.020183071207688082, 0.0013469598669484668,0
-0.026465083737012268, 0.004953193744580454,0
-0.013999937552310666, -0.004492476168651131,0
-0.008961324202531923, -0.00952248171761812,0
-0.02821379798913784, 0.006556184350895485,0
-0.022217918470163453, 0.001712973226361431,0
-0.02811182699917935, 0.00648735545089468,0
-0.020363076152196225, 0.0003811625973925336,0
-0.030185368929907995, 0.0073285235380179375,0
-0.0016493373373054404, -0.014445889092527706,0
0.0027545218450840785, -0.015478133867079582,0
-1.516684882555742e-07, -0.015239138387270559,0
-0.02487689983898812, 0.004618769256135435,0
-0.03337297118135885, 0.008768526653955673,0
-0.0053650949735985646, -0.011488719205900591,0
-0.00554323708353421, -0.009241513759903959,0
-0.01861739894044137, -0.0013259746645578826,0
0.00571410647563958, -0.019537435238951784,0
0.0027545218450840785, -0.015478133867079582,0
-0.03560379008255729, 0.011151786996523963,0
-0.050546925821815705, 0.02311151157343583,0
-0.008645922173190282, -0.006627753339258379,0
-0.018835412100770103, -0.0006934523313238037,0
-0.042978133227915605, 0.016873779033043757,0
-0.003246431034273519, -0.013122268606515466,0
-0.03132979287569566, 0.0097842412719285,0
0.0064338510078198454, -0.021051776892365374,0
-0.014559353485041563, -0.0030253670648925147,0
-0.033025075268914995, 0.009583029566702352,0
-0.03176748742944613, 0.008447323967450019,0
-0.009523405810903355, -0.008877651687146111,0
-0.008027607579870984, -0.009181414420517597,0
-0.015267610881102548, -0.003742939271134631,0
-0.02605665759757833, 0.004545820469629357,0
0.00026746786353998016, -0.0166171359507398,0
-0.03890736114760165, 0.013680415323474613,0
-0.013722688754876679, -0.004087337124930535,0
0.023113711034640494, -0.03406327789470166,0
-0.020410864055144286, 0.0006843781501100243,0
0.039456655069246796, -0.050043213080129975,0
-0.018094567798302767, -0.001687472147086881,0
-0.016741696115787703, -0.003152454286490266,0
-0.012420750881891488, -0.007458470481176688,0
-0.033684936756549155, 0.010409377220445205,0
-0.011294886512561835, -0.006587038081206461,0
-0.018986484544376667, -0.0006711369288158941,0
-0.0016593895334001537, -0.014322547352681568,0
-0.005586766732294839, -0.01117110967663461,0
0.013257714666133437, -0.02677060947621004,0
-0.029388438037611, 0.0073899245738369285,0
-0.026964552525312414, 0.004970202163019838,0
-0.0009400843803138967, -0.011077859451583325,0
0.019535196669335182, -0.03123277733655673,0
-0.005231969250552633, -0.010552956755224453,0
-0.00744784430072087, -0.009611139125273428,0
0.0021345424292847645, -0.01689629057079993,0
1.1617575926108284e-05, -0.01523571190495136,0
-0.021645068680584918, 0.0022605910326731937,0
-0.002244740261046426, -0.013632062232017714,0
-0.0008881185797827674, -0.014538399629586448,0
-0.01097396368482714, -0.007690578175105399,0
-0.029278050749889966, 0.006635735032215255,0
0.005897212562953536, -0.018209014947087186,0
-0.013366181045426157, -0.003927529695177343,0
-0.02820661872471688, 0.005781244714337563,0
-0.025032666191357564, 0.00401164633707007,0
0.012917680828507439, -0.02757276286128291,0
-0.011684512694373124, -0.004613826967043652,0
-0.03003415268056865, 0.007346368138670767,0
-0.005586766732294839, -0.01117110967663461,0
0.022348919437494546, -0.034177722385985175,0
-0.020908417168314746, 0.0023237506505322724,0
-0.002126112545800683, -0.013760007980930685,0
-0.01285791405113641, -0.005941621865386129,0
0.0038138021419073555, -0.01705986046601171,0
-0.0022868887424351563, -0.013561328559839821,0
0.02731368228918717, -0.037648779781029894,0
-0.0011542213139286062, -0.014450169961468955,0
-0.024360338775144937, 0.0029074862977610276,0
-0.004291684432890074, -0.011811834908818316,0
-0.019284537084916405, 0.00016443664220240221,0
-0.010070516821135937, -0.007648369360042988,0
-0.025089688102568765, 0.004774129133840108,0
0.024729535595535975, -0.03548337363514839,0
-0.022775723658189407, 0.0032367080993242698,0
-0.01032931006494131, -0.005886847937110588,0
-0.013683786361850633, -0.003320948593769822,0
-0.0198378751938809, -0.00034236232294911507,0
-0.01768814459100626, -0.0020023991896152378,0
-0.01079623310620026, -0.007268199749421302,0
0.01205699846618308, -0.024188551967945286,0
0.02593420438916322, -0.036940463084286494,0
-0.01973360155343316, 0.00044846039037341195,0
-0.03493155223669314, 0.011317964554522615,0
-0.0209095935331428, 0.0011820302737069756,0
-0.02293161875877832, 0.0013022666421314893,0
0.011158491295211223, -0.025378064874099684,0
0.00276654587893508, -0.017150341776446712,0
-0.007387939230747465, -0.007386518266941956,0
-0.03253455504073738, 0.009021598788579006,0
-0.01249332241239999, -0.005430392098490258,0
-0.03586144355117359, 0.011606783375491776,0
0.022543401680008898, -0.03368185090228902,0
-0.022460422196712914, 0.001446400396602027,0
-0.030093074093175413, 0.007277104230839822,0
-0.03425718240923668, 0.009987753734466353,0
-0.03239794298742502, 0.010014534147016254,0
-0.0216197678978002, 0.0015826186664317224,0
-0.005298120392536462, -0.010771599258564973,0
-0.002244740261046426, -0.013632062232017714,0
-0.002111802482519105, -0.013517108627319236,0
-0.05401300358954138, 0.02568092128169607,0
7.861937942991213e-05, -0.01592783470110693,0
-0.01804364020290953, -0.0012440451033875503,0
-0.004510441535005372, -0.01142125225243655,0
0.005609131941127451, -0.020807194365371415,0
0.02335649201545442, -0.033374307775200236,0
-0.023220348533380064, 0.003869598763929488,0
-0.003946593304735777, -0.012275269311875822,0
0.0027252775671874575, -0.01684788282870645,0
0.01962893145835358, -0.032218078264496346,0
-0.004582466720374751, -0.010685075671751691,0
-0.033127439177857806, 0.00957260783003005,0
-0.014869043150426652, -0.0035394364234622652,0
-0.03463466166178004, 0.010403103816747345,0
-0.027346307329013803, 0.006601161397531789,0
-0.019773156782288772, -0.0007955966731189922,0
-0.018597916199601928, -0.0024952923778066116,0
-0.0038412193152177524, -0.012248984702912998,0
0.02993297638946449, -0.038320643409255034,0
0.02118496715758863, -0.033985470073902256,0
0.001179007884823872, -0.01517430254777162,0
-0.017919495928836824, -0.00016276996445452948,0
-0.02666510682195353, 0.005909659703459322,0
-0.006620437055550879, -0.01035476423097347,0
0.024714449873975027, -0.03467304116186013,0
-0.012420750881891488, -0.007458470481176688,0
-0.03128583437923646, 0.008590496236540419,0
-0.006804137567139315, -0.009266079439301338,0
-0.006140914591896462, -0.009339416178041472,0
-0.002614708336989417, -0.013517990359944334,0
-0.023846664978326878, 0.0020767231187057743,0
-0.027557198535921205, 0.007352451825784564,0
-0.05319152533709135, 0.02456679417725716,0
-0.019798928544569338, -6.346653003850487e-05,0
-0.01799683789692793, -0.0010988925632214874,0
-0.008567952224354553, -0.008775465680452094,0
-0.001008161787941408, -0.014259996340776574,0
-0.013524550620806, -0.00312234521590726,0
0.008501453447772036, -0.02285494092330138,0
0.004008264607781526, -0.018834384012645655,0
0.02449606218755731, -0.03526178023939264,0
-0.009845089789397602, -0.006739657136435096,0
-0.020334589829411623, 0.0012575352566038028,0
0.015415834841633032, -0.02790720479577552,0
-0.01221259929002145, -0.005244408810232314,0
-0.001167405887570972, -0.013594669715107512,0
-0.010583159471370448, -0.006480043673509468,0
-0.01896685582408049, -0.00020655085392370449,0
-0.03452685975278249, 0.011317580078664968,0
0.0024855645515408156, -0.017068435201801006,0
0.017237403464601456, -0.02673132303824203,0
-0.015671832297837557, -0.0025604290462483367,0
-0.009135474313515071, -0.008820213452572103,0
-0.018609571466063464, -0.000965715621801794,0
-0.02797949896520764, 0.007899416081439122,0
-0.024946497651776096, 0.0032592168852351895,0
0.0032300296106277295, -0.017556614748586257,0
-0.010808870354978135, -0.006875657167145509,0
-0.010839978758377944, -0.0034037911875209456,0
-0.03169552881764029, 0.009244353287538164,0
0.005402873934415467, -0.019820367579686346,0
-4.3328095108712466e-05, -0.014882681242247559,0
-0.006565919033042549, -0.010882836136871242,0
0.00021770658404845434, -0.015821884182167616,0
0.02285215077000923, -0.034815955602885404,0
-0.024135096340599037, 0.002438562522904847,0
-0.0216197678978002, 0.0015826186664317224,0
0.012859049487991126, -0.027626006073397526,0
-0.029873925597634146, 0.007644723926792595,0
0.011112851190247932, -0.022637778726289425,0
-0.014930891638952394, -0.0034014054220329673,0
0.0009237575933817045, -0.016442939864551042,0
0.016536773836913446, -0.028491754572896686,0
0.010956489676538655, -0.024991547161145815,0
-0.01864274099921646, -0.00019642282769917338,0
-0.008182199733199084, -0.008483660534955915,0
0.002843212548952934, -0.01713572204404307,0
-0.016837708835392137, -0.0025284042063604016,0
-0.011292292586044077, -0.003315275990438515,0
-0.020967668967448855, 0.0006942094307867003,0
-0.026666411909980037, 0.005487201950063552,0
0.008665100620792267, -0.021028379458728524,0
-0.006976752066875244, -0.007594613680430341,0
0.01888970261852903, -0.029837511531074883,0
0.008705243151811443, -0.02071827072643558,0
-0.02429349410136878, 0.003912287995546088,0
-0.003237412689440431, -0.013294861040124725,0
-0.012164758519952037, -0.005852620864275422,0
-0.015807627499510556, -0.003333690623065635,0
-0.008943882948659335, -0.007534881425882938,0
-0.018083148892248668, -0.002468799824065603,0
0.0005219494643181092, -0.015744665130094766,0
-0.016886421374322717, -0.0013521410867715327,0
0.021610423725039265, -0.0330221550459624,0
-0.014561405816137551, -0.0030810915756611735,0
0.00466645068290863, -0.019257789800866735,0
-0.025412231830333844, 0.005923063285493272,0
0.017367682551774018, -0.030446009804119607,0
-0.008383035867896465, -0.008880605358481224,0
-0.013639179711346743, -0.004652029170634063,0
-0.02023852591802918, -0.0006070709975767532,0
-0.034428922539500265, 0.010537271029388923,0
0.017515633877090417, -0.027671671406103618,0
-0.052721265161609444, 0.023397522447111935,0
-0.005271091772300968, -0.01103889793822478,0
-0.025809089239869753, 0.004340780378797815,0
-0.002387818408644546, -0.013392904479788392,0
0.015230013350410616, -0.02600520363028085,0
0.003196136923127414, -0.017884909714530054,0
0.022233752118299595, -0.033830369019536004,0
-0.027976211003652916, 0.006052963526627668,0
-0.021762162197304157, 0.002068484146267442,0
0.020110091588706015, -0.03232493057215791,0
-0.0012005275217348772, -0.013736996774632072,0
-0.020696064774812416, 0.0005717964552806453,0
-0.001281079431201261, -0.014551359456766319,0
-0.013615171815902802, -0.0045240174231626325,0
-0.05785759254795329, 0.029087248716849666,0
0.018597351910353093, -0.03106108858823768,0
-0.010518600437612047, -0.006231720697234509,0
-0.023389025649461652, 0.002334761026985059,0
-0.0020041708180466543, -0.014218950100526559,0
-0.025993692266259076, 0.003961423594803161,0
-0.0209395656290686, 0.00020454590761438964,0
-0.0013864788899323075, -0.015068665728075385,0
-0.02872135800120124, 0.005514401095628912,0
0.0022550026275489376, -0.01708166896839894,0
-0.01521019191520158, -0.004609954730022091,0
-0.021718956107528675, 0.00010702121948248024,0
-0.021821902912844852, 0.0020223585372356307,0
-0.008091822049510776, -0.009453787618484488,0
-0.02142666213940903, 0.0018864372101186461,0
-0.00023833389629590866, -0.015063736285772915,0
-0.021240750669479194, 0.0022484477043100025,0
-0.0359214276261597, 0.011230418143228359,0
0.003307448188526487, -0.017808934746346993,0
0.01129808673961694, -0.023133058928420686,0
0.02718899935127643, -0.03644791351072602,0
-0.041114268397059076, 0.015788347351943826,0
0.0001787227594832238, -0.013897062875788256,0
-0.0016593549036303097, -0.014745149299235137,0
-0.001318059197806137, -0.013964982862997738,0
-0.01250693155285155, -0.004258117260667078,0
-0.01520986281454485, -0.0033586523222416576,0
-0.013509557958476996, -0.0052695077443586725,0
-0.0030639405820963063, -0.013492417496479487,0
-0.03296287286949104, 0.010445827169664048,0
-0.02232273519059139, 0.0026995629223642305,0
-0.023658235693393582, 0.0034656015444089684,0
-0.020299148689327105, 0.000469330037028189,0
-0.012344371575698669, -0.005807932374479309,0
-0.01704646567884396, -0.0025426761205058104,0
-0.0052577184879174154, -0.010829743220223172,0
-0.030998283904272457, 0.00866711347544614,0
-0.02597142574500629, 0.0030067235544817823,0
-0.0333660047200728, 0.009437542407028078,0
-0.002998538716688617, -0.012963866820657585,0
-0.0003566713245105953, -0.016333558007648602,0
0.008894069605860623, -0.023666487109534156,0
0.0027545218450840785, -0.015478133867079582,0
0.022956079383035358, -0.03404683776804662,0
-0.008296765096428035, -0.008391317749357603,0
-0.024797670947612857, 0.003819047659418552,0
-0.002922265330781996, -0.014582399662304502,0
-0.010144405853690428, -0.006588327124102364,0
0.011043372561837364, -0.02338494933050789,0
-0.016362896408572872, -0.0007099985025986266,0
-0.021300500194692432, 0.0015413914987796023,0
-0.0038064831078573514, -0.01141079310126534,0
-0.04955695225922802, 0.021833604129822822,0
-0.01065365611157695, -0.006633076120103649,0
-0.023994628603450686, 0.003766486162543571,0
-0.01596896791553229, -0.002634717661187867,0
-0.023197736900197344, 0.002761945583438439,0
-0.011220428686079139, -0.006889900166207422,0
-0.01897577098099998, -0.0018063951241460612,0
-0.006220979042246114, -0.008491489757074125,0
-0.04708698384180503, 0.019630121502112387,0
-0.006424181942416446, -0.009634753829121425,0
-0.02212067546803492, 0.00233551753080057,0
-0.029660660577110514, 0.006775902107758208,0
-0.0006566326214397959, -0.015448456303988972,0
-0.027776567402174962, 0.006168559329583464,0
-0.017560584891143607, -0.0008582004198088589,0
0.020221999373528383, -0.03180726784531975,0
-0.020749521577387603, 0.0009892623481915501,0
0.019627967832117295, -0.031203552742550114,0
-0.015597770147187117, -0.00384150153891301,0
-0.0413114929742048, 0.01602253986696938,0
0.015454455829389986, -0.026463031375133807,0
-0.014949542438811077, -0.003597803608182561,0
0.026328014832634163, -0.03591872940955313,0
-0.00279812699838097, -0.012947193119174343,0
-0.023680819299233484, 0.0038347366396020628,0
-0.014062211989804355, -0.0055593113652667794,0
-3.8603523624489034e-05, -0.015514708373347575,0
-0.00044863770064643973, -0.015070718087631491,0
-0.02329619792962409, 0.0023254048078634186,0
0.0033157273461440376, -0.018804206602782654,0
-0.004523647306189797, -0.011685662265346335,0
0.022181224619412448, -0.034002937966556276,0
-0.004666939250720614, -0.011155754818193761,0
-0.025378009178604506, 0.004128818608181519,0
-0.020661671800405273, 0.00012659436644675207,0
-0.0010037456296166953, -0.012779865632079418,0
-0.031794927251382485, 0.008469962944466627,0
-0.057982581309183295, 0.02821230069039951,0
-0.05391522127231935, 0.02682135788349561,0
0.011955596231448868, -0.024889569888530985,0
-0.009518973968636255, -0.0071329706965520875,0
-0.00017531451833002252, -0.014510950278254055,0
0.023375457580448875, -0.03409620135506982,0
-0.024572637964879802, 0.003220071097758102,0
-0.028149804104498615, 0.005651842545280708,0
-0.019432103917282666, 0.00019268871846539067,0
0.01872092306938132, -0.030468442423818572,0
-0.014237577717819668, -0.004178195174174177,0
0.007047483970722966, -0.02165202352892622,0
-0.012639783383739712, -0.0036940231434963743,0
0.003642157051076802, -0.01865999467819142,0
0.0007858547030652203, -0.016756451398453116,0
-0.0378182011891623, 0.013851375438428383,0
-0.05075434299769359, 0.02325124324370205,0
-0.020299148689327105, 0.000469330037028189,0
-0.022640377357811717, 0.0003191433563400617,0
-0.011121740832839828, -0.0074676124124554615,0
0.002465495776195132, -0.017481610638399946,0
-0.024753852972435035, 0.0024201151713687187,0
-0.012147021226935938, -0.005646616329610319,0
-0.007388741640459356, -0.008962650469783924,0
0.00237217567086195, -0.016257217391155175,0
0.005497048287461493, -0.018990502625869727,0
-0.031320703002751554, 0.009026483748668445,0
-0.01593486674954747, -0.001090305765357586,0
-0.0185375420661328, 0.0002713295061340124,0
-0.03136904722481736, 0.009055963880980712,0
-0.014925589168934182, -0.004994921138318584,0
-0.058484533369162206, 0.02946056837813886,0
-0.003946593304735777, -0.012275269311875822,0
-0.019996651575044273, -0.00039745233258631685,0
-0.05174694729922436, 0.024113715402540505,0
-0.055868087431621784, 0.02789495520450784,0
-0.005129030433135175, -0.011053140708456012,0
-0.008961324202531923, -0.00952248171761812,0
0.004296246679069416, -0.0188854711638856,0
-0.035536798681770135, 0.012000861305754664,0
0.023424817899199847, -0.03502365000538808,0
-0.03496264543684761, 0.011290778346063925,0
-0.016257184630515117, -0.003615590315626699,0
-0.030891627000644094, 0.008574026568145914,0
-0.012529959206819067, -0.004480135360781082,0
-0.006437892981870805, -0.01071111748119667,0
-0.02895015066418079, 0.0066100218248240855,0
-0.017919707669131965, -0.0002378286960148612,0
-0.020270126865673244, 0.0002543499071057936,0
-0.013341226175490311, -0.004237716252171965,0
0.024049494578394004, -0.03607429519965913,0
0.0343019493822114, -0.04257732433918052,0
-0.013484957930486208, -0.00440710273083623,0
-0.008650204470584014, -0.0060393967037750355,0
0.014791681597573046, -0.026241686317045154,0
-0.01274696380805521, -0.00480790303100469,0
0.005987610532368793, -0.020159780646431865,0
-0.03484821188542041, 0.010575358160179947,0
0.012915299784122503, -0.024126039985084703,0
-0.02153805317294018, 0.0016372104137818383,0
0.002064855110973242, -0.018093348980208094,0
-0.014397254570859847, -0.0032720027490309033,0
-0.014429217559361548, -0.003406807700908667,0
-0.034179226445064374, 0.011099859544469315,0
-0.015198746304594812, -0.002600814925722029,0
0.024243210956025805, -0.03564944852211105,0
-0.012040058477401106, -0.005916936496718408,0
-0.022308333219512533, 0.0029878804469859093,0
0.025173870969811878, -0.035013697635713326,0
-0.021431439873835712, 0.00026196327420023775,0
-0.0047040775279657875, -0.010885646698195181,0
-0.008916916642241883, -0.007907674311096497,0
-0.007678743094496087, -0.009199632517102981,0
0.01943786858928325, -0.02886705990864068,0
-0.012878318314572113, -0.006096741553756849,0
-0.0003931736342031332, -0.015397150936052862,0
-0.006301926465736704, -0.010436240492245676,0
-0.02206554579722762, 0.0012412443822068728,0
0.015911407367736146, -0.02865486873263499,0
-0.023761117264974707, 0.0029044563869714546,0
0.010573680281321223, -0.023604173793782667,0
0.002280543465673256, -0.01813927236813476,0
-0.010967394727304163, -0.007837726605084527,0
-0.010361299343366843, -0.0033059674816893494,0
-0.008356172219116364, -0.009252301863148467,0
0.024068413071216585, -0.03403332527152918,0
-0.02255737167852722, 0.0010679175645197643,0
-0.008039635996953103, -0.008912014167613098,0
-0.019091382970985903, 0.0010651435638497895,0
-0.030753961195169384, 0.007678904697887593,0
-0.00485795298408021, -0.011262515273445689,0
0.004155551448785662, -0.02001897711131314,0
-0.015375075090321374, -0.0029608619735107203,0
-0.03440155755239982, 0.009921090784547091,0
-0.012250886341327013, -0.005466820465770084,0
-0.01187034370755676, -0.006658074771283605,0
-0.018686196831716087, -0.0007626749528229693,0
-0.005926355517218069, -0.010402091238950474,0
0.0038541669069976406, -0.01814597146250131,0
-0.02866279929176891, 0.0065826592408337915,0
-0.036451118665960125, 0.012037466601340795,0
3.108679275748316e-05, -0.0150641920812348,0
0.002123479167454597, -0.015610124968783383,0
0.01927174921305062, -0.02947546216807795,0
-0.0043243514636165555, -0.011962273359940035,0
-0.02987345020842725, 0.00664222282868425,0
-0.01737419421024037, -0.0023066561368690814,0
-0.03073194901625488, 0.008134512974599826,0
-0.005757701419325056, -0.008897611614707516,0
-0.01804364020290953, -0.0012440451033875503,0
-0.009794840023622861, -0.006838565152202452,0
-0.007915363552458768, -0.009182864819348562,0
-0.03209050838156038, 0.009076819989535407,0
0.003965328318251382, -0.0187148034105165,0
-0.02453942766688267, 0.002223426569482847,0
0.02673787136119722, -0.037694131651375085,0
-0.01652988850362319, -0.0030140895781825155,0
-0.015226561336520339, -0.0047188376891748535,0
0.02344309533749308, -0.03533878511215521,0
0.02035453358796258, -0.03231870310003886,0
-0.0023763954612229152, -0.013631371673197635,0
0.0009988693050930627, -0.015399202397328105,0
-0.032485258773233924, 0.009215236231014643,0
-0.03169879211705911, 0.008249155363036755,0
0.0033287849952890816, -0.0172830661452611,0
-0.026330241240605304, 0.005514036647419413,0
-0.028120900363402975, 0.007277146629323807,0
-0.021404694536122152, 0.0040296898790688155,0
-0.01255059099183012, -0.005943112514851764,0
0.00199493691316563, -0.01677228979723533,0
-0.029095242269286836, 0.006438035782086471,0
-0.012420750881891488, -0.007458470481176688,0
-0.002156486557615429, -0.012826469505396511,0
0.011865536284096706, -0.025162302903260412,0
0.02804627247881196, -0.03750376694328043,0
-0.003946593304735777, -0.012275269311875822,0
-0.026011310718163178, 0.004100161951659848,0
-0.011487487807269204, -0.006237326520584805,0
-0.007854210560397205, -0.009333532142062166,0
0.0034046375972446455, -0.017704284378980042,0
-0.010122340478429534, -0.008432446651285654,0
-0.028703644293502976, 0.007384046634903551,0
-0.020659327679600523, -9.933385043393689e-05,0
-0.028196122682865768, 0.006013600795201356,0
-0.030715987449894986, 0.008457308835231193,0
-0.006721918561748758, -0.009363583988834533,0
0.014909959932335999, -0.025959421896448485,0
-0.024847184918925656, 0.003994995690150186,0
-0.0007817043799461672, -0.01415834067349543,0
-0.030150631996912737, 0.00816454496478417,0
0.004508743610928358, -0.019000504164824523,0
-0.03578313595105304, 0.011939124932578626,0
0.01117534965418131, -0.024993309286154362,0
-0.022134943270139363, 0.002170885806447331,0
-0.010466596452607085, -0.005463327532829233,0
0.0037243467815361755, -0.017660252178686532,0
-0.004355960826252956, -0.01132363156639768,0
0.02962582182274458, -0.03889370900037748,0
-0.014310142211486332, -0.003093705793714233,0
0.02929157386885941, -0.039468726220594774,0
-0.030160998574726126, 0.007676911951316176,0
-0.038408916261026674, 0.013834365113222155,0
0.022657418650371332, -0.03396505193783325,0
0.002187738019087482, -0.017938735709461612,0
-0.011746358413290284, -0.005027375383912446,0
-0.015920606115061384, -0.003725581902607825,0
-0.0010522301563623162, -0.014390524567707478,0
0.022974539850639696, -0.034376267031085705,0
-0.05422047462525578, 0.02511609223081505,0
0.003923604819198624, -0.018217356239216918,0
-0.004791974573700385, -0.012478177328569165,0
0.010262730492698333, -0.023877309720725395,0
-0.011962528853414504, -0.005546974708047828,0
0.010308550264189713, -0.02162808187771793,0
0.022521204536086404, -0.032835236153552654,0
-0.030904794696783984, 0.008364462036348481,0
0.009440627355319928, -0.022150416742416964,0
-0.012191007247148371, -0.004828110737478759,0
0.00953725255109802, -0.022925807085694618,0
-0.0058678666759111155, -0.01033998282212535,0
-0.01591013675318291, -0.002901316891449472,0
-0.03954218319755004, 0.014893786926729298,0
-0.012420750881891488, -0.007458470481176688,0
-0.008892529455582372, -0.008296095297256475,0
-0.00018906613421032942, -0.015217436326425896,0
0.002994528288027533, -0.014286343271850462,0
-0.025437708279407886, 0.00416613642152064,0
0.021922514743871437, -0.033831491419455934,0
-0.007904105753375973, -0.00980444075424113,0
-0.018270831735530162, -0.0003755183357418675,0
0.009414131685613133, -0.022052440002332908,0
-0.010697639773623454, -0.004673799362115622,0
0.010884414113083912, -0.02338794475123405,0
0.006460758597222868, -0.01975648228562849,0
-0.0001067901775252473, -0.015180371250623978,0
-0.029790954223819936, 0.007663323575338278,0
-0.022601050716240707, 0.0023639763137519223,0
0.017378208410936742, -0.0283629994834225,0
-0.05404164250378616, 0.02646839734091532,0
-0.012500066005491984, -0.005699815986164358,0
-0.015403064304558027, -0.002313578376431459,0
-0.007495533109592642, -0.008954857108201144,0
-0.016268457074854394, -0.0019035022021316821,0
0.02539140930211568, -0.03285382861803508,0
-0.028813818108713453, 0.0068700467027308625,0
-0.018695033120623483, 0.0003931779738626459,0
-0.0026692577119664437, -0.013987238650676376,0
-0.012657229733624238, -0.005195803007164529,0
-0.02722624739102807, 0.006202024959987223,0
-0.0018446801586706125, -0.015026661819945535,0
-0.026634510600123493, 0.005557502206023491,0
0.024468735809902754, -0.03513040752593405,0
-0.027557175342290144, 0.0055535644307891634,0
-0.023290544244540475, 0.0032963650540218706,0
0.02589588693471621, -0.03731138639575332,0
-0.02511347617689375, 0.0044155812167867535,0
0.02202978160158358, -0.03369309686622244,0
-0.014505133369235961, -0.0030031047752601746,0
-0.05569516117674125, 0.028311483854346908,0
-0.013807590336764394, -0.004977446927598837,0
-0.01532536264725, -0.003558286634683905,0
-0.030593440384234425, 0.0072625564081774865,0
-0.0007715346943638988, -0.014467213812185124,0
-0.05085412405663712, 0.02207704892675111,0
-0.025441871527700083, 0.004260208269394284,0
0.021652478655537856, -0.03391825122645963,0
-0.004905500878657107, -0.010290876073142809,0
0.01683235385037629, -0.027501390861624654,0
0.0027587309373047005, -0.017796290440023437,0
-0.01958693447495154, 0.0014171157894598456,0
-0.009149291184548644, -0.007804386340026193,0
-0.03563208840171502, 0.011592009979603638,0
0.003445419134796184, -0.017862070540395472,0
-0.02543941754439897, 0.0034854100166282955,0
0.010759835006065293, -0.02375974677300761,0
0.004550764290906288, -0.019319767542704706,0
-0.009109308190629524, -0.007386949567449313,0
-0.015411199935248284, -0.001609420555851646,0
-0.00048476743019214047, -0.015801903342321906,0
0.0011657017415658067, -0.016598101217027966,0
-0.04328247085410226, 0.017006979654556904,0
-0.024224260957153982, 0.0032407279244880873,0
-0.0017584523870169744, -0.014601028638908794,0
