20.18107637380144, -14.402628085885105,1
16.924415208178228, -13.615746974667632,1
-7.94710960821607, -16.240939787526944,1
22.173142732167214, -12.302547266509407,1
9.802912455207792, -11.766421268870625,1
-1.3025101233111078, -13.142354013968323,1
-2.362102840639851, -16.17650454332276,1
-2.2060013950681943, 5.365268007585506,1
-5.425324278854463, -13.602366724084586,1
-6.85153186997912, 2.7632712270195663,1
-9.396969498659619, -14.205807851653509,1
2.8261959136642245, -23.73104719121823,1
21.604622914568026, -11.70005088258015,1
15.524451503245034, -13.66573803515907,1
3.3906539494592267, -10.97928079983142,1
-0.47677873050739805, 6.3646837145052455,1
5.6604006225476, -16.500068389223486,1
-6.851808676848147, -9.000034729990574,1
18.7925048017874, -14.219647816649417,1
21.511332423827156, -14.049505860636536,1
41.23518686425615, -12.179411315796399,1
21.25141425353504, -12.768450889491652,1
-5.667879571759047, -1.9200821774458163,1
16.83112339492823, -10.871402278932278,1
6.118434473928888, 11.170290693589578,1
21.367944648505915, -12.534795826718677,1
-10.638755437052376, 0.8417065668734227,1
7.608630047983519, -13.449629184398143,1
7.555911518237236, -14.010931112667537,1
7.518460081265135, -13.818642533279226,1
19.30735758961143, -12.982315301780625,1
20.850440926632064, -9.734909826914823,1
-11.50886407854712, -0.3176819053968423,1
2.669236994350004, -16.11961769012652,1
0.9134060931437985, -11.918111360446716,1
3.230003568143417, -9.543386568570492,1
-7.466954271101111, -15.14661989878768,1
10.81489945552516, -10.870231524394045,1
8.586279985659843, 12.692224149808096,1
19.59633616034814, -11.570053518001606,1
-0.3239997298698175, 7.061339806201369,1
-9.742219585334094, -16.942688712254142,1
-20.35748915560932, -9.67166438392495,1
-9.233315269154177, 1.2936454059496703,1
3.6126636362463214, -18.33257019684982,1
13.00175227562774, -11.622487430247183,1
23.468782557573032, -13.31634237762731,1
8.675368209933568, 12.610035146221879,1
13.397470699670071, -10.722419342720903,1
23.832445606650115, -12.540823752953546,1
16.51975076930831, -10.819902662672943,1
-0.9539392303627544, -15.779393603490304,1
-19.811269474800415, -9.292624043579545,1
-2.267144943713917, 6.1628987358722505,1
1.1045407301160013, -16.583949065931883,1
16.360149622563565, -13.075947479470226,1
20.510560493099156, -13.321665503789335,1
-27.063807553252367, -12.971942011329613,1
25.83197462695594, -9.769911284518779,1
15.278337342898308, -9.741398828480806,1
-13.10219425888062, -14.754205069217727,1
-32.83277947810067, -12.60776040326639,1
5.292684703450943, -15.537958909209955,1
15.921852968553534, -9.715459467936373,1
0.35333662589477516, 7.3431788317332956,1
16.58760274730639, -13.128554034640798,1
-4.19492528502837, 4.737748715714858,1
5.822999070445081, -9.168143711070076,1
33.16449355919925, -13.207267392154876,1
16.911893965644413, -15.609791253075418,1
19.964146598600713, -14.262139277562316,1
3.975707496948146, -8.418188215295478,1
16.26416359231927, -10.89950467693421,1
2.206427819352635, 8.920732610450752,1
4.932994491054701, -17.06448127144034,1
-0.5419845300028165, -16.911358542458363,1
-10.067082658717773, 0.5623611765647023,1
14.7727326732085, -10.37057315904236,1
1.5942071300299137, -16.96233474848483,1
-5.836936777686353, -20.84951464956591,1
6.186453898943431, -15.689563863941054,1
-5.830153035300188, -17.799833479747033,1
20.027912316977346, -9.304872141391565,1
16.575207186139124, -10.402734651454033,1
8.19504021843652, -13.599743999370105,1
-6.785672823245236, -18.159674025360047,1
-0.7213091509230098, -16.35279846296057,1
41.27008576118193, -12.316030837961595,1
18.11909188925193, -14.398862141373048,1
-14.031344865705748, -15.376366084478343,1
4.354422521269406, 10.331694276233087,1
23.173041106421493, -12.481094367184095,1
15.19205436877424, -16.778971810733672,1
10.65564967583038, -8.843058953630246,1
-8.841070171316893, -11.928748311701504,1
-13.25457817186405, -1.1600262431446209,1
28.814730024497987, -16.725348132876363,1
2.5738464250633974, 7.734104234193685,1
1.6742477943202831, -14.93183248373821,1
8.24782574663672, -13.766226523023365,1
3.0549736898472295, -8.461399124068105,1
-4.978409496518938, -10.094777950618752,1
20.558868758271302, -12.92582510144016,1
-7.927226228592657, 1.692413562312652,1
-7.276107781580604, -16.95349515634173,1
16.674443156102196, -13.852206006647883,1
28.790982761113703, -11.2070495899134,1
-26.13113245334122, -10.028456812400146,1
16.91069350049802, -9.870150546502037,1
-14.688876580732922, -15.35785615484889,1
19.13733940633627, -13.138273294930245,1
-12.712432044500725, -0.7602170786584904,1
-19.764615368492883, -4.865385083900348,1
13.093018659734343, -20.15205024877558,1
-27.20434023016829, -13.339210650904999,1
-0.18757474207771038, 6.902269272690474,1
38.65657090546086, -15.811377359986459,1
-16.766585712497665, -11.952681395110035,1
8.501109632383953, -13.336416102063273,1
2.198006770231328, -15.23261872757856,1
30.787767161716033, -10.481170873828997,1
17.03510331746662, -12.652681292240905,1
4.051509331453865, -14.706605499463729,1
-11.135366597899326, -12.019960354441729,1
13.36406430681173, -8.96320587629292,1
-1.4820968747053502, 6.043957343999149,1
40.70943918210308, -11.939500138797202,1
-8.789885887850822, 1.350050084067291,1
-15.073415089995125, -13.067473767186073,1
8.977984677134598, -9.972343627401603,1
13.849335631980587, -11.063032660753437,1
-5.163682423605446, -17.38741505693398,1
3.685924334921417, 9.656419620843987,1
1.0025048402824286, -11.542259371405441,1
1.5507954622921676, -12.15702820554012,1
0.23170700219484125, -7.888432538120232,1
13.011238760498493, -12.476480644427415,1
47.55361881309448, -14.212928891287579,1
-0.26422653661687934, -14.615868532541118,1
-8.405996858284626, -14.403488384393132,1
18.153321621151537, -13.25268896115522,1
17.233643889798884, -14.930192530674056,1
-5.19356083208874, 3.7647772381020332,1
0.3185619004633132, 6.432561324282283,1
-0.3303193554644924, 6.0558102397145275,1
-8.298046636072854, -15.730490147401342,1
3.704717865765571, -9.153628456556024,1
18.18175435844129, -17.225623498125156,1
8.492086796904704, -13.794496440426848,1
5.093576131118471, -9.835380740760076,1
-0.14978136019162047, -14.712495522347764,1
7.928125337709705, -10.380603077531404,1
19.61568799291979, -13.358210287727843,1
-34.24620263481495, -13.096211564491842,1
-15.155188406763337, -16.231991497241378,1
15.049937006253833, -16.715024945881474,1
21.315145175460334, -10.456974793556245,1
6.776113139635964, -15.06992042357626,1
11.990034746988831, -12.47401744823356,1
9.539672969973429, -15.039576699680513,1
0.6439150819726556, 7.993961349203442,1
9.438842738399204, -15.046435050720648,1
17.709331590169157, -16.61131166281741,1
4.0216648974808535, -14.114129831137143,1
2.233609728806039, -15.010468362982847,1
18.952955354851145, -14.036191024222012,1
12.291799062080933, -8.811017760760317,1
-28.081008778923962, -13.560403909171683,1
18.841589958801272, -12.867130577740728,1
-7.353772190435168, 2.6219412278282297,1
-4.44301761314537, 4.642844308829012,1
3.021782978582669, -10.746485380511906,1
40.81647057531873, -12.020079715398078,1
41.818432712390155, -14.0890977501017,1
21.032381177594775, -8.866728954611856,1
-21.841142376417224, -17.26086062351575,1
-0.8623575697359821, -18.941814837561985,1
10.017970707745704, -10.521290123739842,1
23.53930573732774, -14.415992980778773,1
0.36316430867538285, -9.04049491521713,1
31.54813702062993, -12.820774488744183,1
-13.304870147397645, -0.9672124050317249,1
-10.919657621311217, 0.4510592426555633,1
1.0451477033960608, 6.69661575264209,1
3.7254390114007743, -9.393458872880705,1
21.286797548646053, -7.086820969829803,1
21.984017245005163, -17.152137943887613,1
4.704159288606654, -13.690241335480673,1
31.646362393857945, -10.57345321167275,1
14.0962506810784, -21.096479710006786,1
16.504808703677977, -10.40603510956231,1
43.404453587092874, -13.153090239158878,1
18.585791396112494, -16.172706991402368,1
26.643896630913492, -12.880983745609118,1
24.804654719471944, -17.788439929671085,1
-26.949601726323987, -12.874318736429503,1
8.791059666885143, 12.833914118899509,1
15.315246576230384, -9.142860355532797,1
3.1444988549692376, -18.46016133681278,1
16.23470155069317, -8.947109506868747,1
41.051736792582304, -12.29436404233648,1
-11.428329287738658, -17.685155906289385,1
21.10462731216778, -11.63195153670041,1
18.94651715243998, -12.619723934949537,1
-7.765778229761083, -13.302217943122754,1
26.94537239117996, -16.147137250629665,1
12.81640630466634, -12.253735033361417,1
8.996493814313192, -9.699844568864176,1
4.892468511750693, -10.243839570177673,1
20.791540519863354, -14.228397441977002,1
-12.175939910500462, -17.02274266660717,1
-2.4353064055167226, -5.942804378301825,1
12.439937050746874, -10.106525391250452,1
17.785821675054567, -16.577781297519483,1
-12.154043271559859, -13.462963884687072,1
16.334553323313468, -13.312617475489692,1
18.433626535800155, -11.655690541071587,1
-6.739142826728537, 2.861841352694073,1
2.992940085883569, -8.535672889060516,1
12.26558699759155, -14.017461687404307,1
2.7511088171228666, -8.779505007520605,1
2.972703857403424, -16.58293901254507,1
0.8307702883546544, 6.8723680276531365,1
41.157184861401795, -12.277329725626839,1
-6.271616143520002, -20.46878970792905,1
16.36676011737781, -9.60570693313228,1
6.2487521981826974, -16.37586863215735,1
-11.317306804811091, 0.03709136289129146,1
2.8732759219391326, -11.072227212307906,1
-1.2483225314905928, 6.912955924324716,1
16.44028768700068, -10.705170500478713,1
-3.4984312772156594, -13.623307585643191,1
-17.46406384537917, -13.364357154765198,1
16.170282242987373, -13.915253231981046,1
-34.41009470218544, -13.112616383916627,1
17.390416254981016, -8.905386902745823,1
19.537685830872565, -12.987903128821404,1
2.438447393234903, 7.815672140610442,1
17.372853594681796, -19.866929487233627,1
18.773772087949123, -10.436345002866124,1
16.413043646846855, -11.067199304217919,1
-5.06092587070074, 3.635865758785878,1
-8.914598268087106, 1.3268338748719974,1
-1.4411466185594834, -16.6348960438851,1
0.28716198030871687, -13.817549365216996,1
21.51170311978139, -9.728067553064093,1
18.127666173770777, -14.06469230973567,1
2.1093988923059306, -9.398512955682914,1
-1.3181350514850931, -8.925000289985936,1
-0.07835726117492797, -16.80396203096687,1
-5.673817549120837, 3.0983200392280827,1
-3.006868039891521, -13.782080435154667,1
-33.739359846266986, -13.153022776771646,1
8.190320252560939, -19.69782258177583,1
-33.98171837033968, -13.225830738882575,1
16.71365623917481, -8.900295288309424,1
-17.796336343154447, -9.371169494383086,1
-23.3723670954438, -7.58430165194859,1
14.17783889988672, -8.407936301051008,1
0.15561806332866682, 7.139282929502336,1
11.324751056239363, -10.444645420260988,1
-17.383823286205907, -12.686288832470558,1
3.916542596871793, 10.104259360477576,1
41.67884585398052, -13.449944060352095,1
-9.843079574223562, -0.07458767241027098,1
-17.386565602342877, -3.8318032548437118,1
-0.2062505293872125, 7.487616354129936,1
17.678506549894344, -14.708246836153378,1
30.758113780662526, -15.049809957925346,1
-5.674012816367783, -2.4635365353550895,1
-13.460233508764402, -1.7653388191314763,1
33.70630853464914, -15.42228782773871,1
-22.71477103137016, -15.12072963622589,1
8.308651292123798, -13.551703964162163,1
-6.0278879560122505, -16.504117309366947,1
11.504514449213136, -21.238172171210874,1
-0.5826954716355525, -12.360306910425708,1
9.89243697733971, -15.05028847076352,1
-34.410094702185454, -13.112616383916619,1
21.699064063672694, -20.108909904803802,1
20.5966512912437, -13.481301575965984,1
-31.98175995638741, -13.480517626720728,1
29.836466544907342, -16.577682115669695,1
21.786136111519447, -12.02642358191784,1
3.5196992824726294, -11.566785002129691,1
29.068797186941254, -14.657569967803918,1
3.379810077036228, -8.237479842984083,1
20.786332375165607, -10.521894751069278,1
-8.99228054873666, -14.502109380817604,1
8.082867627712714, -13.64656379579068,1
18.12445285366285, -13.489523442632356,1
36.85805598855088, -14.258275717819869,1
-1.1175407971947935, 6.0597185889173675,1
-1.04450233923522, -16.643439783486482,1
22.957695792203165, -11.587437113179268,1
18.675495159222557, -14.613789368587161,1
3.4837691886645676, 9.507775971279006,1
5.294836582353739, -10.995844716424548,1
-26.171433559302915, -10.341389418055325,1
2.973079738071537, -24.19902325159691,1
8.292376953706622, -14.665702161197492,1
-0.6805622454729744, -14.37717061346304,1
-16.738431861891932, -12.271519025328008,1
9.509068144981958, -9.583703264202837,1
-0.5733225176659739, -8.448463909783028,1
7.624183345291654, -14.331460028929932,1
19.316133793624648, -11.014815239763156,1
14.609009728099688, -12.021380926277839,1
4.181610414401741, -15.077567778760544,1
-13.528895942208488, -1.9306117659691981,1
4.778643185047605, -15.460321524933264,1
-7.73964772330813, -13.566026877315648,1
13.303472524380435, -12.246393392400241,1
17.780931508287406, -12.81564645703188,1
12.47482289016579, -20.705947494076405,1
2.701992089963077, -16.31586314584604,1
-5.290689107817217, -13.15215676922003,1
1.8929811074379062, -11.720291308355717,1
0.024720798606549757, -18.80821661332783,1
3.3686387609284636, -17.06669921779558,1
-26.989059743345248, -13.035278800187156,1
0.9970577830282704, 7.844484151311659,1
-17.680901606849922, -3.8211294289852793,1
13.175397403961671, -11.548151952655342,1
-6.379746942887358, -18.631123324884026,1
23.888385521752546, -8.10877003990112,1
14.809732574750484, -9.959980151783695,1
9.09920242945127, -9.66158592220494,1
6.789887673915237, -15.466057864317914,1
19.102138942317524, -14.049552202745796,1
1.8523935860566625, -8.734833003105603,1
-4.054864060096094, -11.655204719636506,1
-0.5054539010275986, 6.833917375268799,1
8.442785504736564, 12.684302361589374,1
4.897898075155114, -12.028557247105356,1
12.171590231930297, -11.73635226905693,1
4.690061536070488, -15.94703137442509,1
-5.4593694892577025, -14.860679643133734,1
15.891495715715415, -18.921305119669952,1
16.194465998565562, -14.016373402562925,1
10.954465489385562, -7.817116093340725,1
-12.901789308516031, -1.038833497986745,1
-1.4544108701241414, -14.794120857472201,1
44.14899900043671, -14.430179272877323,1
7.507837285472508, -14.092536019574709,1
13.893443650645967, -12.985522408126636,1
-0.7325616338176534, -17.61071390973405,1
26.30156211901966, -9.845001372386593,1
25.453401396812, -10.523949822508385,1
-1.9189765875067015, 5.497510849438571,1
1.9984005819640709, -11.589464429394416,1
26.923231091005153, -17.45777798214513,1
6.208339786906638, -15.616876549164957,1
-13.871239331417964, -1.211610715511434,1
20.872392515807284, -12.588876612613705,1
-8.92544001468285, -15.930722582065027,1
40.8645986718132, -12.277150057339274,1
3.2351969048484204, 9.087313988895035,1
-27.860464880078684, -13.61393633089917,1
20.704531286963675, -10.530140660710016,1
27.2437981859233, -19.48498357181429,1
-12.514561046839415, -14.80743299919232,1
-17.268621808281154, -3.817074758381352,1
40.94530740090073, -12.287537160198765,1
-12.471157796239964, -17.48621332256096,1
14.701965681673554, -17.83214280779745,1
-12.648695345139961, -0.9845430143018096,1
1.8416256260675505, -16.946288951874042,1
44.647029431914596, -16.98361040810997,1
20.707492185219404, -13.965524235724866,1
14.674400709748774, -10.078644366188222,1
14.655237084161824, -17.195679372458777,1
-5.735365468721401, -15.68941715274672,1
5.392076054914852, -16.025891391414973,1
20.79815543916454, -12.928162096819342,1
16.44122254575392, -9.164287140842656,1
-18.234713440493046, -4.350145065354631,1
19.26623630100673, -13.642795979621754,1
3.211739035642589, -18.745475954467178,1
8.092907288101273, -13.725589151322916,1
40.592163394800664, -13.200205422501806,1
3.323695312910983, -8.622918431296815,1
23.19165152446918, -16.915745853214286,1
0.06246907606567456, 7.201396337907233,1
-3.975787651886179, -15.997647800664396,1
40.721575612310495, -11.91581399738177,1
-6.9008576143479745, 2.5201425633122367,1
3.12199730479144, -18.514439751521586,1
19.516979960867864, -9.887433192121165,1
7.170877059473058, -10.79165185071731,1
12.917087194719603, -18.466156600183748,1
-4.403867815285479, -12.659214113913976,1
-26.701487587800194, -9.190270656387346,1
21.67302507030441, -9.597235049358023,1
41.08923950923875, -11.988664974253934,1
21.163257596234136, -8.9453847568013,1
3.568194832964558, -8.691598803029859,1
-3.5413101805527454, -12.015888169946946,1
4.318428243078846, -16.295881113184276,1
41.33015916536145, -11.861411651063971,1
-2.8478984637988596, -13.802226375806672,1
16.369298431807696, -9.319753331553438,1
7.911682367271841, -13.837908235879143,1
40.76761169918803, -11.620886877552557,1
20.110924428711584, -12.31933489553436,1
0.24238344702638, -11.201538964304413,1
-4.299678925664825, 4.50240636056515,1
47.46142625372318, -14.312679100922468,1
16.47781893943083, -14.449235675449943,1
16.134660165777508, -10.536761070535917,1
7.538783904510944, -13.89942207424515,1
-8.432839046550543, -7.776086721043092,1
16.62141888163228, -10.599153176701565,1
5.254354744706256, -15.457885133838193,1
-32.82711920216433, -12.40274174800404,1
-5.5016836238883835, 3.1463675031608695,1
-5.805820901125083, -10.523332406786569,1
5.271470290481546, -15.141775065457002,1
-3.4707829482521526, 4.990659896554475,1
5.141837722513856, -16.985472276725872,1
11.595003830476612, -13.971731080670663,1
19.17981713925172, -14.841063549402126,1
41.11326899416948, -12.360735600650386,1
16.425745698844594, -13.59916761302324,1
-5.193560832088742, 3.764777238102039,1
1.7388882201785643, -14.042693512398726,1
5.037344556289749, -13.859527074243612,1
9.57762642307525, -18.934563148334743,1
11.370493446510956, 14.913244770584381,1
-34.410094702185454, -13.11261638391662,1
7.7039879147995896, -12.848403929492758,1
7.752857558555819, -8.427157179943022,1
-4.681600296599421, 4.2668599376462755,1
-22.863689265627357, -7.316218412779786,1
3.230403145520115, -22.290145107979857,1
21.67604779099669, -14.401349239890543,1
49.34631599232665, -13.008299255572577,1
21.80828443438849, -14.576868849331213,1
2.9637585760486926, -8.29515085214872,1
35.95555738017544, -14.517036955320393,1
29.377022127570218, -17.443722990444193,1
-6.536906522430575, -11.316662749296123,1
-9.122423202844182, -16.25210957215606,1
40.77958185918595, -12.382119290570195,1
-3.368266524353865, -16.392789228672946,1
-26.151038501752346, -10.642612438058391,1
21.785824959573795, -13.795922450358216,1
15.031818896964763, -17.115668654186116,1
17.992002476631637, -14.968667062695062,1
9.539672969973456, -15.039576699680532,1
-6.3347372794573715, -10.993297030125586,1
-6.0130110081369255, 3.1555833819044974,1
-25.770046275894078, -10.333620988496994,1
18.89457029584979, -13.228807525364694,1
-7.111648024405554, 2.979125522314803,1
-13.219675755259422, -1.665316397220587,1
26.25438043382611, -17.04923287451906,1
5.012767534728311, -11.127553097434784,1
4.2436311857594, -16.76785703503874,1
-13.357441127846416, -1.1610313068148663,1
16.503297779297565, -10.955257922769851,1
-3.74921773086743, -10.579889412963041,1
18.844055392473468, -13.416502164477523,1
7.606799486970613, -20.72014325442781,1
30.705400870710292, -15.033318739136142,1
16.12425329161271, -10.981235285441835,1
9.406306340446175, -9.474381047285034,1
49.22308446307958, -13.065799620905016,1
16.572694104612488, -15.257306239830186,1
21.18061516623743, -9.791670606166676,1
-1.3025101233111163, -13.142354013968367,1
40.933036506151936, -12.5909639379529,1
40.895927864381434, -14.349256338570918,1
-9.200115145403352, -12.700646055570761,1
23.06850768063035, -13.487189139719044,1
16.558070554435183, -13.247362173733109,1
18.611781809144905, -14.092493140872962,1
-4.621803195245506, -15.172697912979132,1
17.33685516507209, -14.967807328928576,1
16.16895792665117, -12.276281220632447,1
11.121832207144317, -1.315347462878162,1
15.117574353091568, -9.100145703746072,1
-6.150659391651076, -15.559272715774664,1
47.43174567404665, -14.125884869647297,1
1.5758178281899178, 8.541674929074118,1
12.929884952576813, -12.444525858884289,1
-0.4317746195400169, 6.975456225986912,1
5.76605464825047, -18.0624607398684,1
16.379258498950268, -12.69409393723589,1
2.966707498699575, -14.396817306128096,1
41.07654551412234, -12.10588802929291,1
14.007768433024617, -18.94675045870582,1
8.26756137095013, 12.111721906472269,1
21.128132561894645, -19.05353807079552,1
-25.188196809625733, -13.656476782902876,1
0.6437687683642745, 6.904062226155621,1
3.8803380133515333, -16.04077994106741,1
2.130565660730238, -8.620646080105237,1
7.933005629383555, -8.830235641311791,1
49.23800311977286, -12.972157414783062,1
19.15001651827855, -14.120674686850995,1
-17.660513663270503, -3.574540956974989,1
-18.14966982820273, -13.475862013968515,1
-16.69329113963777, -6.42691547762403,1
41.297489921674305, -12.180593199827994,1
25.39396264873704, -13.961335089532879,1
20.422939576327483, -12.756377649287657,1
16.038933769024542, -13.60216892292476,1
-3.0002862532939445, 5.3430048476125815,1
0.07345621761212512, 6.190777385451169,1
-3.819869833024326, -14.623173686499179,1
9.38853783856399, -9.48480111484505,1
-2.206926634839104, 6.240169108907505,1
23.883547659205167, -14.781560311593331,1
30.056165424845858, -16.87949175841207,1
-13.870318725480429, -5.17363323788968,1
-1.1887245765507728, -8.24971334758229,1
-1.8086140283069092, 6.445981964609809,1
7.105607346014303, -14.771301375292657,1
-0.6750897666778506, -16.739012076141808,1
30.743956553448978, -16.521534479186762,1
47.49887160279617, -14.099723403384203,1
3.030609953469725, -23.270241618983736,1
41.55298121883083, -12.730400832167158,1
8.039164196247734, -14.20457271235287,1
-3.1700406546907973, 5.544690334967069,1
19.248428081022862, -14.92550051393328,1
7.131124020042295, -14.327085317279387,1
35.89674378690413, -14.355353631521352,1
40.715306179078254, -12.189413135032495,1
-12.716425642703806, -17.59781722509304,1
-20.69530093849077, -6.147326547885497,1
9.734233733374058, -10.110217499617496,1
4.131880569024662, -11.324257262908647,1
49.143457861764205, -12.981502933477929,1
2.6975025292742356, 7.425597168644671,1
48.95870936361548, -13.197025188914086,1
-18.332046116971938, -9.57901100319768,1
-5.9879669465653835, -16.485037679723412,1
-19.283332749704492, -4.974870822608576,1
11.544178079366318, -12.535134088776172,1
-8.431641816271329, -8.236704732933864,1
0.087287211849028, -14.613943006848055,1
16.98150454428017, -13.564894238646017,1
17.839355125637827, -8.918217789261742,1
15.421081907761563, -13.868636776043612,1
21.49721909782814, -11.669216327990558,1
4.56177514749006, 10.344373033577819,1
20.423242426413434, -12.723210178610772,1
-19.409295779533988, -4.67430256776946,1
2.8545426563728884, -14.063469038270705,1
47.591996026295845, -14.096979018051007,1
15.24367888021803, -9.42702702237155,1
5.658627363534627, -16.9070725424006,1
3.0163107801327538, -12.656444447310468,1
1.223628474582713, -12.01454458424118,1
21.700308100661513, -10.676423287166989,1
14.042214899544454, -10.872533624430318,1
11.65361694951176, -10.582595976604507,1
25.054608304567466, -15.357149992793333,1
34.111811575251565, -13.437507456983704,1
-27.03005960646989, -13.06150494200423,1
17.501080033144568, -9.827416469133244,1
-8.539535374724876, 1.5089377216317128,1
2.7493394897441075, -8.753600400236495,1
-9.551792617019823, 1.3451000987943256,1
-5.704140090726919, -16.12931695701906,1
-17.804784512356413, -12.643489606111633,1
27.545252845139466, -15.03237143973817,1
2.7913548537231563, -12.621456297809932,1
7.022774236926011, -21.33077265935869,1
16.07391406268852, -14.757710878008101,1
20.739705480390622, -13.680899134214272,1
-4.339630512626001, -11.138240250458194,1
6.3771444403333435, -14.175783418161348,1
-17.854337328184812, -9.455495269990193,1
12.368630219594284, 15.625765566515037,1
24.8964449261842, -18.58220663082479,1
-0.1860284405460076, 6.811824716531954,1
5.0370939105322625, -15.083529012820891,1
21.00260245942751, -13.083357837312525,1
5.383409056483549, -15.378683544823891,1
28.664427216928683, -9.15453861258657,1
7.6994323763348875, -8.932920870232586,1
-13.145343387533265, -0.6799679285717191,1
19.72930659522982, -13.278480046216663,1
11.29179836857938, -17.916166419234983,1
24.040244438912133, -8.732105565820692,1
2.166868870366623, -9.13454553593848,1
23.806144834101687, -14.223265686498866,1
4.405067384781417, -11.445535895467902,1
-0.0906637631503391, -14.883527231595533,1
13.064576564770164, -16.97067330563856,1
27.627616817386198, -15.420366332838379,1
4.097932804194974, -8.569195885377585,1
1.055643380365526, 6.445564009506146,1
8.500118795084482, -13.73094287963033,1
-4.91368373142297, 4.0920207500785315,1
0.3498203806439337, -7.89091493928465,1
14.772732673208534, -10.370573159042346,1
9.730807370997672, 13.179469815708941,1
15.572808599014914, -9.773824660169089,1
2.917236534083988, -8.63661687451374,1
15.084254638042989, -9.737659492584424,1
21.458276779344995, -14.23833848913168,1
9.224023089502666, -9.91130541439392,1
1.7152235591506066, 8.876070964471037,1
34.100875910404355, -15.821335769235628,1
-11.505335236376727, -12.120356698727923,1
8.090297557138648, -19.96288074925563,1
11.932481288555223, -17.8260512147948,1
16.77621249864047, -13.5607469234893,1
29.81605647223734, -16.88953533814318,1
-10.015972643607528, -12.603576874947873,1
17.638040876701105, -11.653001408731683,1
49.149683177126406, -13.040909227739741,1
6.860003626201435, -8.651062543394245,1
13.003971824196547, -11.943700350728129,1
-9.238751841703648, -15.278443148888071,1
-4.812564246157184, -11.209780211430402,1
20.84337702407676, -14.114565523404751,1
15.643444790480073, -9.88355195229943,1
9.52293704511022, -16.88716745575802,1
-10.738919160791626, 0.6590290557950835,1
8.86285895752168, 12.886670437535093,1
-8.166913752976454, -15.120211245462011,1
-0.9516413329503313, 5.931527055580179,1
12.83822392231616, -18.434066947196577,1
16.423372440264657, -10.92377848692437,1
1.6710902226466133, -19.921488017068796,1
8.014474542321281, -13.76941201485192,1
-11.316340909959562, 0.5910074483758265,1
-4.769197173322383, -10.501243538177876,1
1.0801031804218417, -24.672321711727083,1
2.8263565817266536, -16.373281198839113,1
7.987975704856852, -13.265762836533835,1
-20.759639527104703, -9.777542306520443,1
-25.872731070328044, -10.165017196517944,1
-8.816064153110913, 1.6520656803325804,1
16.532816728714653, -13.516683655787828,1
9.160095910574832, -12.695579600890577,1
-18.718784339114787, -5.037145897657338,1
21.317502653539172, -11.586339898090534,1
9.753219103610373, -18.59657680364389,1
2.6582294899206054, -9.209700070623557,1
-30.511272370520103, -13.499265045462492,1
-3.2768331120470577, -13.464220489813183,1
2.8587746542285766, 7.3941009309603265,1
4.8843110838408865, -14.978457596689072,1
0.4626929965695371, -9.396820931884045,1
4.425749014655075, -15.698286035074412,1
21.680208112157793, -13.063752640834712,1
2.2174607097235977, -8.874146537243009,1
-9.785634670312536, 0.886761645026581,1
19.256996344706693, -14.411287301328857,1
17.90638352804175, -13.983708947224457,1
9.621037182540272, -19.682925439819016,1
4.965978330083064, -9.620527347117063,1
2.329766311748319, 8.346698682221882,0
13.611713108010935, 16.403251134303098,0
-0.4733536133059235, 6.646678859383675,0
3.5472507793513954, 9.649119525193255,0
3.596957377585398, 10.232822187592397,0
-7.370474890479847, 2.4226371384747116,0
9.497002400409153, 13.680200300460282,0
8.392244735498217, 12.457964456848025,0
4.0549492674186185, 9.501273379172146,0
-6.1676535871601486, 2.8398901631880684,0
-18.31174388614045, -4.5768541180021405,0
1.429127250988343, 7.864430225526682,0
8.723397472262658, 13.28103007523871,0
-11.060507568846914, 0.5904910824815078,0
-1.3857241705273844, 7.087770695802994,0
-6.574560604911818, 3.446948962319825,0
-14.159002471844023, -1.5652115426336548,0
-17.321003186334448, -3.998907611594304,0
-1.0650606610738989, 6.756481913108004,0
-0.9064809733297634, 6.8537034611080045,0
3.684874938257821, 9.866673112561585,0
-12.741453661337411, -0.7436701023992756,0
0.9307204732680084, 7.344942237027975,0
3.140642258554408, 9.687208251246703,0
-3.0158563912784895, 6.105807563129811,0
-1.8310984043068266, 6.204194770038366,0
-18.429317969960564, -5.1166284146828245,0
-25.2598932191741, -8.316614651429765,0
1.2311483797707417, 7.860319947018517,0
4.081108968129795, 10.193878727818943,0
-12.555314530637265, -0.5504434251498962,0
-17.6228887024817, -3.9208129860048775,0
-11.289687771998032, 0.02341491809784318,0
-12.993376532053734, -1.413468734832629,0
-2.4025572940589033, 5.647908597405771,0
3.418376094915459, 9.182547894503994,0
2.709854716547696, 8.569092912206878,0
3.9013899944223915, 9.912644962226397,0
-0.43264646504531096, 6.530402552534452,0
1.0805721657889922, 8.12089946422872,0
2.874017280674231, 9.298003985906188,0
5.6224925021168985, 10.97537371212303,0
1.148275562880906, 7.737223895380196,0
-5.434849511515337, 3.2473252625175557,0
-1.9643905947716378, 5.621541345845171,0
-6.0196757736423026, 3.412428789764004,0
-11.056806001366008, 0.13216009203878018,0
21.411507262113037, 21.987373537383085,0
10.591730479411272, 14.21343986611844,0
-2.910114286871294, 4.36336823446882,0
-21.10106388859083, -5.954973446108947,0
-9.787753149519075, 0.8612756448145659,0
-11.766282592641105, -0.61187321977666,0
8.526964589459046, 12.780477211705874,0
-3.399588450052852, 5.009867417351051,0
4.508322454345043, 10.205057861736918,0
9.439307481830092, 14.12503411338103,0
20.18262379853765, 21.33359206243875,0
-14.845638506759144, -2.1458876755052554,0
12.211942916802759, 15.301925881910297,0
-10.78806114000989, 0.36103250438275203,0
-4.719261921129503, 4.226074977945094,0
6.92152808723334, 11.47768609154869,0
1.2509914441217416, 8.11800888053465,0
-14.227187680231001, -2.034450917566975,0
-1.8547496490300277, 4.346619645836421,0
2.508578662650883, 9.075896699036635,0
-7.54726982094429, 1.9661614471682762,0
3.1439148457308743, 9.848660968247847,0
19.182813539908725, 20.167743894008307,0
-21.50062654511031, -6.82894467252246,0
8.347169381530483, 12.929813347624231,0
-20.55048322172388, -5.5743005170080115,0
-11.3423136640168, -0.09455621730336795,0
-4.922383332793208, 4.42764001932332,0
-9.222350968756773, 1.1846549420221115,0
-0.4743760239051735, 6.864363453191251,0
9.134684360400016, 13.237106300847064,0
4.388707000651419, 9.845277996388454,0
-0.5161474042369812, 6.959568646774645,0
-13.192813280030963, -1.3630720086463373,0
-6.779507127023766, 2.610315610544355,0
3.305780747407901, 9.211484745263261,0
2.847572474902859, 9.243279675132927,0
19.237126745245813, 20.001535714529773,0
-4.33402150129033, 4.352355242033744,0
23.047671853489216, 22.38175916751218,0
-11.065110651176301, 0.22742620388844406,0
-25.283610610665104, -8.312423260440886,0
-24.281877731171722, -7.610360675399203,0
-16.772939833299258, -3.194470872730451,0
-18.212450793134423, -3.8630145346537015,0
-8.690040938051661, 1.5681683924131389,0
4.1080820140362455, 10.065658422587767,0
-15.373814902008785, -2.966115423917971,0
4.465039150570277, 10.214499673867099,0
-4.896700598697974, 3.5839732838377807,0
-10.07323302998497, 0.6797045154095596,0
-4.5137236937719285, 4.69195660084714,0
-4.368617525822425, 3.6001469455513155,0
-23.355461222823628, -7.397355778661619,0
-9.18676022668943, 1.3962925807261002,0
-15.386618148038956, -2.81246750094141,0
-10.726149273233556, 0.7472923655970966,0
9.997793656743939, 14.161854365469429,0
-6.867743753217237, 2.7841721124782315,0
-3.954353874376114, 4.711279601880305,0
5.0547515740490265, 10.030250324536066,0
-12.380102317868067, -0.29670072982170975,0
-3.2603896173073244, 5.14125375314001,0
2.7241617363879, 8.873588076263154,0
-8.720012183271436, 1.3468580132390189,0
-12.757817595273263, -0.8754276810250559,0
18.356954549999678, 18.58388630140576,0
2.505250748315031, 8.725234244351789,0
10.939707528138822, 14.469419814797902,0
-0.10896872386317466, 5.40794139439849,0
-1.7639761954427065, 5.31516025890485,0
-6.397708427478493, 3.20817770701692,0
-5.479378841024971, 3.702139031924542,0
-22.745162154944346, -6.720347089473883,0
-9.335556459172242, 1.3690252906896185,0
-18.726114774696175, -3.810709743177001,0
-10.287940888478518, 0.6841793994147446,0
-5.118603015095742, 3.3922653744507816,0
-23.029997531048355, -7.238658057479907,0
2.4840912956698804, 8.76703905240644,0
-11.978954993999595, -0.4599988209904668,0
0.24624506661000753, 7.694709582227114,0
-2.118883361024006, 6.327690932555521,0
-25.10466194065144, -8.932339454263412,0
-8.705200145727675, 1.461821641492401,0
-7.598005153097641, 2.343475841773919,0
1.7199368058036029, 8.22731901528447,0
-23.181128270685395, -7.393056595401168,0
0.7913316818510538, 7.464367596343337,0
3.6297135061211905, 9.565287666725652,0
7.6335163278465865, 12.555759415888177,0
10.460039087244535, 14.42515521804255,0
-16.591688661402003, -3.4111415262225506,0
5.992330932305863, 11.325918501307717,0
5.5252918759680645, 11.73980986946494,0
-3.3717865226857957, 5.32601256943365,0
-12.885578456214212, -1.5173355850462376,0
4.181918901627264, 9.663272680338919,0
0.022092801981546006, 7.0752393152301,0
-3.3457135905062443, 4.662238109602565,0
6.698684738345255, 11.487842055527913,0
0.014391325019137789, 6.820760842949912,0
2.1635104571575807, 9.25785794580107,0
0.051934427664916266, 6.588593889054803,0
-4.252690170117283, 3.23915017969683,0
-24.91935445152198, -8.778651441773016,0
2.89712484928651, 9.388645944415883,0
-4.947837925722621, 3.799736705011591,0
-11.09347493796885, -0.3544426639229433,0
1.2764931221446179, 7.134752672454545,0
-11.395487065355903, -0.31225822427421024,0
21.568412294728056, 21.69297288279974,0
-4.5137236937719285, 4.69195660084714,0
-10.458751707227584, 0.6290640887105613,0
-1.1803785552678339, 6.257660543702218,0
1.1743531387351933, 7.7930307458704595,0
6.91948849538473, 11.82737367152167,0
-9.860662313882242, 0.4249768387543115,0
-25.695810009001555, -9.429531036409145,0
-23.19389549010575, -7.015835980067398,0
3.3814586235237454, 9.25412596270881,0
-9.730636949441047, 1.019016858806855,0
-8.958949733010682, 1.2674896489826784,0
8.973904667739738, 13.716204224914089,0
-6.528015935004061, 1.3208407217932325,0
7.9343679348349845, 12.575591771741774,0
-3.169500894075669, 4.95454911405955,0
5.077032838448856, 10.80096450730935,0
10.618915137095193, 14.584674664122801,0
5.698677232995386, 10.973257779650224,0
-17.471793119912824, -4.033177630695991,0
2.2055005969334602, 7.713018169048527,0
-2.219723489698433, 5.415483986089178,0
-8.975273498009894, 1.5282872740096054,0
5.538877404913187, 10.29115341936141,0
-5.761484540265002, 3.1080914529802124,0
-1.3916924809102196, 6.474084469831675,0
-4.2986395641787505, 4.258032453948692,0
-15.516088239554083, -2.8693095486944324,0
-4.409119038378475, 4.213264439394985,0
-6.424357748371994, 2.728171647045205,0
-5.6010718091154565, 2.9972596339742057,0
8.403865169531073, 12.81338180383185,0
-26.56597706436242, -8.92435260676763,0
-2.065733639677715, 5.934981838055515,0
-8.686753370270019, 1.6683478678256667,0
-9.17815579625752, 1.6167289964513465,0
-7.873650718421573, 2.150279566901553,0
10.427673728158318, 13.34360835317933,0
4.036998460650713, 9.69494190074956,0
-24.526912463669568, -8.553555108077013,0
-8.426181786267973, 2.2411100270822764,0
8.450405094579589, 13.124691723489114,0
-0.08496243347014337, 6.943652916550494,0
-10.104386154647983, 1.1802986526127996,0
-4.626159778945649, 4.10063402845221,0
4.004519136784997, 9.577105586966605,0
-20.035770117282077, -5.987973450619302,0
6.085490317460754, 11.283085114513236,0
-24.98872632992752, -8.300510481393417,0
6.273712348054892, 11.662287609188285,0
-6.0196757736423026, 3.412428789764004,0
-6.309912354956114, 3.0692225107198143,0
-11.423865248831563, -0.15214141414918061,0
-3.0902499985478373, 3.973896947229857,0
3.396434961592643, 9.813256878740091,0
10.305179038059514, 14.201213388477589,0
15.487252312419567, 17.61791409573494,0
-1.459277715890716, 6.304647517002563,0
-21.00445361561871, -5.788519566999644,0
-11.211921167843746, -0.1733217084321978,0
7.467569853733738, 12.751974545507162,0
4.823196852049132, 10.277225480974588,0
-8.282944891789015, 1.2164411310932746,0
-7.847637300326831, 1.7187113852126616,0
-23.180593624641563, -7.790024415677544,0
-5.935659063016398, 3.942604653068739,0
0.8301934071689764, 7.605205725287891,0
-19.68359124610185, -5.6130168584492885,0
-5.560310005171937, 3.646208105195466,0
-0.8167802591637621, 6.5661103930890645,0
7.265063500847529, 11.80419235502908,0
6.3775791953315695, 11.852223200571547,0
-1.8853689592522023, 6.4762743925002635,0
-6.926903555664342, 2.6713987692830004,0
-4.646571682635605, 4.7581282480742475,0
-11.022326074764178, 0.025256360087240016,0
-4.871286189921208, 3.7695320288605774,0
-1.069374956824308, 6.112811841052584,0
3.6852834344827308, 8.665326787843062,0
8.669821153188966, 12.64614978227808,0
1.545112302612347, 7.8747218477560725,0
2.278444721204952, 8.150895088725912,0
2.90743677301989, 9.136936171656155,0
-21.31391191084429, -6.599596124069136,0
2.008247715163426, 8.151000391954922,0
-2.988126096276437, 5.256980562530719,0
-1.0874512386029491, 6.711793545988046,0
-10.901364851709557, 0.41088750051017725,0
-10.420083865522232, 0.6260334395216673,0
-17.671695997019757, -3.8291317604961166,0
1.5413482908893985, 7.784750567536216,0
-2.7834964498456785, 4.239200169662595,0
21.895336531565146, 21.895335214253073,0
7.00604317338304, 12.143804984127033,0
6.518518217979338, 11.35697932400001,0
2.947768570353515, 9.403788432032073,0
1.948693683272863, 8.403522564475953,0
-5.041636776789382, 3.8225787214339144,0
-3.306196330068591, 4.396092227363202,0
-2.998563872674112, 5.17806919682719,0
-6.3782047347799145, 3.293580346180562,0
-21.45907605359913, -5.705077405257672,0
6.850254353567749, 11.817795873982643,0
-15.633740879628913, -2.982363673318245,0
-5.23320449931619, 3.84720273425186,0
5.423769870705247, 10.598519058367192,0
21.1555248115737, 21.777694140657132,0
-6.751163276652255, 2.318378863999658,0
8.600979332082183, 13.277973201038488,0
-8.157969553685275, 2.387548317538624,0
8.500374795500823, 13.530938395912726,0
-25.395450394570652, -8.74138046047206,0
-19.24615004237979, -3.938956246499283,0
1.3375460707232953, 6.677657480774967,0
-14.32403555093913, -2.659488499423951,0
-19.148328707582372, -4.652941133403181,0
1.2745785781823724, 7.885640536287223,0
1.5962894776280752, 7.708425689630145,0
-13.29095851426334, -1.1799716386676808,0
4.415132824643328, 9.908378251973224,0
-6.068434162635413, 2.805627538118154,0
5.758715140382913, 10.984681867005582,0
-16.77275432908512, -3.421313516942219,0
-10.607386993854652, 0.7251587493779298,0
2.731884838101642, 8.884873404527482,0
-10.776557576361949, 0.3998009968749064,0
2.960704252972059, 9.025849329844435,0
4.011793079164907, 9.804383020979193,0
-2.893551548970181, 4.64489261535606,0
3.90604091478817, 10.19464677618731,0
1.8162075663141348, 8.060251016640507,0
-25.40961606075923, -8.372738234518941,0
-22.925493972572784, -6.847244430440852,0
-20.578328117644908, -5.715206386689309,0
-15.35713324392915, -2.7362104689347984,0
-18.691961171058086, -4.391756910655589,0
-14.951679218599768, -2.4558375895606965,0
-10.98981724544976, -0.14621066385529302,0
-9.685726405318002, 1.2795560944208577,0
5.924028380966389, 11.264891341941375,0
-13.29966616860189, -1.3332844263865435,0
-2.019189349501503, 5.758662053147539,0
-3.7751825785094666, 3.911179561036945,0
10.375132130378717, 14.421585694352657,0
4.125665423342705, 10.638475982948426,0
-11.37854701861715, -0.11780316250264092,0
-14.45669947232923, -3.0429318738579587,0
-7.0112462713043335, 2.995445940746963,0
-0.765582318891311, 6.949058852942944,0
-14.904608136432703, -2.465915879287758,0
-6.452678039335671, 2.976238005279778,0
0.33736276256566705, 7.268623204806779,0
-1.7368267521439034, 6.443164139726421,0
-8.45964817411352, 2.1221014876218787,0
-9.709297497232434, 1.1982291947523938,0
-8.575573302159029, 0.9071124299562721,0
-10.913886458366509, -0.2584017485206387,0
3.6246853427645016, 9.17345058300216,0
4.143859456922674, 10.065714223763448,0
-22.88063994571311, -6.780136951237067,0
-2.7451253626858687, 5.676280801481297,0
7.431781966206812, 12.371162303753865,0
-3.784879963487028, 4.620197068790416,0
2.8505840453895677, 7.765711641311019,0
6.8248825744180905, 11.599384278072995,0
-18.042713201911802, -5.349892125991644,0
2.9809447850656854, 9.740236735627438,0
-11.246981711580286, -0.32260569274577966,0
-9.239899179902824, 1.5376333520617724,0
-5.893329241768099, 3.6336706414664794,0
0.7522466055077633, 7.949910020107043,0
-20.03106826178657, -5.206060736266422,0
4.180515473701576, 9.939480501011683,0
-9.46204355020001, 0.5559682142384909,0
6.904727126464564, 12.031137534466062,0
4.392370949503654, 10.075948537074048,0
-1.9887095286419265, 5.869795851910997,0
3.536231403606538, 9.835067101776856,0
-2.879499722914373, 6.239526115634103,0
-14.479395939697234, -1.97446347704894,0
4.993159004324531, 10.255495796150656,0
-4.274853677787191, 4.486508291792278,0
-1.8253368204442892, 5.243543854979231,0
-2.3522137782319814, 5.205311242880659,0
-2.4824662641053714, 4.966951480649402,0
3.130903433375743, 8.856412814321823,0
5.556457589126731, 11.135653858853708,0
-7.601987552872073, 2.249007575926513,0
6.803408115122455, 11.851697585515932,0
19.157889517031162, 20.526683537709214,0
17.287204780493447, 18.932407024497973,0
14.524239653999798, 17.723418913618755,0
5.611567654688327, 11.553549534090944,0
-6.985136383155768, 2.2319945747123753,0
-13.078947750910116, -1.9129693168919106,0
-20.535036976158924, -7.090025887549532,0
-8.410322300405241, 1.4968675366709643,0
-22.325296033155695, -6.690411468516301,0
5.685518937099562, 11.220039726654083,0
-5.187868918118746, 3.8195080909957917,0
-19.44621769845903, -4.364556822488335,0
-2.2248595981877357, 5.060042610022762,0
-13.758841709776556, -2.045829928059391,0
5.28917278643484, 10.55341597394681,0
0.8503227218510285, 7.949873150493194,0
3.7762861477825487, 9.863696442339698,0
-0.4153120604958261, 7.404783513444787,0
-9.59915316768321, 1.3263707521377055,0
10.198707642437677, 14.141080518464117,0
-5.788723225142803, 3.1734711979009584,0
4.685017665481045, 9.764111275424595,0
5.254887277380574, 10.712486307180873,0
-5.006069284480328, 3.302899174188354,0
-7.693574198988461, 2.5018416719550025,0
-24.962734162424226, -8.292019716943434,0
-8.08408629400281, 1.8927311897462957,0
9.62273884001215, 13.725163782451087,0
6.3454487697603, 11.760505838118988,0
-4.082235525976074, 3.341002559906625,0
3.0576610358705105, 9.113063585363355,0
-10.493994781684957, 0.3682846511730059,0
-1.445835660368121, 5.584951667628091,0
-9.906514285693886, 1.3142974616925516,0
-17.21946866854754, -4.1328115247937225,0
-23.155652489613576, -8.129860683763782,0
9.60923376190878, 13.51056061297963,0
-11.581260625345097, -0.027878547738791015,0
-10.72122966284441, 0.6962527221595592,0
11.840885609863939, 15.136990872247312,0
2.7198195695366105, 9.399075512112358,0
6.465093210212015, 11.59932932744884,0
-0.9323415621048766, 6.274201068316556,0
8.46992042648763, 12.884016244747864,0
-8.155510880076337, 1.8677474036352089,0
-4.741757561950542, 4.229563250155904,0
10.890403856953759, 14.568926897166259,0
-2.2958768027361613, 5.780448558375684,0
-10.8729378392106, 0.23055106084384713,0
1.1780816158334242, 8.68914126150009,0
-4.18034565687098, 4.008013754792943,0
-0.3347125338453559, 7.338698649931488,0
0.7171395926112166, 7.916027997485851,0
8.052930515368189, 12.810335944717245,0
-5.036750834085732, 3.315326441500336,0
-4.9102291362103925, 3.9809470131615243,0
0.9752776408236147, 7.201409739356718,0
5.785366591509213, 11.545414127498374,0
-10.514381059811981, 0.6016858048519859,0
10.066888069851888, 14.142722673681375,0
-8.895136900371554, 1.324808732267969,0
11.427955068743733, 14.678359467236609,0
8.572168269501768, 12.70951645799009,0
20.126508522197554, 20.888298679798208,0
0.8521811763679022, 7.854893141515907,0
-7.6998265829414025, 2.265745275621685,0
-4.158333348840748, 3.8858048516990706,0
4.169338183406449, 9.418951051568666,0
2.053881686919181, 7.946500321901382,0
-14.519730653405315, -2.0778583840467606,0
-15.971137242748593, -3.079152196340131,0
-14.51784004128029, -1.8453227987332987,0
8.99152774107598, 13.20028632707231,0
8.049027421130715, 12.588452031753459,0
-9.70639172590835, 0.6961477409506328,0
-0.5512078547887719, 5.142306458181739,0
-10.916837135045554, 0.4701705624951176,0
-14.048940444624838, -2.379118116973213,0
-2.6555071723222174, 5.378510999901861,0
-10.628237182304469, -0.376274353031116,0
-22.93768406922123, -6.6934371316417565,0
-0.79386357564575, 5.961337721195722,0
-6.867743753217237, 2.7841721124782315,0
14.664580888840753, 16.874335149432095,0
-3.5774610443327886, 4.523768003042828,0
2.502653516922914, 9.106106058987992,0
-10.938203535527643, 0.20859234964830226,0
-4.859999889259267, 4.12830312552774,0
1.1400078475057442, 8.677679837481755,0
9.03212292686503, 13.895840849373052,0
-3.227784753965634, 4.571696479785915,0
2.271213379826765, 8.857499116009665,0
-2.6805610324434666, 4.643494650545351,0
9.416495099228518, 13.465315483299351,0
-19.536777118951207, -5.46328562220912,0
-8.432269981775493, 1.629320032470788,0
-0.40455556057250236, 6.355564773663768,0
-6.0196757736423026, 3.412428789764004,0
2.025438047293655, 7.749240984193203,0
-8.440270072438302, 0.3554344008404884,0
-4.580901775620447, 4.529204974713976,0
-6.9480148139401745, 3.099576836147514,0
2.7084349930451697, 8.908624232188327,0
-11.452985993293627, -0.48055174224437214,0
-9.246213001579722, 1.4055690225466981,0
-4.863578652148186, 3.9982364563803756,0
-20.96092152914058, -5.746416721877501,0
-1.431399017920121, 6.364161030362595,0
-1.3419917585475576, 6.126870142523469,0
-23.305572691254604, -7.231191964113646,0
-16.153599904827427, -2.7434056258916986,0
-18.31419362482337, -5.13887921101873,0
-20.181302723153934, -5.503254607868127,0
-0.9274442451271483, 6.5763450056465995,0
3.4000620200692326, 10.209273614892064,0
3.704485757934758, 9.374655125055586,0
3.8149166528146634, 9.919833725160895,0
-4.741817611459723, 3.886179470195753,0
5.604652090630598, 10.639456729202182,0
4.426850262141913, 9.767322941657508,0
7.258470944576391, 11.784516237696288,0
-12.566980302800006, -1.4324751401392242,0
4.022606648267901, 9.365579142546707,0
0.15959095551818808, 7.291533046388958,0
4.564092701899959, 10.233771334022421,0
-7.688880664069695, 1.8513608782824196,0
-10.207720034198568, 0.767751392274917,0
4.778569873828917, 10.369756623583246,0
-4.389546501873331, 4.077488812620536,0
-5.827571940711286, 3.4894435203989382,0
-8.981560440148595, 1.343991443099063,0
1.378849359189066, 7.869776735152976,0
-13.294400399849117, -1.6049242616084505,0
-8.755998759341598, 1.4951358160686243,0
-5.419341761763452, 3.483533858648925,0
-8.652496991047162, 1.9733473236765928,0
7.120120176504796, 11.967140822663023,0
-19.079722642886985, -5.031685825598826,0
-7.876256806130949, 1.4950722887682537,0
-6.164134624971196, 2.5763507540497517,0
11.329618258976117, 15.037246419407449,0
-7.50288785200006, 2.7419031166857417,0
-2.470352770992568, 4.813986171721758,0
-1.5657635318023804, 6.242995044119262,0
-10.945210043734468, 0.2901022097111734,0
2.1992294668657433, 8.700753567191569,0
22.10767421219639, 22.126544062191652,0
22.673910787833133, 22.731414185440656,0
-13.943013394174576, -1.8808493000122872,0
23.16017578040112, 22.996067415262843,0
-2.9473901163300145, 4.72141401565438,0
-7.030331985332255, 2.8759034846668734,0
1.7552475566052808, 8.537740874028463,0
-17.28150080817561, -3.8435665042636478,0
7.318882662307752, 10.207248424815681,0
-8.863032499061799, 1.9035855352883897,0
-1.2932367363002066, 5.948482809754224,0
-11.874187580651611, -0.35860287185176654,0
-0.4760676175899716, 7.497119990757153,0
0.4891448481020107, 7.217282012857251,0
-10.42415516377665, 0.3020977332424955,0
-10.191247434873695, 0.4734606957449463,0
3.000162113345363, 7.89627388600212,0
-22.856331508868553, -7.032147842003607,0
-8.740118148389643, 1.0971289841031973,0
-18.645575362655705, -4.840304327808514,0
4.848818945302851, 10.78338140142626,0
4.088161588793617, 9.915192915425864,0
7.080456818618451, 11.723621127378241,0
-11.228808006137855, -0.3843392063509552,0
-23.03626572004638, -7.486426538323546,0
-4.7956479800450875, 4.752839490415477,0
21.326710456763717, 21.89445409880043,0
-11.41001749312336, -0.04331305971508475,0
3.89121063415938, 9.98904289070772,0
-6.0306498778850886, 3.291559398787457,0
-4.791754375386642, 4.028660888899324,0
-6.803069238707719, 2.559629839111048,0
-18.640836313131082, -5.184173171014511,0
-19.68359124610185, -5.6130168584492885,0
-11.190312439354777, 0.41729567970054393,0
1.11423287412585, 8.076146680030396,0
-17.17757928032249, -3.6815221115253345,0
-16.24301745189771, -3.0177826015669016,0
1.3722004694128858, 8.71005715756008,0
-1.7312156365297797, 5.355293000675389,0
0.877518510143188, 8.338754074618985,0
-0.3692443163541045, 6.695088584608171,0
22.495950072304076, 22.044791919618486,0
-4.818780071863917, 3.9889590165468505,0
6.462388123033911, 11.887781761039614,0
-2.1591831386538964, 5.484912793343356,0
-0.34269607142570035, 6.937088762484003,0
-10.597465903494879, 0.7845216926128808,0
-3.6146481648928543, 4.304154168869695,0
9.033035186943334, 13.558883537257154,0
-17.31900780405723, -4.1743950788586135,0
-3.5724094317754487, 5.024177798690539,0
-1.23051774605744, 6.568831710205154,0
-6.445272823792962, 2.7952507867517284,0
-6.657340136855178, 2.4055407108736593,0
4.602034865230294, 9.825772973280884,0
-1.855842796264356, 5.351177195014086,0
-18.67831344092195, -5.304503201376909,0
-14.708296017746619, -2.8063033459397615,0
-1.789712654844833, 5.525622704542282,0
-5.2933313437162886, 3.635518677539876,0
-1.7395037807715423, 6.152090558599381,0
0.27236227726828327, 7.11317743564274,0
-2.932264852024158, 4.370843881590098,0
-1.524300939635282, 6.096404784124581,0
-1.1015712660111396, 6.093858809118709,0
-4.405297170726555, 4.402924405817101,0
-2.096042998931731, 6.029648094844947,0
7.718444637793271, 12.000840489428604,0
-1.173474891328745, 6.717762058058775,0
-25.895940170939216, -8.852522162276514,0
1.3498017384131593, 7.91149943339762,0
-6.793166957315042, 2.823728069197019,0
4.0636788528529335, 9.99688500579956,0
-6.842445622431523, 2.820589414071222,0
7.019998501329196, 12.260641515424782,0
-17.106165173943932, -4.52312384651599,0
-19.580201475261212, -5.839586594026649,0
5.606697872191881, 11.423621733453954,0
-0.6810782613259267, 5.818860979803373,0
-10.735224702766756, 0.40871182768394015,0
-2.437276435328316, 5.276485174005675,0
-7.9667543785065, 2.1328716875096383,0
-4.145498508312076, 4.891725846252695,0
-3.4489967301305913, 4.623828091566738,0
-8.323277962772691, 1.7278538425876917,0
-4.868392668766189, 4.215972424850273,0
1.2751307762298738, 7.961819801317261,0
4.022757312985445, 9.721705917724085,0
-2.989090094596108, 3.988513661635062,0
-21.444349591195202, -6.270467651914069,0
5.671899303594053, 11.124147001364014,0
-1.1269445657051784, 5.774562549824617,0
-1.4415361944644332, 6.264223055862026,0
8.472138961265875, 13.122542774574507,0
-8.774568050836544, 1.6052971557094189,0
-16.56859140892315, -3.41642799356357,0
10.175503079571644, 13.55659820932445,0
-24.354490512265503, -8.167329972046266,0
5.829116890201194, 11.373511885719333,0
6.0426486765467216, 11.036879758977483,0
6.429035977897507, 11.380991317417347,0
3.4308696022530327, 9.568568529863434,0
8.776233358136391, 12.605763656418137,0
2.0392991042554502, 8.52160650965174,0
-10.102373952602125, 0.777911590478649,0
2.4675130338626468, 8.270683146141616,0
11.32053926176156, 14.839111684672536,0
-4.126852934582515, 5.185991691633275,0
3.1522858730437417, 9.830223817992792,0
-16.630941754329168, -3.7039102616649977,0
6.892235203146927, 11.906358482811449,0
-1.8066141065070858, 5.493993564688601,0
-26.551564418490926, -10.120677439871036,0
-23.554411462760775, -8.799910313376916,0
-9.56454317741539, 0.9533602589297515,0
3.9452363566509736, 9.653886628573868,0
-10.611512385911068, 0.22561942311825903,0
-1.656174687794972, 6.001066163660356,0
-7.348757316412005, 2.5232272017640476,0
-11.874187580651611, -0.35860287185176654,0
-26.711421456833293, -9.39751538315393,0
-10.381968612354298, 0.7149374425341898,0
-0.937530255164939, 6.960537678113201,0
5.01027701279213, 11.250961517163987,0
-21.237656762182276, -6.0058516642852515,0
0.001979416246231849, 7.774096596999804,0
-9.079853538145619, 1.2358779920911718,0
3.468224975375861, 10.16556790177967,0
4.413911477406182, 10.339752673084519,0
-9.208638804310576, 1.7067850325587575,0
21.508708484841957, 21.73826440701934,0
-3.540911298488314, 5.374207069497701,0
0.6157630961615208, 7.260923326136187,0
-6.435244371483119, 2.4615441484274903,0
-4.713903376946252, 4.225746144635982,0
-25.96621473419082, -8.643183295747312,0
4.251267685320325, 10.6637051365924,0
-22.56624903255807, -7.0705342262719935,0
-17.885461492096304, -4.232586954439741,0
-8.060714899157071, 2.1461869118023604,0
-2.69251107827063, 5.227319748727155,0
-7.651983604344229, 2.117079316118674,0
1.837939905685405, 8.417746686349888,0
-23.663959434173112, -7.255582967674595,0
-2.3960372268329255, 5.501847981366309,0
-4.827976970157826, 4.100772424079109,0
4.48051019069063, 9.495102616427094,0
-6.786253023147109, 1.6651565106328503,0
5.136742262383638, 10.112863586608439,0
13.491234643340094, 16.458681067206456,0
-1.0868371969350434, 6.438109506153333,0
-23.299653441393954, -7.13911016197888,0
8.729088160362934, 12.997922565751763,0
8.910306278317162, 13.530531749251757,0
-9.315580256862994, 1.2974485172855792,0
9.928673293826945, 14.036501709091633,0
-21.11742754502717, -6.615980347311636,0
-0.9678543051940834, 6.2695260822931544,0
-8.426802107656679, 1.8239614988755493,0
-4.179379120329383, 4.068380380519802,0
2.0251010001354905, 8.754846513753142,0
-7.1369506346098905, 2.789285744181484,0
2.5422405870994473, 8.977898088861332,0
-1.3885427289885017, 6.323011048346847,0
1.9139405959428126, 8.792549927578616,0
-5.217810558932548, 3.50770059860895,0
-11.126775465354322, -0.1317819460094814,0
3.453409912227612, 9.286416210572193,0
-0.46456060597277193, 6.660982061585813,0
4.853327106614774, 10.250265265644911,0
-8.512765848842424, 1.528299396303881,0
0.4856072990543058, 6.711874510880817,0
5.181111799521883, 11.224063420848431,0
2.8801718991155303, 8.71125019599003,0
-10.857679538385092, 0.025854426815015857,0
2.4476986218640526, 9.757189610486572,0
-4.926337269282892, 3.4309286574351305,0
-24.48642739964652, -7.87861297273075,0
4.508740351660545, 10.838783247198121,0
5.611262746004065, 10.377517154827455,0
-7.024847367769479, 2.564186563581729,0
-26.864763997295274, -9.435245359191486,0
-22.28633341834652, -7.079646167820941,0
-6.867743753217237, 2.7841721124782315,0
12.698112499331469, 14.949764622827965,0
-6.118547496987273, 3.061897847760806,0
-9.536440366440527, 1.4847582984387153,0
2.734896726871127, 8.479574769141838,0
-5.433611605660246, 3.4445673242615538,0
-17.31869487389694, -3.2859094101719926,0
-26.311288169842353, -8.926887703861864,0
-4.669255296123119, 3.2263034328320357,0
-10.327247891732817, 0.3031767664913875,0
10.477834613446314, 14.392956894042737,0
3.8873799585377355, 8.800800626080822,0
-10.403450627398424, 0.582115260350876,0
4.194256136683623, 10.043372372240274,0
-3.9858478238859494, 3.7104775500809475,0
0.8452661462399056, 8.210418690549467,0
-15.376874845583533, -3.395708134752927,0
21.430020935754197, 21.673509582522755,0
-2.5069446899633405, 5.438811991906159,0
1.3323909209996712, 7.7621262976990755,0
-5.963191631580816, 3.2594590673371844,0
9.125581954058736, 12.847115745195376,0
6.252937853927287, 11.650602108444232,0
2.2650528304321407, 8.498601186511188,0
1.5853433325566562, 8.126251585138414,0
3.4236964069270575, 10.071823442204778,0
-5.815490928968325, 3.3574125947635283,0
3.4395049698977633, 8.708339174149648,0
6.747886326993193, 11.610243303741218,0
-5.828064385083354, 3.0619171573004094,0
-7.475719148964584, 2.214063982761701,0
6.929567830206818, 12.079142808031035,0
-0.641984238787174, 6.0838545827054205,0
4.924237358391967, 11.18406068134069,0
-17.59991978624113, -4.770006864317603,0
2.585072610502396, 9.270204269155094,0
3.1420825678031044, 9.767128691761881,0
-14.671357196670295, -1.885664586619808,0
3.2441790085335427, 9.04745793609234,0
6.9452003161232705, 11.74710197319733,0
-8.356511476722645, 1.550791195633838,0
11.73083227692934, 14.566065093031943,0
-0.641984238787174, 6.0838545827054205,0
6.752085890179029, 12.031096002570825,0
-9.55209791479664, 0.10586911294236297,0
-12.177910004055857, -0.24643210840889343,0
-9.15108125582076, 1.0871419473831794,0
-4.499160677187879, 4.665988940749586,0
-24.04729926710338, -8.406638159730601,0
-4.5137236937719285, 4.69195660084714,0
-0.24594989202720136, 6.203419791441952,0
-4.683295482271927, 4.649838854995072,0
-14.667427775700476, -1.9529747591579973,0
-9.401020416692413, 0.9582798843110042,0
4.148502119390972, 9.713298067207703,0
8.528126254003928, 12.73267236232302,0
-13.348844562374476, -1.4070342293831033,0
-11.688835418463356, -0.24412280702967482,0
-15.599452644707346, -2.766278509790729,0
-34.3601588180616, -13.133572605239591,0
12.334474371978834, 15.866687321163665,0
-11.237923795082295, -0.02836848606283371,0
-1.595441726391884, 5.858999244434087,0
-17.523667937669526, -4.425132793496718,0
-8.109364264716673, 2.001778552553588,0
-7.278242296985173, 2.545264089701702,0
16.490926335456848, 18.56631132628333,0
-7.431867274399375, 2.526585678098023,0
-0.25863338697667104, 7.357558282531223,0
7.905649598969078, 12.545530188393164,0
-8.784117711384354, 1.5823157937923336,0
-24.294364669138943, -8.103776999121452,0
-7.25028997007307, 1.317871073019302,0
-23.32463733060355, -7.2997065154048295,0
8.100790275222277, 12.936414054780425,0
9.108732573350569, 13.058326428838622,0
0.6400359732017952, 8.050049218517277,0
-0.24779183366596644, 7.028031452175239,0
-11.5528349614989, -0.013908200242311434,0
-8.418392212138802, 1.450746611454622,0
-15.085420266268988, -2.618347909022214,0
1.3366690054189396, 8.243211903552426,0
-8.359608428590716, 1.5956893816396884,0
-17.231889422624846, -3.9415932741194926,0
-6.4424297995597115, 2.3598802624296487,0
-12.057652159818554, -0.27087153444320955,0
-10.412024703670008, 0.16637421526461385,0
-1.9681718028281894, 5.260597716788648,0
4.131695786252542, 10.080703701563785,0
2.7904763936526416, 9.28123176632166,0
3.6619385364571353, 9.848333160811492,0
1.7801194832891385, 8.415336107480792,0
9.528291198468965, 13.637344028291933,0
-13.945073808786853, -1.9481510340071395,0
-8.407024143663525, 2.249330327276221,0
-2.455006290746936, 5.89186859105777,0
-20.585531484235375, -5.773784536490903,0
-16.983642559242735, -3.89561986553032,0
-11.346948550797931, -1.641295468474646,0
-7.320210939221536, 2.3100546025836963,0
2.9383497177736126, 9.029840789850786,0
9.740591451484741, 13.913898205104463,0
-17.113649965677457, -3.489239692192981,0
-17.546206918953153, -3.603361246171622,0
1.323406405259155, 8.676109669643282,0
-7.849481336013773, 2.6697963920720973,0
2.952350474756751, 9.275526054757853,0
-12.617729034596467, -0.6322645581275967,0
8.073004738535067, 12.84869692689893,0
-8.334510784145767, 1.6917400991626952,0
-11.021425215215592, 0.26399354327084895,0
-5.935659063016398, 3.942604653068739,0
4.68808289646095, 9.202756701386539,0
5.078713253525976, 10.60774699721554,0
6.529295064123762, 11.537668129259696,0
-15.606032596742883, -2.885182316389234,0
0.22913408369613705, 7.475904884979226,0
6.798298335113522, 12.222830238749987,0
3.3784317198179092, 9.249604786407444,0
4.055562779281879, 9.825098195709598,0
-3.1907068859125314, 4.989315241421019,0
-8.79741614942597, 1.731499397688927,0
-7.541428587188901, 2.725611161542897,0
-3.039056523400197, 4.87808332150911,0
-10.38215860688647, 0.0402120379686288,0
-11.913172751810967, 0.026970027995460395,0
-5.085196172724888, 3.9515888408715614,0
-10.461146764419736, 0.5918467258990395,0
-14.994179452303293, -2.3925102410784493,0
20.298667222484443, 21.381239327186055,0
11.253756195983526, 14.565009758787058,0
-5.923533132992843, 3.252552184811463,0
6.772322005020512, 11.68029440649366,0
3.313222964020521, 8.934251261807686,0
4.83554157766568, 9.907019120278548,0
-23.277244571686825, -7.879239956031343,0
3.133443585109346, 8.774046457874748,0
6.010064891713893, 11.233398791617548,0
-1.064073382353512, 6.54854649009052,0
-4.646571682635605, 4.7581282480742475,0
7.168260836019116, 11.866949445970702,0
3.586699300311938, 9.63902355150236,0
7.115426934637921, 11.82790572801356,0
2.578036051072792, 8.93562408032044,0
7.8566227843782785, 12.669433443462836,0
-8.427904161985767, 1.9574093495310492,0
-9.55209791479664, 0.10586911294236297,0
-9.091525952842357, 1.2986889773892738,0
5.627215988605452, 10.56244489018439,0
9.083681612212589, 13.950574152868613,0
-6.234747943870515, 3.3418677904130796,0
-4.873519767806952, 3.2288249685577104,0
1.3580576611629165, 8.312285956490168,0
-12.315486834935484, -0.8516435557464673,0
-9.55209791479664, 0.10586911294236297,0
10.763032367791242, 14.729956927176296,0
19.623084662599386, 20.29190266518786,0
-2.9560095960470165, 4.372544105992081,0
1.7605818611707396, 8.354399984712684,0
15.027992003712239, 17.490085776327714,0
-7.453880624121622, 2.5479916463404417,0
9.453791633943203, 12.964182310676911,0
-13.302015120738945, -1.0395798373260525,0
-0.12423137950440462, 6.669897410513557,0
9.52944748133942, 13.727948382125689,0
8.706723695737042, 13.270874507930978,0
-4.196986833463917, 4.950724695714894,0
-4.550878530981862, 4.3178454996081905,0
-0.47057040730341654, 7.04296996357817,0
5.719882186341454, 11.08823859784057,0
-9.944520861621795, 1.2982544011605541,0
12.652942967353981, 15.969402923739276,0
-0.8543753597085898, 6.391918878112523,0
-22.99002947837564, -7.276768131450564,0
2.7644483902056853, 8.93083146616201,0
-34.41009470218545, -13.11261638391663,0
1.0820375856537876, 8.112831275993361,0
0.05187093786107077, 7.641853141621185,0
-3.0158563912784895, 6.105807563129811,0
10.098611582563061, 13.948139829975434,0
-2.6259326415061617, 5.53570527402746,0
1.7913342848468938, 8.419032186695752,0
-8.353159115811799, 1.951325718503897,0
-6.0196757736423026, 3.412428789764004,0
-17.501544553297876, -3.5575411723185275,0
7.801259400934046, 12.313224627579546,0
6.0778687881645075, 11.451920519644617,0
-6.500439154084919, 1.358036305883933,0
-20.888285981784648, -5.941958734697339,0
-5.691847370869139, 3.203495707246182,0
-4.874174434600885, 4.099131396201727,0
-10.326590319192599, 0.49976432948491134,0
-9.09084033964057, 1.2932136907833096,0
3.847275893286639, 9.340068758204755,0
-7.873650718421573, 2.150279566901553,0
-8.570967436455437, 1.6300442867239362,0
-3.321341636000377, 5.488407150072253,0
7.3385734839369885, 12.328878148430269,0
-11.544099400310216, -1.045488325987022,0
-0.8001894948177606, 6.221291076594749,0
6.705109534142127, 11.92982507257195,0
5.282992581965997, 10.682782708696928,0
-17.94085036534048, -3.3394303194890194,0
-1.4037542764021642, 5.539150951650849,0
7.849812884819643, 12.601315623226741,0
-6.0196757736423026, 3.412428789764004,0
-22.970021420580775, -6.930193623010473,0
3.7999200922339527, 9.010257733074424,0
-7.963676031412227, 2.108937774140331,0
-2.0604526117726403, 6.169078511682627,0
-10.618022242812268, -0.2258598719064923,0
-7.826586133177617, 2.1628145276327064,0
-25.613939166922442, -8.820935067398612,0
-8.487612441099664, 1.7397200293342978,0
4.54664889732061, 10.480775268302109,0
-6.551426601809771, 2.8966616057961985,0
2.324236615489077, 8.479093105549582,0
-3.4004507457415767, 5.086923108778176,0
5.744465885992079, 10.64291981454577,0
-24.023771573303062, -7.867378431650889,0
4.560137828649556, 9.754839648080393,0
-2.319667559873155, 5.05078803418578,0
-0.40164507109897823, 6.309477115170528,0
2.085759848628834, 8.765976328302502,0
0.8472387461634464, 7.9606752728726775,0
-3.089870728947, 5.374139295864677,0
-15.82250427511072, -3.2487668266895837,0
-25.032121518520526, -8.273759095641548,0
2.5455211543496863, 8.65266221548425,0
10.784571888221835, 14.419735531991781,0
3.1189149880769818, 9.10806894172857,0
3.4240620625248432, 9.988343273022714,0
-16.42843748199341, -2.7516893273601655,0
-10.55111128208089, 0.24307288870596722,0
-3.5538993152121883, 3.883174755062249,0
9.13787871280819, 13.559761321043446,0
-1.7975442763840825, 5.964943573006524,0
11.064221986569986, 14.80465704489999,0
-22.696638914826433, -7.058101882529535,0
3.455657889196292, 9.768540989048317,0
7.81529228061852, 12.63316762139118,0
9.913132415902071, 14.23609179213368,0
9.714485719013153, 13.414981762027459,0
3.439882579415985, 9.386700297411535,0
-5.81465143213985, 3.2512612348690473,0
-7.873650718421573, 2.150279566901553,0
-7.820416193734836, 2.081936505775402,0
21.55608426375162, 21.599443026023476,0
-9.511489492929533, 1.3226855239280468,0
1.3407035872273225, 8.052615057820542,0
-6.293155726790189, 2.959720464793588,0
-13.060896720433227, -0.6972075983904381,0
-22.60702135574278, -7.442402786366946,0
4.989040983785372, 9.896724386748303,0
-6.867743753217237, 2.7841721124782315,0
-10.365902924503729, 0.2354734554765442,0
-21.48692873101066, -5.899276839490199,0
-5.845644570865541, 2.9287068818017774,0
9.535046467848572, 13.773918587420301,0
-0.39517147087567567, 6.8500949424758435,0
10.204501625040619, 14.366942909375659,0
7.094953880371996, 11.481064983207563,0
1.8078931454394573, 8.776096613589457,0
0.6582034050294999, 8.403350426853578,0
-6.864226554278205, 2.735524462716715,0
-26.31712897810195, -9.91724506571085,0
-22.72096297442194, -6.43396025084253,0
-9.188963212829123, 0.7738500803024226,0
1.9714526071254044, 7.905798450715034,0
6.603774462460456, 11.239984548104719,0
-5.413327808085142, 3.7981017918484388,0
-23.538592506888982, -7.929788019031747,0
-3.0158563912784895, 6.105807563129811,0
8.736538850196322, 13.046549014669484,0
-4.742621796277152, 3.786231728719136,0
-4.86293387399667, 3.5003910834882053,0
-7.76288865079481, 2.3034964841459495,0
3.9917258924758765, 10.325342637097455,0
7.567512008210741, 11.50992145956693,0
20.796576894197784, 21.332597400057978,0
2.2476509075229423, 8.725057376042276,0
1.421897704019516, 8.019633492727106,0
-4.246317510788174, 4.521225334874809,0
-8.39101700489318, 1.6591880500400342,0
-0.301541524893727, 6.222423844819365,0
-14.616444132298419, -1.7965140568078153,0
-11.699136282532374, -0.16028487787484916,0
-23.864619492888185, -7.783437731674701,0
-2.884343032694567, 4.910205711672977,0
3.097584349816562, 8.848397225763373,0
-18.42875323487372, -4.411142804820515,0
-1.7189938213451261, 5.825461464066535,0
-7.975706117639801, 1.6726241290153805,0
-2.644259782779084, 5.213135802547386,0
2.066236614265263, 8.370797217422627,0
10.737626321227957, 14.241537619951899,0
-10.469811062455959, 0.3598401450254987,0
-17.937507031497244, -5.313584336990807,0
0.2815671904286574, 7.120224093027215,0
-4.2075010255947145, 4.7749810578092085,0
1.5720816410743563, 8.278138733786708,0
7.942575130223644, 11.64929661186116,0
4.824152441937159, 10.70895242368809,0
-10.846993199157883, 0.07357100904784056,0
-2.8542242859849716, 5.346253862781067,0
-0.7793468245640178, 5.064094930332077,0
9.173918137987936, 13.171263357836137,0
-12.448354396311784, -0.6904631548172077,0
-8.873882453339844, 1.2873283735902177,0
-5.734664480896184, 3.81909180760834,0
-9.464336001298108, 1.2524014023436354,0
-23.40887720905018, -7.0974339678064755,0
4.240891718730909, 10.421536139210007,0
3.439882579415985, 9.386700297411535,0
-17.965846640306818, -3.3090712955795203,0
8.009313454122367, 12.505325229817226,0
-14.788336989883984, -2.96510586335644,0
-0.30568376224526633, 6.8655711603792655,0
-9.916356562766723, 0.994373409191464,0
-18.906887798941447, -4.855002572375494,0
-16.17452590903354, -2.6956633540367405,0
2.034864303363308, 8.227190687935012,0
-4.116758812998428, 4.326469484848265,0
-10.55123938570706, 0.20806227069818636,0
0.435257385863818, 7.630958911634265,0
-0.6743259704466209, 5.2557555959840965,0
2.8345891342848333, 9.17521621363562,0
6.351890328127723, 11.276559586377191,0
-13.545623544598925, -2.0242386449973067,0
-3.7255132250226333, 3.7198168666451688,0
-19.98136855720985, -5.776575921535943,0
-13.365249153296572, -2.0683441252464623,0
5.138388949319476, 10.365710766138056,0
-7.55788888142564, 2.558727555237048,0
-2.0873706441589595, 5.856221452202825,0
-0.16407855549505662, 7.245924127057592,0
-3.462799201106298, 4.5810711055024385,0
0.6145858234620116, 8.174384086237373,0
-9.45338841989223, 1.1118294334306968,0
1.1426293927057567, 7.552175679432258,0
-22.195370345582564, -6.703425730890974,0
-0.15723924660479285, 6.675549911623916,0
-12.027715208254149, -0.4140756506024751,0
6.467143709181423, 10.687063488080511,0
-20.16869725241264, -5.054408903687949,0
-4.330389024860737, 4.4487459042375885,0
-1.2009059193472007, 6.403261584971987,0
1.9740864769149455, 8.964984451731025,0
10.26079491297053, 14.264900086310975,0
-18.530628943617472, -5.355986874581745,0
20.044714004378353, 21.22513099643771,0
-5.977239688736675, 3.262135746616432,0
5.568978601775088, 10.996679728485086,0
-7.714454780655584, 2.1929125085817627,0
-17.272584587845632, -4.491386536011138,0
-11.038938805131627, 0.11647375738401977,0
-22.74949879950501, -6.909072917508858,0
6.8406173135049535, 11.80519631724056,0
3.746183358661998, 9.408008558797977,0
-21.606219262742265, -6.10207908975436,0
-8.056793821897195, 1.6993398105901292,0
2.730205593636631, 9.066030546058272,0
-8.533337225808257, 1.8042126202175368,0
-1.1273065554013608, 6.381779583558854,0
24.032075954453887, 23.002364567593048,0
-20.677596596488577, -5.543553058937379,0
-2.5035648106958592, 5.163542197026374,0
4.092840988252092, 10.101804611659523,0
-8.251553588783727, 2.0943427251327864,0
5.363967378781924, 11.110308135565074,0
2.5392157964551743, 9.20456650603998,0
-8.829790932433268, 1.8947145101452,0
6.605332429738852, 12.179260883830738,0
-10.451091008646738, 0.46250968738825166,0
-0.9944528643305517, 7.091565871971486,0
2.5710033088009956, 9.556128667795646,0
3.7255614487289463, 9.43824962730071,0
-4.705961440881726, 4.369336825228004,0
3.5988467915997706, 9.27576428624021,0
-8.959387646535959, 1.3886397381317384,0
3.793358320243698, 9.163037813066977,0
10.846609951262224, 14.863147072677716,0
-11.006462127361239, 0.06097684516384126,0
-15.105199948497097, -3.0044795585187756,0
-24.883119384910433, -8.868356753318016,0
14.165274864308623, 16.761717209653575,0
-8.311503440564604, 1.1055442262866448,0
-8.605283926614325, 1.9873230190669322,0
-8.179241011093307, 1.7705300719438275,0
-1.0966038508122353, 5.871040314384774,0
-0.24797422513463416, 6.9847896376362,0
-1.5842515627045761, 6.398794056622836,0
-7.695774396830029, 2.4991636990244075,0
10.037004955998436, 13.627029440704487,0
4.187390174721343, 9.601112427339748,0
4.798567657791425, 10.124001461353137,0
2.623256465646552, 8.89995647879701,0
-2.0399760004440277, 5.9315166787918585,0
0.45084099224277596, 7.7241137423465664,0
-5.854003482283709, 3.2384226363854727,0
8.749054303911452, 12.913379834661686,0
4.791830895528786, 11.181857688163023,0
9.482006674633613, 13.890495040973269,0
-7.387995198727348, 2.4253189490304314,0
-9.703292313323017, 1.5489661835943886,0
-15.145927996162866, -1.900269275760677,0
-9.55209791479664, 0.10586911294236297,0
-22.962025024979805, -7.208746518761654,0
-4.048442875153883, 4.369056127483743,0
5.1409628346369365, 10.595700955749914,0
-8.362403171887374, 2.5296526704924864,0
-2.7595088727470456, 5.029131767319332,0
-15.226072416166357, -2.8708356957560968,0
1.4652925573059565, 7.2668889921435325,0
3.3784317198179092, 9.249604786407444,0
-6.368178220913237, 2.648798742018225,0
18.74641683169256, 19.964806741045784,0
-2.7274198007104093, 5.257224088871538,0
5.016904866973529, 10.246512053798993,0
0.27154744759074545, 7.2574162305424785,0
4.325614088344897, 9.981156041125079,0
-2.8152127812968066, 5.528722062095351,0
1.1128119355336414, 8.51105626748748,0
-4.347825668217763, 3.4633951723614604,0
17.146713439707945, 19.064780111399543,0
-5.0064305379251826, 3.6503124647076692,0
3.9468786948630297, 9.543145857585827,0
7.466363049982467, 12.4854388858866,0
-9.140621570160038, 1.6056471365418217,0
6.886534696779487, 11.707420609212948,0
1.5151332178854304, 7.8069923619275094,0
-21.310304194612492, -6.1954776883238205,0
2.9854331339731544, 9.053998587597093,0
-20.88155998883098, -5.98530650619693,0
-0.4912594830504794, 7.196774560474362,0
14.327759044776688, 16.82861990711698,0
-17.571629623155314, -4.551218918589656,0
-0.42070031097303273, 6.890521478197967,0
-24.468023699346364, -8.534265519465995,0
-7.401182588576946, 2.335634724792097,0
5.021397558651917, 10.102491203029356,0
-1.693349675852398, 6.6668844757888825,0
-9.251489980182557, 1.3391066044981685,0
-8.939276244282238, 1.4818546301087432,0
4.076543459619334, 10.061719643960364,0
-11.601188770197872, 0.14214395251610035,0
-6.449376120607202, 2.988068449371644,0
-22.846388422112458, -6.8712335960774285,0
-6.116696648458885, 3.0060189515691764,0
5.392761693471024, 10.824890282681087,0
2.460631526317433, 9.088821982375272,0
-7.508493095590232, 1.5311119450294968,0
8.723397472262658, 13.28103007523871,0
23.524517461579546, 23.13197067322771,0
22.225171647330374, 21.45919497433102,0
-16.22902025133201, -3.1443701374795086,0
-3.15663623252409, 4.800097701167885,0
-8.636874825251848, 1.3137790157657532,0
-23.039886387143785, -7.389238351983293,0
4.757641421351948, 10.547636681765983,0
6.621350806270856, 11.91583050463008,0
2.3581261347520024, 8.541675499719844,0
-20.33829340838392, -5.6484781329737945,0
-0.8491436549884364, 6.626423783048524,0
-13.730952783406844, -1.258679254012837,0
-0.7447340629209129, 5.881479624899469,0
-11.5528349614989, -0.013908200242311434,0
-10.087475945777797, 1.0818235174630992,0
12.62920778692679, 15.475157248833774,0
19.73039088281453, 20.371343885219478,0
2.623256465646552, 8.89995647879701,0
2.8039190494321473, 9.943855682078377,0
-3.1712632697140912, 5.534489399791348,0
-10.713991433516657, 0.4038878973551777,0
4.30131314115783, 10.695614851390056,0
-1.9665175758248392, 5.830854835097386,0
-4.494114076678082, 4.017840215559852,0
-9.972756060851179, 0.34064882110559735,0
-11.964134989910601, -0.8026564722135625,0
9.000670484703587, 13.024752290689994,0
1.188994252899457, 7.110788745474866,0
2.3017776901735183, 8.1409999121132,0
9.023838763721548, 13.04353139031593,0
-1.2569741080907386, 6.999029327683532,0
24.327167076967356, 23.24666276526798,0
-6.867743753217237, 2.7841721124782315,0
2.0712221598017853, 8.840597621265488,0
20.35951715407467, 20.735000249326227,0
23.09110248735482, 22.227769108748035,0
-6.0021358386993215, 3.2007842070229637,0
-4.646571682635605, 4.7581282480742475,0
-11.762858029767688, -0.28276164842726204,0
11.261849814861215, 14.62809830855742,0
-23.598892524330015, -7.331943443859271,0
10.771942105058416, 14.435745999444164,0
-0.2803623724911149, 7.4679360822650835,0
8.681207352334766, 12.874339569126507,0
-1.2263997798147388, 5.900101476074153,0
-5.646997406509079, 3.7480746164347876,0
7.285381634177222, 12.18665880708093,0
1.926697633453702, 7.912287926698171,0
2.491650933550781, 8.905494773079546,0
-0.9881249170128513, 6.236733632961457,0
-24.297809073187743, -7.517525350494941,0
-29.36096744328266, -11.478646722562893,0
-1.0725876260472245, 6.314469036065687,0
-2.604506578850431, 4.324292528829366,0
-17.36306881200652, -4.278188618017506,0
-1.396893048749976, 6.023603634777454,0
-12.718345227760937, -0.9190635771329512,0
10.331918578267679, 14.446313725713095,0
-15.884289249955474, -3.632098471383122,0
3.4630187194621236, 9.346060199738085,0
-11.03270098512238, 0.6324641565690486,0
-0.290084275768866, 6.619524771551726,0
-0.3668181027819558, 6.645089168038625,0
10.567606564565565, 14.106989711219832,0
0.20286202630460712, 6.915313755098067,0
-24.066710968612934, -7.639043847925205,0
-2.140135724690893, 5.806783025168512,0
4.357735506711087, 9.570200315768789,0
-23.79485919023465, -8.103092264368337,0
2.6302506501354643, 9.416300021139634,0
-5.951265281954961, 2.999357425372301,0
-3.688317231748153, 4.60096288116611,0
-4.602018912006782, 4.1657545187426805,0
-19.46568341146588, -6.100692021518556,0
-2.1506403380811707, 6.191283473987062,0
-9.140425937005663, 1.4852450747927035,0
-5.498703544490445, 3.6647695979238795,0
3.287680454328786, 9.61211604218508,0
-18.93201037841542, -4.565684858309585,0
4.475669380103914, 10.217130233584387,0
-15.302640385033186, -2.645296964247632,0
-11.08499675685484, 0.5413862357113081,0
-3.409887463809694, 5.498053551491718,0
-0.7762429811406235, 4.844943490548744,0
-4.555241113554725, 4.468589461930728,0
-23.082367236567876, -7.699781044205346,0
3.2410496601940584, 9.843491410926447,0
-4.38876806077282, 4.3001856580263595,0
2.839293897176263, 8.317271210653777,0
8.131293447548984, 12.889989078139603,0
-6.158339136444658, 3.0992410629527947,0
-12.422856935749792, -0.12420491881420312,0
0.00841568413994426, 7.023652599395493,0
9.890027981734889, 14.305356836314626,0
-1.847263054295788, 5.861276556470419,0
-2.601883907500053, 5.795195941001489,0
1.7020593653318214, 8.294582958404305,0
-5.521684893840333, 3.4964542707228556,0
-11.270646605474584, -0.1510826210052746,0
7.235886572351474, 12.062438084129143,0
11.389233921276832, 15.027654739708776,0
-8.99076049042835, 1.2700229745051284,0
-9.55799749585522, 0.3950344965958137,0
-19.809474947466406, -5.975685605677305,0
-6.637405972687188, 2.9238682977548636,0
7.41117474365173, 12.590545244793,0
0.629480315351602, 7.848335975243412,0
8.400564559519683, 12.841469463777415,0
-4.643593639206415, 3.2939711876862425,0
1.3407035872273225, 8.052615057820542,0
-2.9491513795201496, 4.896503774931545,0
-4.564700859029857, 4.268535688734792,0
9.11956413171202, 13.359492923866835,0
-11.622839082725253, -0.15156551049418152,0
4.159217895973582, 10.617940835904378,0
-25.57452624905686, -8.563477376767654,0
0.10996789300922871, 7.536779999217258,0
-1.0575219089359043, 7.108053728334974,0
-23.789009392421818, -7.3131383820129905,0
-21.630721477829862, -6.210264507959859,0
-7.858040951186145, 2.208203005906074,0
-9.302342069973854, 0.8723500595032914,0
9.247710626196467, 13.521549688585672,0
8.580568020546485, 13.257507580166726,0
-10.695196326660481, 0.006767350392233879,0
6.329093396786401, 11.126219860843344,0
7.587657190932916, 11.76459868952105,0
4.874957684391489, 9.083449582040453,0
-2.096818149317814, 6.033857346041261,0
-10.23649694660732, 0.5506811345699858,0
7.199525022823768, 12.26521462706383,0
-3.0158563912784895, 6.105807563129811,0
-7.403228463557161, 2.0427621517705976,0
-16.381334319315073, -3.0814655390316887,0
-25.611993192508766, -9.155932669037513,0
-6.867743753217237, 2.7841721124782315,0
5.448771339224267, 11.106244718439724,0
-2.3950644518574484, 5.590727731476516,0
-4.661647006524175, 4.254442594406085,0
-10.955247769976681, 0.009255731996007108,0
-3.8622424191964395, 5.1765628973418405,0
7.71870263404522, 12.012135411151709,0
2.3255740310012945, 9.107042362527602,0
6.842519619236121, 11.905401996074012,0
8.591299346700168, 12.806932376224239,0
-4.81028325665641, 3.758330616388682,0
-17.208325811865134, -4.354333111201024,0
5.251647677506326, 10.602513780200823,0
-8.356511476722645, 1.550791195633838,0
8.35137632565917, 12.582892337346053,0
-11.856015616983347, -0.3665447724346535,0
11.253454663268228, 14.741848683134227,0
-16.200841558224884, -2.791901346904559,0
3.85030779662427, 9.56345884007177,0
-2.051150973476159, 5.075159532735933,0
-10.965884561343515, -0.13529969515927673,0
-6.252748713060096, 2.883366724915463,0
-26.62355837442353, -9.73313657939403,0
-0.19376971834296364, 6.565965807319487,0
-26.928024536836336, -9.536929579992849,0
8.06165519679592, 12.629012138713396,0
12.68724951417241, 15.736763715522454,0
-22.878755995834947, -7.084182783611592,0
-10.954645136126587, 0.5651697144838671,0
-1.6433345897494962, 5.601629477746668,0
-0.38483580949619234, 7.329076559624003,0
-8.463801973368193, 1.6897193322062691,0
-23.160690796268355, -7.188803970529201,0
21.243061623707998, 21.738947986921087,0
-11.321249824455139, -0.17558063923958783,0
-6.8912093290169105, 3.1737776596241716,0
-15.429696127168302, -2.48507590404996,0
-1.9283693234525037, 5.741111437037756,0
-14.09311473063081, -2.696926151723227,0
-22.188993227971096, -7.120471366701723,0
8.557702922032558, 12.897997059002837,0
-14.304545589481368, -2.2701726804902167,0
-1.4731263518012965, 5.780476749929924,0
-14.778291084160529, -2.2466515419768296,0
-5.491383261756683, 3.4654025454364095,0
0.10570530977833892, 7.254224975644618,0
13.450111884794108, 16.14558602071957,0
-3.0158563912784895, 6.105807563129811,0
-3.9228611337133206, 4.6233222954474735,0
-9.05677110173078, 1.3800394565042666,0
-8.868790987976157, -0.10139208120950048,0
5.42191663280565, 10.848002288339194,0
-22.714240331584694, -6.7719051735140505,0
-4.936827460413103, 4.316546008209259,0
1.8850855908046646, 8.078659922138922,0
-14.243034918307073, -2.2668529288298274,0
-1.553454240961376, 5.109632727690943,0
-15.209509888485247, -2.800573523736025,0
-12.532359222499366, -1.161810357843974,0
-9.044156014950373, 1.3406457438132322,0
8.010831943922986, 12.467198802777606,0
4.019309696632363, 9.752282839755479,0
-18.927205652220003, -5.236550920866374,0
22.02919191330959, 21.54495014002857,0
-1.9575018760169436, 5.990872812382604,0
0.3978106755835241, 6.980820254408544,0
-4.477137012709506, 4.0642081409688435,0
0.7423564328363462, 7.327002857529446,0
-22.53141107771097, -8.382954284622915,0
7.424772595818911, 12.104458222297547,0
2.392651654846417, 8.199977101176549,0
-8.036541309269026, 2.3675081605565897,0
-1.6386695216238933, 6.017139218205457,0
6.842973123258596, 11.462202277730894,0
-8.751838702959622, 2.0929315820633376,0
6.390148308966306, 11.256519201891955,0
-23.783089167391196, -7.7825980073227035,0
6.494308043637153, 11.6632056774539,0
4.655157642148517, 9.976488115516755,0
-25.248988062969474, -8.22527500742995,0
5.533305181636975, 10.683950431679948,0
-22.644057776173735, -6.830940050335286,0
-0.11720885037846093, 6.644121212662635,0
23.319638059923978, 22.116115623402735,0
-1.3756067569778092, 6.505162212936837,0
-0.35374152858932145, 7.05266902261781,0
7.864373589951106, 12.854773723175116,0
-8.541956577888365, 1.5726333726108872,0
19.041394653895534, 20.515348908836653,0
5.478519706215985, 10.841819375299139,0
-22.734828552742442, -6.645585195478114,0
-5.573178503456871, 3.0373821920119073,0
-18.350165684869257, -5.069574087694792,0
-10.935576764981663, 0.3015599891565695,0
3.106482223728933, 8.505523368386186,0
-3.599872034597653, 4.694501173844758,0
11.028932397664613, 14.704905643561245,0
-11.054089352770866, 0.004741073624699089,0
5.015998221575126, 10.90676401544851,0
-15.416942940568529, -2.7140240481892257,0
-12.05133620867152, -0.3578446793369751,0
-3.35544820902995, 4.6413198625610095,0
0.8188445329693074, 6.924397581929252,0
-9.371324616311412, 1.5600753928212558,0
-10.036853668293086, 0.901041019881317,0
15.142589989977559, 17.612768297423443,0
4.7297497694768, 10.392447615934906,0
-8.507863292912013, 2.0186851343314203,0
