2.1318301317871895, -0.20567991564288673,1
1.4280292002161998, -0.22819536265467513,1
-0.5172793663127636, 0.7667130106962909,1
2.2623432562926937, -0.09013289855181457,1
0.49440357113212136, -0.1656149543391642,1
-0.27009256930661035, 0.2259085831470202,1
-0.2736653934974999, 0.4043888826191098,1
-0.5027608517411689, -0.3704699132604548,1
-0.4461019060693748, 0.5023517153826107,1
-0.581396351055643, -0.028734076532547,1
-0.5792039701307119, 0.8339441752313442,1
0.27193482960169574, 0.40160939100298265,1
2.2064096656687107, -0.08368489095247202,1
1.2842763704711688, -0.20675248883891384,1
-0.029645440523345085, -0.04714471550437848,1
-0.46991274060673927, -0.49243010186979413,1
0.28436257368268025, 0.0706916940627604,1
-0.5308860630876946, 0.43525566109635155,1
1.8391112201810806, -0.1549929639276111,1
2.3395048492346815, -0.12836209142997046,1
8.27775679964789, 0.8132099014894204,1
2.152703823615541, -0.0870277099694076,1
-0.5413955082989277, 0.12256961529748561,1
1.3261641994444346, -0.19060800452716153,1
-0.32924402823855736, -0.9253309720674782,1
2.1234259783930494, -0.09913411099545097,1
-0.6485717284621075, 0.3469179007959395,1
0.3460464491864727, -0.08473566437149926,1
0.35755740107867146, -0.06762500516649392,1
0.34278031808270987, -0.07554149646727007,1
1.7912189422657658, -0.12254101347630734,1
1.9701555077756083, -0.14826215714150479,1
-0.6604424769713199, 0.44737971572937213,1
0.047559258877020526, 0.1673045225709396,1
-0.17199519696971688, 0.06804806158322337,1
-0.08099088551310253, -0.08855297284692772,1
-0.510022109972062, 0.7131096436335015,1
0.5625612927797621, -0.20367680898366092,1
-0.25058655725836504, -1.0652429655783922,1
1.7850798674124317, -0.16180909706489227,1
-0.47391800233724035, -0.5183113834808939,1
-0.575680981144243, 0.9927508044580112,1
-0.881776997872446, 1.8898280041243651,1
-0.6244252658252066, 0.19403211648568275,1
0.1618235684486587, 0.18560599456971652,1
0.8886522623139741, -0.16119240690101203,1
2.5867986603624358, -0.07496768925841397,1
-0.2483442887867037, -1.0641015515748034,1
0.8728507690414606, -0.24920001087232602,1
2.611133190743823, -0.09477442186496907,1
1.3014470886835185, -0.19612481848897945,1
-0.21342004943244272, 0.3026600453085842,1
-0.8638136154032126, 1.785332015188698,1
-0.5123497280796694, -0.4037685795741559,1
-0.054501037486218186, 0.24798012993348711,1
1.322902673705626, -0.2224026741139842,1
2.0848332444180344, -0.04079637941936271,1
-1.1501434102883188, 3.259105938973019,1
3.002940852335184, -0.013066018558670773,1
1.0154264886060487, -0.2531246054216443,1
-0.6936643262476605, 1.275528721898526,1
-1.4750106538716554, 4.423961023357447,1
0.2036068920074858, 0.03574683659643486,1
1.0972514366621096, -0.2528431480256533,1
-0.46475704030792053, -0.5650172192418789,1
1.4773104959479662, -0.08428299266842328,1
-0.5425909242385748, -0.24265930687735193,1
0.09159501707801786, -0.1684959357099081,1
5.347379749087693, 0.44501353663445015,1
1.6189798557619166, -0.015101835822487808,1
2.0720801968788134, -0.21525155673862098,1
-0.04942024403831888, -0.14084961154341805,1
1.275117506415264, -0.19205632882971568,1
-0.4262833757529629, -0.70144369913483,1
0.24681691992252236, 0.11590327106941976,1
-0.16743586724865822, 0.3120115924828898,1
-0.6346644477143407, 0.2954117401471181,1
0.9593335274418948, -0.24484466389262993,1
-0.01657753438293684, 0.2387896096028775,1
-0.3860908096255624, 0.8226049932375934,1
0.31868786128053733, 0.04258708877158089,1
-0.42126771313116496, 0.6659101705817138,1
1.6879623579261547, -0.24944892906122973,1
1.2935694107970175, -0.20755155697839614,1
0.3994391336522008, -0.09202510319390633,1
-0.4529988132861809, 0.7447542952145882,1
-0.18712114484377315, 0.30094219879060036,1
8.294846206212123, 0.8201125035360416,1
1.7387768908312629, -0.1941813115638972,1
-0.7204193111563646, 1.4092627626624663,1
-0.3776869623475052, -0.8352376830155309,1
2.6380427824849697, 0.01574426823642972,1
1.4667541771005153, 0.02140019892066147,1
0.4293151689379325, -0.2902404253542203,1
-0.5713264339520019, 0.6951135242828456,1
-0.6932507786941332, 0.6123577788266844,1
4.336021655465709, 0.3610045170256483,1
-0.3994507360069432, -0.6623056946569205,1
-0.06867891116422946, 0.14766039331872685,1
0.4059678890137866, -0.08916374165265989,1
-0.12566706830831736, -0.12648175250937985,1
-0.45606503699791046, 0.3364856543232058,1
2.02201324436292, -0.1268040878630421,1
-0.5998116963929682, 0.10942083043170164,1
-0.4869128859735041, 0.7541270520733603,1
1.4069984040748391, -0.21734364731597042,1
3.827912308932493, 0.12385699135474067,1
-1.0915873762921828, 2.8519095236670107,1
1.2753042809811685, -0.22718190555639953,1
-0.7161886944830995, 1.3876341825234049,1
1.7723393847224242, -0.11846253603590291,1
-0.6824954251025942, 0.5445995926498212,1
-0.84980501889939, 1.5273218936676773,1
1.2197158600077982, 0.06501119510888481,1
-1.1586548837858728, 3.3210717761744784,1
-0.4691264710119121, -0.5184357302206895,1
7.76649542828975, 0.9412584033235747,1
-0.7907322439476742, 1.5499099447183156,1
0.45559272554050184, -0.08249942262393609,1
-0.01169043492798741, 0.1569217071299744,1
4.303375793503722, 0.16098966553079944,1
1.5227658326383042, -0.0948711744499867,1
0.10365979654834069, 0.07142325096135697,1
-0.6369529051384515, 0.9126674613831016,1
0.8134069446475145, -0.24637455321377352,1
-0.49205079048578537, -0.43129412689681756,1
8.026451928656423, 0.7687924196012442,1
-0.6142415230050887, 0.16195810263479843,1
-0.7416334021190043, 1.366549064592582,1
0.37516455016084077, -0.22555513639939018,1
0.9524566969482439, -0.1864875408641193,1
-0.3957352189987189, 0.6308854384810836,1
-0.39408820702016567, -0.7861200025013287,1
-0.17587771930426302, 0.06435443907194083,1
-0.13006925248333231, 0.04709259366663803,1
-0.2690788525873863, -0.019156386586395423,1
0.9160111720808979, -0.1725102348438027,1
11.703272406055094, 1.4112227203222771,1
-0.10029456379185298, 0.22418735521167618,1
-0.5472078692265603, 0.7568781303598554,1
1.756654481334385, -0.05107569580711753,1
1.7845661138915228, 0.032234937613751256,1
-0.5558834853138908, -0.1404687769010362,1
-0.45250079723286324, -0.5283824267274064,1
-0.4676065421175395, -0.48883584299150407,1
-0.5321691181679553, 0.7792117230607672,1
-0.0526936116265102, -0.11398613189463754,1
1.9036308885953879, 0.015173182131524453,1
0.4430375027674344, -0.08609132736054409,1
0.06363771820782724, -0.12662096596138572,1
-0.08117325839708547, 0.22617458400693163,1
0.3006879396217241, -0.1680093103505132,1
1.8629498882118738, -0.13006131400135962,1
-1.5755561631841142, 4.8008056066986144,1
-0.7462065195182639, 1.5551564071590547,1
1.4726394030979244, 0.032658474917335485,1
2.0458254730300403, -0.14861950752600225,1
0.3185039305867695, -0.010149003689662824,1
0.7648161183398123, -0.15599978678536888,1
0.6101791426495652, -0.053924561156285127,1
-0.4601065288432728, -0.6036342200852657,1
0.5986463866233653, -0.08454767781742495,1
1.8186033047060348, -0.08529513966329547,1
0.07759841111055095, 0.03658577112744975,1
-0.02504963991862454, 0.12640989324880897,1
1.8817238834359602, -0.2257147570153585,1
0.6431214037634659, -0.29249065226964843,1
-1.2008211831248032, 3.507837607523865,1
1.7968453288993222, -0.24564992188504733,1
-0.5924587114872936, 0.019075367349784062,1
-0.5481146701840635, -0.22217502361477406,1
-0.06015637071699365, -0.04921687090499539,1
8.031922346967415, 0.7642530256686448,1
8.71378800885436, 0.9628137992734747,1
1.8956838011034036, -0.21762216945885127,1
-0.95703545962312, 2.589024706646983,1
-0.11761638506226249, 0.4274805600614019,1
0.49257827847663066, -0.22472837923907646,1
2.7051694239977446, -0.03686699954714144,1
-0.24958634244391054, 0.006963514270504064,1
4.7066906458432145, 0.3127491611521397,1
-0.6947359419015859, 0.6212902327816695,1
-0.6535635923716498, 0.38755276119161364,1
-0.4372818084824246, -0.5703119976600318,1
-0.04922578245606755, -0.10764804843275873,1
1.7982789057187702, -0.30359905427560785,1
2.5897255862509523, 0.11931759029319296,1
0.1167658278824121, 0.0007944877664779218,1
4.596645944793349, 0.21723920172784686,1
1.5587686989231657, 0.1615518853716004,1
1.2862110941964542, -0.20645315065265124,1
9.29221279022895, 0.9860334177142625,1
1.9325216357289672, -0.09642820387079634,1
3.3874683154162666, 0.11557579147157351,1
3.5057910600968, 0.30214169777741484,1
-1.1446038964390968, 3.229345989334133,1
-0.24006235028349984, -1.0759215257078927,1
1.007745258815432, -0.26847034890232074,1
0.10932955066877395, 0.21266394485345144,1
1.1144204007172158, -0.272227532913751,1
8.211710816936245, 0.8123626381575524,1
-0.6294785355191417, 1.1708276054914415,1
2.0505503902997684, -0.13007533086960135,1
1.7536389661765577, -0.11731624528552953,1
-0.5286664465269428, 0.6528646483512511,1
3.7588587562867084, 0.2839921891801954,1
0.8883755419196172, -0.14222728421461306,1
0.36826416652301697, -0.23478027875580385,1
0.04273475113752745, -0.11910159724754982,1
2.224710757293769, -0.20880358110122224,1
-0.6558788303654927, 1.2240660429518908,1
-0.40455974735346073, 0.041098626568369975,1
0.7736708175270843, -0.20546802715911505,1
1.830698706579294, -0.08771956260699733,1
-0.6638343034856582, 1.0896702219564598,1
1.328021079750879, -0.24023069741958644,1
1.6390005500379636, -0.143492463847151,1
-0.5837096713426391, -0.019368267105701296,1
-0.12799552759491525, -0.12064704886679892,1
0.8840671183754948, -0.12813437125064903,1
-0.13748766599063247, -0.10535188908379896,1
0.0824602804466811, 0.1632201772818513,1
-0.4436272885222573, -0.5690172547062545,1
8.256375314739522, 0.8165183447509009,1
-0.41461922300304377, 0.8413225794768223,1
1.1621371539140264, -0.24904659333782161,1
0.31916942997224035, 0.027885349106240426,1
-0.6559542037028154, 0.3962260077488355,1
-0.06294028602929454, -0.03155578398001013,1
-0.4952367943881645, -0.4795356286376452,1
1.291613270759621, -0.19698916975123246,1
-0.36670695946807647, 0.3605537257728917,1
-0.8131783604149417, 1.715533307237915,1
1.3305920417352877, -0.22027214255808691,1
-1.5879007789013087, 4.8407197376611295,1
1.2576705479113486, -0.2716318964022701,1
1.917902465076177, -0.24133481891373937,1
-0.40341109662145275, -0.6606115686466526,1
2.0510174840696918, 0.18093554929695962,1
1.709767266246225, -0.1321568564907364,1
1.302032212706059, -0.18700115600107553,1
-0.5544649956431135, -0.14797581147155647,1
-0.6154658014875674, 0.16977839079244617,1
-0.22111157811413862, 0.350878104390907,1
-0.17354487421711592, 0.16734309004319395,1
2.0269742406752784, -0.17652436002951732,1
1.6881736755145655, -0.1901324585025278,1
-0.1474832537998392, -0.05512901095752325,1
-0.3312510420912804, 0.07629558356404656,1
-0.14234487517288213, 0.2828151492484295,1
-0.5620434354676216, -0.08536126132820315,1
-0.3344013896815648, 0.34733226754071084,1
-1.5383365674161316, 4.684541918742059,1
0.6362758068558549, 0.10576898645160918,1
-1.5565923868436717, 4.751026066180359,1
1.173592159558405, -0.2729322849111056,1
-0.8122590967334956, 1.543803447607794,1
-0.9752006852918027, 2.2427043178248023,1
0.8894616199449111, -0.2633643830766159,1
-0.4585528028299327, -0.5449622990961832,1
0.5994091900606708, -0.22099846706867302,1
-0.8097019733856385, 1.6714065978756851,1
-0.39634046761011177, -0.8248901207540529,1
8.548277191278025, 0.9020298925023851,1
-0.6293243285034376, 0.2938000268971702,1
-0.7848506201614508, 1.1919145974095728,1
-0.47045057929348566, -0.5417647000388912,1
1.8827762751743375, 0.04574357340665934,1
4.725613273629819, 0.4038297534561028,1
-0.5381695273231224, 0.14021637416568292,1
-0.6976203785990984, 0.6861831357144615,1
5.664229214529788, 0.5498591929765857,1
-0.9767485684477321, 2.581446579206373,1
0.4076980828580289, -0.09515917922162165,1
-0.4407223410711085, 0.6197925513300304,1
1.1905471580248022, 0.16435930033286386,1
-0.2320269420754942, 0.1477379511788103,1
0.656605873353665, -0.05017741334271044,1
-1.58790077890131, 4.840719737661131,1
2.7256556755256667, 0.1823227018662674,1
2.121517432237261, -0.22136693818552555,1
-1.4196284973730162, 4.316202665412029,1
4.604959370338042, 0.399603687777237,1
2.3246752877643444, -0.03457858490092259,1
-0.01332923226680355, -0.0230738547848701,1
4.278871359923949, 0.3372093866145166,1
-0.11360323953227343, -0.1454758890395431,1
1.946999679139467, -0.1599070380690662,1
-0.5651523527080491, 0.8047007080661887,1
0.3908527251896948, -0.08859305719287117,1
1.6421799591392001, -0.21006695331358619,1
6.699281623790192, 0.6849894748041473,1
-0.4819772756408418, -0.4503350665299196,1
-0.19302052499437175, 0.3322209852801191,1
2.364390926386942, -0.10267767637924491,1
2.0331791700851265, 0.05746238236224776,1
-0.3924961182443976, -0.7754098607523997,1
0.10350428182955267, -0.10019317502818888,1
-1.094448307233105, 2.876801437458241,1
0.2675931407749299, 0.4371181188933366,1
0.5022494056323658, -0.030480709570994757,1
-0.22480129489928075, 0.23721439776327752,1
-0.7904487982722468, 1.5601493508541762,1
0.41173927134738614, -0.2468916529344162,1
-0.2977846142454429, 0.03577526938898853,1
0.3732047651001135, -0.05938956886710681,1
1.683575054629474, -0.1882589516494084,1
1.1317923493231505, -0.14810971606116,1
0.1263860442254924, 0.07747891914669956,1
-0.6984532632069225, 0.7013430492431224,1
0.18769699656053096, 0.07226909060666256,1
-0.5254199238655832, 0.6592153485568791,1
0.95044923833906, -0.1420721929236299,1
1.7617023926094428, -0.02779887949011531,1
1.302147009003463, 0.15027218472294562,1
0.026267868396180057, 0.1468520940079696,1
-0.44025052939536824, 0.47531422169522103,1
-0.11334355253912698, 0.04376287376139993,1
-0.05990015064580622, 0.385208174325414,1
0.11957409965384659, 0.17115338513041595,1
-1.147102012952288, 3.26028638927291,1
-0.45059978659121713, -0.6165254652122418,1
-0.7965394630811333, 1.200041642427651,1
0.8861116486888424, -0.1820136128221392,1
-0.43779823057060663, 0.7820020571434907,1
2.4137694512580192, -0.15971579030425015,1
0.9769464039344617, -0.24250585889003484,1
0.3767807053981788, -0.23710055156696278,1
0.35824289901110196, -0.02729561744460895,1
1.8842313682206753, -0.15848498760178423,1
-0.1704223098047847, -0.06430703548739006,1
-0.4080421597323424, 0.3202370475601738,1
-0.4722762057404488, -0.5038640301388192,1
-0.25755648621271215, -1.0762518796107658,1
0.09944807647222119, -0.05812359482430571,1
0.7485904107365149, -0.18279416006674606,1
0.20301174982563971, 0.0940912085131171,1
-0.4354824530942947, 0.5681722129283993,1
1.7357207143511688, 0.12552986063646707,1
1.3462728246963662, -0.2193552383793686,1
0.5199315892401293, -0.2754144133254289,1
-0.6863328027573432, 0.5752803029396646,1
-0.23745168208505085, 0.2642450067771425,1
9.815975107806889, 1.1272225328399843,1
0.35840818465848107, -0.06314712214251231,1
1.0792609683614405, -0.115925247619135,1
-0.16555845117492954, 0.3466802806545261,1
3.093654256334832, -0.0027304329828745397,1
3.0015303255783916, 0.0065883846699006585,1
-0.4986037390991226, -0.3921984560385728,1
-0.10817807271570047, 0.015404086051614006,1
4.033427484599908, 0.37616882479065705,1
0.294647189634887, 0.00792438337631203,1
-0.7097966627260268, 0.7333941855219658,1
2.0458945921132754, -0.1392799210944837,1
-0.5471255976977595, 0.8832975919466619,1
8.133776076474419, 0.8013695776725321,1
-0.4030013566626306, -0.7506017853280414,1
-1.1901865914162768, 3.4664225060038465,1
1.8841321952862904, -0.18893796621698358,1
4.202751671068547, 0.40469850332873397,1
-0.6766331358432736, 1.2123195721570788,1
-0.7847858066304971, 1.1689356311701737,1
8.163728442882695, 0.8043116483536953,1
-0.6644485714813986, 1.2868422787536635,1
1.4300846500385285, 0.04144683036227842,1
-0.6814910920082436, 0.5495102874089134,1
0.0007665205846054268, 0.22651321119509557,1
10.330216000477405, 1.3158496050634794,1
2.1159400522555805, -0.07593705398696571,1
0.9457380061818306, -0.2492049173964326,1
1.380675684629019, 0.01938780258340191,1
-0.43489396385046875, 0.6189447747397635,1
0.2542874521892775, 0.07346578538911808,1
2.062444249643461, -0.12567175489429844,1
1.1501376165126773, -0.26560292755629655,1
-0.807002937293863, 1.3209412875891573,1
1.9042635587321315, -0.24425521286864782,1
0.1291195888248635, 0.2002690764451306,1
0.3997563110527062, -0.0827947357153236,1
8.105462989200777, 0.8406174567110009,1
-0.10613859500894658, -0.12939902632605293,1
2.990142896568093, 0.1960847255835874,1
-0.4647353836933164, -0.5464601920797785,1
-0.34871454205266805, 0.4784496883406055,1
7.944498520952234, 0.7385759065044661,1
-0.583596475820989, 0.009959250293453107,1
0.10711618362226445, 0.2155609428744879,1
1.783131825561995, -0.1456679024752045,1
0.2047622336937516, -0.1673249566731645,1
1.2636360330922047, -0.05730250406339276,1
-0.4130715741950366, 0.37750165774428285,1
-1.1108218464799868, 2.868384285019852,1
2.1057942897334208, -0.1398081576560915,1
8.181288084938643, 0.7881870460439927,1
1.921974449006075, -0.21172384374734055,1
-0.07855623282444683, -0.11412784403430813,1
-0.3827780011942997, 0.3141827351293309,1
0.1713826943829073, 0.11085128729329106,1
8.262713360581984, 0.7907586313378133,1
-0.3330211227348671, 0.3148168657923934,1
1.1433048880277803, -0.26309682320769034,1
0.3797430747105415, -0.07900774289511521,1
7.950369748545558, 0.7273612622588258,1
2.0250442467870573, -0.06538753217922612,1
-0.20392483264293085, 0.09659475777355364,1
-0.5428436642459742, -0.24079815172722635,1
11.68354176394631, 1.4187736828832995,1
1.5254872303196525, -0.05030475617439479,1
1.21369879829337, -0.20585449475011794,1
0.3574523204907051, -0.06815308500230464,1
-0.5816411804206595, 0.5274826947116665,1
1.3164159843627443, -0.197968300424097,1
0.24284708388611911, 0.06580616797862321,1
-1.4733528168120424, 4.399982667731288,1
-0.5587798562928129, -0.09748551519286026,1
-0.48324959366105885, 0.37605243669190935,1
0.21773433427440816, 0.046597095352028606,1
-0.5272610108365333, -0.29806420541500694,1
0.27210287714314024, 0.12120031219055079,1
0.8038011432961589, -0.13001714843445408,1
1.9621658335127072, -0.1864840801384348,1
8.250772696753407, 0.820838588951527,1
1.3537387665705245, -0.23035690359504526,1
-0.5558834853138904, -0.14046877690103632,1
-0.06644496512107839, 0.12188173834682624,1
0.14182416004788118, -0.005858448631706979,1
0.7671331309865813, 0.06573987729841757,1
-0.14067373805720007, -1.2722117341285193,1
-1.5879007789013095, 4.840719737661131,1
0.3561075586750314, -0.08829567319730061,1
0.22709411360448925, -0.23879304955417183,1
-0.547968499230463, -0.20318759201862938,1
-0.9526099365458854, 2.1135025822584397,1
0.25497026007753704, 0.32071802770862873,1
2.421688458064669, -0.13101544871039644,1
12.364006466199136, 1.368781392809374,1
2.3413396436513616, -0.020384286482174722,1
-0.1345814573170363, -0.12817863689457287,1
6.238362403227852, 0.5019953800178831,1
4.56782451872967, 0.4185855169022983,1
-0.5008651555548845, 0.4605966980007276,1
-0.5602178488921159, 0.9106271035376567,1
8.122717277765124, 0.8093296714823323,1
-0.3137153603659321, 0.4443740967211925,1
-1.0943987916738105, 2.8957533219596874,1
2.336283039554, -0.04083268219036765,1
1.4646304439401663, 0.03152428425768409,1
1.7758878632389536, -0.17680004911586994,1
0.6101791426495657, -0.05392456115628509,1
-0.4979251771335428, 0.46263894669294303,1
-0.5682675402323131, -0.08835417266320232,1
-1.0766690184656256, 2.802771473850424,1
1.7479130901117825, -0.2129939410823188,1
-0.5920845909676328, 0.01544655619396913,1
-0.6919439353133481, 0.6603017299725117,1
3.7543099848711363, 0.3333948760648429,1
0.0861068128890275, -0.09083580639029024,1
0.16853150210289758, 0.13020958869667604,1
-0.6959981449483059, 0.6486741876026604,1
1.3165858271404873, -0.1866906489013032,1
-0.4097352031461169, 0.27409816287817373,1
1.751704129401094, -0.10794260952622735,1
0.6612505731315321, 0.17324096344387235,1
4.6703123221513305, 0.38964802181261227,1
1.2597966318036378, -0.19029065774782422,1
0.3990743343028766, -0.24771296818812022,1
12.310740042049044, 1.3676967629971186,1
1.6826491669454395, 0.03119337519291888,1
2.0338561454731665, -0.13861778772806385,1
-0.27009256930661035, 0.22590858314702036,1
8.201862497336553, 0.8260692209548975,1
8.40234929098503, 0.9522915396019997,1
-0.582730515323053, 0.7891350407051689,1
2.5400237066257336, -0.07066525587261813,1
1.5702798299271532, -0.04005913365503656,1
1.9849106039682811, 0.03469232135254014,1
-0.39377657485458534, 0.5165744988909687,1
1.8545594521567679, 0.052817708190503,1
1.3413384060375766, -0.13620111957283149,1
0.2726803049210227, -0.5483964319125441,1
0.9584648665579737, -0.2797087105980172,1
-0.45427207559769656, 0.5950909238839294,1
11.643614641267048, 1.4024918432199203,1
-0.44456167502777194, -0.6740877263761232,1
0.9080772011081456, -0.1377328929793402,1
-0.47540840094233017, -0.5095439992815578,1
0.3621205776110882, 0.1150196938391395,1
1.4235908698160615, -0.1019054375842689,1
0.008223914317777135, 0.0615699207389044,1
8.20425528207598, 0.8018642269838739,1
1.449446371096891, 0.10012294239550334,1
-0.25046384111953746, -1.0276397414179914,1
2.5585122654391035, 0.143296523504263,1
-1.0682558145247856, 2.9486069873703613,1
-0.44670330163109, -0.5520031226481462,1
0.13754074123240445, 0.12470596382993128,1
-0.1682920704633302, -0.07904391894787145,1
0.26105418236664657, -0.2145351498035769,1
12.303569429594237, 1.3600620381015738,1
1.8921630395940265, -0.16024299163121933,1
-0.7922988580439292, 1.1702368327994277,1
-0.832368183030785, 1.8114772315597638,1
-0.7797392828869038, 1.2848385685709358,1
8.27258112022261, 0.8063908550280391,1
3.2759534442446525, 0.15237727615656957,1
2.0386519898927076, -0.24342978366058593,1
1.2972160385837863, -0.21059062969691733,1
-0.5260600438010394, -0.3327450250409071,1
-0.45859040354094666, -0.5131962614592939,1
-0.3677913100242678, 0.4263298685215547,1
0.3958281336275809, -0.2469658152335097,1
-0.5075400924007609, -0.40424501957131664,1
2.807922080514083, -0.014668370900043774,1
4.69106392677636, 0.4173355132544691,1
-0.7143528538430347, 0.9202594260632144,1
-0.33845311363630287, 0.05267293755838351,1
-0.5068684451281426, -0.4396807403764895,1
0.34550738561602234, -0.03395091913174825,1
-0.17873163301105824, 0.31181712784195836,1
4.822592099171278, 0.41778091012624236,1
11.657193358207163, 1.3987356349898106,1
0.27361830495815137, 0.37901834845058174,1
8.479263657583246, 0.869796058504229,1
0.4103918196621812, -0.06798942160243136,1
-0.5277459289901822, -0.32778021539595376,1
1.9044828489729337, -0.06645730446988737,1
0.3276919579534217, -0.050890230547663416,1
6.468930622316877, 0.6719869142285926,1
8.05347616416556, 0.7839284332036299,1
-0.6732996979795769, 1.3331559791925722,1
-0.8809122556940944, 1.6980323634286056,1
0.4542134394260117, -0.23209414538165632,1
0.03802897534425032, -0.052463161109296,1
12.260589261526475, 1.358321916072663,1
-0.3976169579292532, -0.6618963659632275,1
12.202511927833468, 1.3699600026555363,1
-0.8271785578556763, 1.6215713665056473,1
-0.4410581264796197, 0.6279428425334503,1
-0.8357836508097886, 1.4377262450584947,1
0.7165344788928855, -0.1523395545044478,1
-0.5794831875629761, 0.542388600575609,1
-0.07958474898879216, 0.20965763225663117,1
1.4333319376150917, -0.23421593340129818,1
1.3749718285634664, -0.26030780863149655,1
1.227950575934876, -0.22315334279980767,1
2.179291460887572, -0.08879123701573428,1
-0.37394678479292415, -0.8497802069760141,1
1.9829962348101722, -0.13832837830986625,1
-0.8349319249286861, 1.4460139131908996,1
-0.00544693394520181, 0.0696032314594313,1
11.713218849135188, 1.4069569363740952,1
0.9943386250829777, -0.26707772030530236,1
0.27688329853502913, 0.06834271844552861,1
-0.0337240876758771, 0.01723222216760677,1
-0.14220440570902856, 0.06174119426396849,1
2.12718427274215, -0.13583144632717342,1
0.9495015296750979, -0.20726795431188236,1
0.6380389922746922, -0.21991379409805892,1
3.265875650554245, 0.19177745979458333,1
5.689838050273753, 0.48576980746166687,1
-1.1492245493704274, 3.2632931263344918,1
1.3649468698857503, -0.22303985859047584,1
-0.612450940306051, 0.12728409326217727,1
-0.11937531599097062, -0.0964842739836558,1
-0.6297866966555509, 0.2157080981385215,1
-0.4308691199376743, 0.5831426195975163,1
-0.8210647122255514, 1.7204581050946737,1
3.8802386819245647, 0.28682502330151094,1
-0.04165138951116738, 0.030562960671055184,1
0.6129822751774194, 0.20152707260323977,1
1.406169277917002, -0.07806129620836488,1
2.165943880195282, -0.21718011137943616,1
-0.42599801875453375, 0.30998936435133945,1
0.28058570552135503, -0.012398264836757784,1
-0.8142125002689855, 1.5540996045255244,1
-0.11173978773543355, -1.3468795209341153,1
3.434226612912585, 0.2575967449846083,1
-0.46834025367555593, -0.5150312002346823,1
0.193191098930229, 0.049661189297811555,1
2.108008530699437, -0.1153474576435948,1
0.2407872896609342, 0.053594918663029845,1
3.6271261770900405, 0.023695033516487038,1
0.24840965756907388, -0.2051842511317665,1
-0.6910912847827687, 0.5845618305143787,1
1.9553289699166445, -0.24609963982986977,1
0.9769017356357532, 0.05696027953715024,1
2.4892120047102013, -0.12675169003061457,1
-0.15530789161799793, -0.05908389530320129,1
2.745668774743891, -0.034874787265476194,1
0.048618498407894596, -0.05858365633725681,1
-0.08228944925773454, 0.22825512349250876,1
1.2020766470478539, -0.09996804801756873,1
3.8459570698332426, 0.2912346038891884,1
-0.04169596498888724, -0.1439009409388956,1
-0.43526108602542446, -0.5620398765816692,1
0.43197733347972855, -0.09247660887163486,1
-0.5525941694033504, -0.18263798699469014,1
-0.2632433221021039, -0.024333962153356776,1
0.9593335274418949, -0.24484466389262993,1
-0.20793973894835951, -1.121418191614937,1
1.0504870020676969, -0.25438196192819473,1
-0.11548729670895021, -0.11139051025253724,1
0.9873043025122054, -0.2570716755338243,1
2.3616426411382263, -0.14010987006936393,1
0.39695930861109363, -0.23113170222068358,1
-0.4380475983404581, -0.6759539575699542,1
5.754381542668372, 0.5172911930339239,1
-0.647984792852052, 0.9564919273891455,1
0.6380786415735551, 0.11562315083635269,1
1.0265631034897944, 0.030674906689806755,1
1.4127832096896478, -0.23322753011583655,1
4.606128673780337, 0.39967154791361237,1
-0.6075034438963112, 0.8529173602882533,1
1.5174383035661827, -0.15141187963324593,1
12.274411696100211, 1.3646541609405818,1
0.1682562505831349, -0.2010188746213364,1
0.8981062453915031, -0.15099956309901374,1
-0.5697391572080251, 0.8700894697462686,1
-0.4427954940355269, 0.3417606762708721,1
2.2059904866000215, -0.144301654198733,1
1.0623587612521705, -0.25111308579409086,1
0.6747909626650924, 0.007756127135058825,1
-0.6501560624808245, 0.36410464983530155,1
-0.24441412931264822, -1.0836151303494252,1
-0.535336850579389, 0.7720438377053724,1
-0.47915298610232376, -0.4540886214451297,1
1.2462053858449529, -0.05582549375730848,1
1.3076097744605175, -0.18627883144322788,1
0.03962180660507454, 0.3136092944193239,1
0.3904612609734945, -0.0827206549400077,1
-0.6582330364941095, 0.4028007301370439,1
-0.44979366616378974, 0.33240360713135625,1
0.1492339276730915, 0.5004940400389426,1
0.058769974504699986, 0.1697935603465936,1
0.3701844062150321, -0.09832161373507262,1
-0.8940875394813399, 1.9496329299706492,1
-1.0804453177599083, 2.8074789380701275,1
-0.6166967466923838, 0.16397852626626694,1
1.5795078552555404, -0.031199804016638848,1
0.4665200514185015, -0.12665038859120767,1
-0.8198297488417113, 1.4018038609696335,1
2.135326488795204, -0.09514758966622629,1
0.7966568313519066, 0.07127894247171825,1
-0.12124616684379769, -0.07557709237187188,1
-1.329641753207652, 3.99749321793484,1
-0.34983336147820066, 0.31425950628930777,1
-0.39426998305198435, -0.6683934712718977,1
0.1690433563033424, 0.03623870130514827,1
-0.23399213541003303, 0.013432864961416989,1
0.16544102355486953, 0.09215247797701819,1
2.2376218794700904, -0.06692145131136781,1
-0.14746312050829136, -0.0764022682610046,1
-0.6322372823741881, 0.2657331553971306,1
1.915561644877554, -0.03824249406311266,1
1.6567208782310296, -0.07086686941904086,1
0.8107013496180896, 0.08973331617889108,1
0.048231818904956265, -0.12660456364060776,1
-0.4164751527587167, -0.679453223037378,0
-0.08957063444847674, -1.4689117542456107,0
-0.47673731859949275, -0.5057960995124589,0
-0.39989863279484844, -0.7826900386384587,0
-0.4099510877854134, -0.8195036988087258,0
-0.5906795358315158, 0.023545776550721674,0
-0.23648308165424667, -1.165967505139151,0
-0.26848642038723536, -1.0703644605544649,0
-0.3750745562946468, -0.7850876886979171,0
-0.5705298789122658, -0.07388999679702445,0
-0.8109041046524111, 1.307315313870161,0
-0.43639387549552217, -0.6294180574496091,0
-0.27300004402942624, -1.1185311373725408,0
-0.6546431336535282, 0.3842701987486955,0
-0.49914893409181205, -0.4778954834655984,0
-0.5810644949759743, -0.06650783439603009,0
-0.7101015639846502, 0.7298506713328978,0
-0.7853391331128166, 1.159986544433591,0
-0.4864727801776111, -0.4832144963800738,0
-0.486560075645356, -0.4913271279487049,0
-0.39737415618719085, -0.8024655413013021,0
-0.6847173691092298, 0.5907290699307003,0
-0.44809015702065313, -0.5939293686733417,0
-0.4108960210020454, -0.7705324125256717,0
-0.5319460811614712, -0.3696006161935131,0
-0.5073005350241213, -0.43584202585422516,0
-0.8138724280524384, 1.3433253500428974,0
-1.0455875243130133, 2.5587981035433196,0
-0.4417627417849207, -0.6222730832640335,0
-0.38444066658789394, -0.828235123391895,0
-0.6794002382313195, 0.5530121299972786,0
-0.7930094603345581, 1.2007497110869523,0
-0.6557837115482584, 0.38654263091545404,0
-0.6886135912981679, 0.6477837751967641,0
-0.5110406195488973, -0.38173883081754667,0
-0.39634590930509467, -0.7625868573270355,0
-0.41081516184562417, -0.7061633497145168,0
-0.3914369283891189, -0.8031580962138736,0
-0.47225260387462725, -0.49552487156865593,0
-0.448689110307813, -0.6260309643889844,0
-0.41560595856142174, -0.7473959657946296,0
-0.34290102974427455, -0.9071237562538855,0
-0.4507804277029421, -0.6228751776051782,0
-0.5587313516345731, -0.11245206940251304,0
-0.49818008980971096, -0.38951534216409456,0
-0.5704472107437742, -0.10182964213183499,0
-0.6518760299791354, 0.38321156295448106,0
0.36966713531428386, -2.1033309274106378,0
-0.18940282487720195, -1.2285409782113965,0
-0.5125742921033171, -0.2948801652204936,0
-0.890006078767063, 1.7716468087724944,0
-0.6305650250756616, 0.2641779162317475,0
-0.6650697909983874, 0.4719049983759645,0
-0.26790694752185024, -1.092811596484941,0
-0.5268220205657355, -0.29626566360478984,0
-0.37852793435175813, -0.8390428569057613,0
-0.2546815600482154, -1.2031758176286056,0
0.27632415532706306, -2.013421639558256,0
-0.7242392415965718, 0.8256063954373569,0
-0.12080473655290026, -1.2990313040970398,0
-0.6477901110534124, 0.33484274682889775,0
-0.5504152269147441, -0.2040730677904863,0
-0.3003182859478978, -0.9680283136428507,0
-0.4451318860445643, -0.6323615385952359,0
-0.7133535495757473, 0.7767469766603877,0
-0.4881127387331843, -0.35332487853748096,0
-0.4238414241899219, -0.7228653541765541,0
-0.5920255319200551, 0.06775901527179616,0
-0.4144687614402374, -0.7841095466075286,0
0.1962728654002223, -1.8887573008678185,0
-0.9016606101740285, 1.8539042619226105,0
-0.27023717501631017, -1.0840446439671572,0
-0.8725450373677707, 1.6784645844287363,0
-0.6586513241059575, 0.42046713053330215,0
-0.5545013281032252, -0.20812558008819043,0
-0.6242782355420048, 0.2238731317397468,0
-0.4790106918727294, -0.5164301316813646,0
-0.24198579542876292, -1.1345365655830628,0
-0.37247699177402566, -0.8165473341925737,0
-0.4785324817700407, -0.5139451374826004,0
-0.6914846561317007, 0.6238224115151498,0
-0.5820365127053715, -0.028077073212960622,0
-0.3963493459820468, -0.7595855549437068,0
-0.41308671709851097, -0.7369404482216102,0
0.2201737861018314, -1.856264408262631,0
-0.5423760990227166, -0.23050387290420526,0
0.5215207146894052, -2.183594741749344,0
-0.6528852177910951, 0.3725522163215747,0
-1.046355098190385, 2.5466638941973896,0
-1.0081274874958943, 2.363551710631972,0
-0.772653924059075, 1.1185380140110686,0
-0.8025757761367066, 1.2709221629657228,0
-0.6123135944087595, 0.15378507461674162,0
-0.38150913911381384, -0.8157222072564981,0
-0.7387131794619257, 0.9380641568847741,0
-0.373591912167211, -0.8383998347298988,0
-0.5498193599589816, -0.1745528358470483,0
-0.6377101991549069, 0.2804913574946072,0
-0.5504455941796511, -0.23606035966171893,0
-0.5403078098926779, -0.19737198952313698,0
-0.9670878396600021, 2.1603046391780256,0
-0.6204451193480957, 0.18741235324544092,0
-0.7360793781863767, 0.8869496665165207,0
-0.6468252328281338, 0.33038212604286865,0
-0.22040297464715866, -1.216315392695297,0
-0.5838059170977878, -0.025902793666523087,0
-0.5402962436891807, -0.26180539950310955,0
-0.3517202227088179, -0.8476928613970328,0
-0.675736460017184, 0.5099941186300245,0
-0.5254842922545263, -0.3139373564262042,0
-0.41891997548542914, -0.7259407831934153,0
-0.6126043255944666, 0.15506663758852435,0
-0.6850706580578868, 0.5968795006245281,0
0.23143675756577395, -1.7040256149173274,0
-0.41689229176266956, -0.7107640515383318,0
-0.17234093895606178, -1.2512628415779805,0
-0.452371144571788, -0.4694898828244787,0
-0.49336908551385067, -0.3885268470437217,0
-0.5756131374020209, -0.065637711683484,0
-0.5614364942057912, -0.14095317934420531,0
-0.9540019192694935, 2.1052884651715518,0
-0.6262965586572719, 0.23888364261491263,0
-0.8240059345766694, 1.393070601909542,0
-0.642590555603771, 0.33045555868805315,0
-0.555396937723387, -0.15900512215557894,0
-0.9577167327717628, 2.1443279589588062,0
-0.41469224191926385, -0.7075489005483763,0
-0.6685915510170096, 0.4779004432623685,0
-0.4705627021167984, -0.5809263520163293,0
-0.5106668278038118, -0.4234301469624429,0
-1.0387596150398604, 2.557190415103882,0
-0.6138987111783103, 0.1814263060298814,0
-0.5947912862540056, 0.0444974564051486,0
-0.43535594848626835, -0.6550085242408143,0
-0.9636567553474998, 2.1640188921189516,0
-0.45323632285836457, -0.5921377558490396,0
-0.3934610490975273, -0.7833955448696547,0
-0.30343081488253826, -1.05257639529381,0
-0.20782453352599653, -1.2294419694419838,0
-0.7680661594956579, 1.0605699811715132,0
-0.33470382876638066, -0.934723476877203,0
-0.3629341802324512, -0.9591151636737206,0
-0.5310521887364992, -0.3209045876461375,0
-0.6849426441132254, 0.5977037515902456,0
-0.38063845703995924, -0.8052597129194807,0
-0.46493627837533125, -0.535644406065854,0
-0.5242609007985128, -0.2947303726694196,0
-0.31635764301958924, -0.9784877979928915,0
-0.46414010068049205, -0.5345493148451325,0
-0.42987482440120506, -0.7139561735787107,0
-0.45941858423592236, -0.5199248733176836,0
-0.5339371580141687, -0.1907592238141408,0
-1.0328287182010853, 2.522123475420463,0
-0.41003516413716795, -0.754454664527933,0
-0.553041295862023, -0.17402112306789844,0
-0.6531089640846277, 0.40579988354969354,0
-0.43491610797391633, -0.5948125250495991,0
-0.6587909721728679, 0.4336930654406973,0
0.40788701776268144, -2.0697891587278447,0
-0.5504455941796511, -0.23606035966171895,0
-0.6414287976609739, 0.31031669293372877,0
-0.4889086445069349, -0.45816300438426344,0
-0.44716160683094525, -0.6217223665436383,0
-0.3069980705695181, -0.9854659898772381,0
-0.6331319081740163, 0.26354594826695316,0
-1.0627770805384318, 2.695034584862958,0
-0.9696954019118362, 2.1965632250407032,0
-0.39657520523923145, -0.7571998467030192,0
-0.6289586973512905, 0.23446749392640667,0
-0.6162924859387139, 0.18068794262946242,0
-0.26226026474052966, -1.1513284272199598,0
-0.5691147195477289, 0.010266256679349212,0
-0.28818150939088827, -1.0707970291800837,0
-0.5234832987687252, -0.31424201692767784,0
-0.36043565291051616, -0.8853592301350571,0
-0.20415751659948078, -1.2433577530966549,0
-0.3413842557973196, -0.9130178542176574,0
-0.7892638084173108, 1.183302273059611,0
-0.4103845247990104, -0.6480741415053917,0
-0.5051138854376023, -0.38067579942993063,0
-0.6166597646948155, 0.1719840224888519,0
-0.33935167874679045, -0.8798210450746612,0
-0.5647609550747011, -0.08372030276969898,0
-0.49513322034211726, -0.45709344813148994,0
-0.5414995016093826, -0.22597817348204052,0
-0.739620130265849, 0.9359453757704681,0
-0.5438406431810562, -0.22218954630552037,0
-0.5772715504461048, -0.05622939481355498,0
-0.5607828612939526, -0.09363086352187859,0
-0.26799211467075773, -1.0961327086551291,0
-1.1032596645406327, 2.815807658050972,0
-0.5060481810274611, -0.40596864417818257,0
-0.612031932119344, 0.13812905668672568,0
-0.6207179796127258, 0.1834473670859432,0
-0.5999162253233904, 0.09202317740542876,0
-0.16832851152036035, -1.1577015007298208,0
-0.3835376120148986, -0.8022758454832702,0
-1.0146629184060085, 2.44085732034702,0
-0.6099541999002553, 0.10439699007396094,0
-0.2731845372840248, -1.108798483774365,0
-0.4697243961556026, -0.5325492584069941,0
-0.637544762856802, 0.2753555997826833,0
-0.5473809027125882, -0.19785354537847516,0
-0.3831220229802814, -0.7981408760222298,0
-0.8584567470795262, 1.6318649398810516,0
-0.3384382471428523, -0.9520159021481229,0
-1.0330676904303824, 2.4979914751587713,0
-0.3433591244040488, -0.9684336489572077,0
-0.5704472107437744, -0.10182964213183492,0
-0.5735343647205716, -0.06576537440375747,0
-0.6581145920984064, 0.44010581222761325,0
-0.5136114704782972, -0.27180362350157866,0
-0.4107204885476206, -0.7944022095864137,0
-0.21207496393084516, -1.2010134238108985,0
0.022435692045479374, -1.5472470977356783,0
-0.4921784670012299, -0.44398228671050166,0
-0.8864260170192838, 1.753322091344459,0
-0.6545324661195253, 0.39730698707174494,0
-0.31243091211020796, -1.0556795484283954,0
-0.3648643946251014, -0.855825641056896,0
-0.6036580562330025, 0.15100549569547558,0
-0.6004224327245982, 0.10375541065894726,0
-0.9639823362311184, 2.1977728728863983,0
-0.5748936112914146, -0.12060296498632693,0
-0.4527194942164842, -0.5936052347745545,0
-0.8446212826734877, 1.5348911194964303,0
-0.5629132663648826, -0.12205000248357502,0
-0.481147680651517, -0.48188802903007766,0
-0.305383957395435, -1.0085968704919537,0
-0.33309428415210807, -0.9892098495700394,0
-0.5063258322959504, -0.43456565160139743,0
-0.5836830488741609, -0.01603665355201356,0
-0.5555467865533289, -0.22849791857770252,0
-0.6515504978477409, 0.37697681442052683,0
-0.5509651021098707, -0.17263377199515062,0
-0.4820085469135505, -0.4538524014736855,0
-0.38073374994579606, -0.7456288478884002,0
-0.25634789104856953, -1.0863870064116452,0
-0.4348071799675793, -0.629793880819856,0
-0.41861849968172704, -0.6743053924417532,0
-0.4137582062530624, -0.7419946165607876,0
-0.8980197247449808, 1.8445203585509036,0
-0.42610255673307335, -0.6619906972671709,0
-0.5197297232273883, -0.335259958992565,0
-0.49078258365638266, -0.4818912780870644,0
-0.6504405421943839, 0.3527373452078696,0
-0.6410303377412904, 0.31406473635828064,0
-0.790874257898743, 1.2216485694294044,0
-0.43142094448260476, -0.6288584211733069,0
-0.5080833951579785, -0.29641406567956735,0
0.4108594108605815, -2.103311938632848,0
-0.3236860687283585, -1.0136750605228855,0
-0.32699809138822855, -0.9637145645927008,0
-0.41040903805072043, -0.7516002459319614,0
-0.4256210938110111, -0.6687090989606819,0
-0.5545177175036956, -0.160309089023233,0
-0.5216148609189727, -0.2865144444617786,0
-0.5201646843362276, -0.32667849182192393,0
-0.5755420953738253, -0.07137415843814987,0
-0.8994838892935902, 1.8046362364694788,0
-0.3231894896832069, -0.9927499420813348,0
-0.7414310545345689, 0.935359256342283,0
-0.5594956912398926, -0.16436678670714655,0
-0.3491869710267189, -0.8924333515070255,0
0.3532398029041343, -2.07440413588076,0
-0.58038366591277, -0.016799500287002504,0
-0.2683019549813618, -1.122074392611991,0
-0.6074197580104382, 0.093098776607719,0
-0.27281864013029544, -1.1110129924161016,0
-1.0517394793008386, 2.600634851292774,0
-0.8383486848195317, 1.4744752840830193,0
-0.4315525300971927, -0.582164161811781,0
-0.7174858929637565, 0.8141916253179498,0
-0.8304252312321552, 1.4345553916681537,0
-0.44113468139562045, -0.6236076956699212,0
-0.43284723985480555, -0.6297807663005746,0
-0.6934389433275411, 0.6528110815410628,0
-0.37247436712825943, -0.8262047182522176,0
-0.568220820521043, -0.0742972019841228,0
-0.3319644927556429, -0.9118272067091858,0
-0.7700609800772316, 1.1152225333633317,0
-0.6465436133921706, 0.3407091698105543,0
-0.40781572838516783, -0.7117903055611814,0
-0.6490056913212995, 0.3541140776206049,0
-0.4038628531418216, -0.7309790947858087,0
-0.38350473343107094, -0.8028896862242465,0
-0.5155862733460781, -0.3163961820201916,0
-0.395598642135827, -0.8173341574363422,0
-0.4269855908087561, -0.6531955757471494,0
-1.0505631479360873, 2.569749137085925,0
-0.9525867505325206, 2.091689254654593,0
-0.8738105364789025, 1.6907096295111792,0
-0.7357687855770529, 0.8849185950543538,0
-0.8201683091525561, 1.3676573811839094,0
-0.7263026090818697, 0.8269412852898604,0
-0.651074238594267, 0.3951027019862571,0
-0.6300122222963606, 0.241868386375531,0
-0.34265295187676, -0.9369868519631526,0
-0.6957910077665652, 0.6692244529195326,0
-0.5036096504671996, -0.39648281487893555,0
-0.529369358577052, -0.2472377044674726,0
-0.20639918730795936, -1.2245762467187509,0
-0.3891806542240239, -0.8497008365696574,0
-0.6570792869259907, 0.39958141298076755,0
-0.7171107352723421, 0.8426362432222679,0
-0.5863693226912214, -0.016892903793819733,0
-0.48402508312841136, -0.5022479107469022,0
-0.7267269674328238, 0.8511815727912665,0
-0.5759872039388216, -0.05792741215864614,0
-0.45933422487860603, -0.5673453227496795,0
-0.5014535285761003, -0.43396388765761723,0
-0.6098185353631286, 0.11177578902389963,0
-0.6289558515190262, 0.2219587365593463,0
-0.6086811957161622, 0.17619890041600195,0
-0.6505473518867265, 0.38641104615897065,0
-0.39391021260193054, -0.767752708283014,0
-0.38268356712612206, -0.8100966524140382,0
-0.9579995785644885, 2.1344266425756486,0
-0.5188622224917727, -0.35005819413549033,0
-0.2941406328092925, -1.0316761446665577,0
-0.5323652616736592, -0.26644806991094644,0
-0.396966379296212, -0.6871031668112914,0
-0.3184823789284435, -0.9781364744873725,0
-0.8061686524846141, 1.3840591746228206,0
-0.42448669116793325, -0.7755378023647771,0
-0.655820012362195, 0.4521072075107136,0
-0.6216778561189846, 0.19079694104702155,0
-0.5692341030119012, -0.11515926135289466,0
-0.4561109014800748, -0.6101585217133086,0
-0.8565605141944166, 1.5882255615093115,0
-0.38327730787629427, -0.8167556158667635,0
-0.6256119198514535, 0.27884144092137997,0
-0.31372934060278507, -1.0008478120678301,0
-0.3775278625194854, -0.8363587883783364,0
-0.5025089825670179, -0.4080483714278986,0
-0.4060337320793337, -0.7938284462891769,0
-0.5298243237445391, -0.3832204874005245,0
-0.7165479975763352, 0.7777927906060712,0
-0.35829158354427876, -0.8541190591611599,0
-0.5420803950893582, -0.23140061745146032,0
-0.4946255801733329, -0.38756357476247755,0
-0.5060896005205137, -0.36457264820455837,0
-0.5080243587715652, -0.3448106440570591,0
-0.3968556991195782, -0.7250923527562445,0
-0.35730456757872214, -0.9179089607683243,0
-0.5961763900783823, 0.0531629874175172,0
-0.32897070093618835, -0.9969519559591602,0
0.19918827440870926, -1.9229895660904082,0
0.1004971948946765, -1.7282271146850519,0
-0.07081314005381281, -1.5788565898092974,0
-0.358165773982388, -0.9538955101801548,0
-0.5836125377444604, 0.005445438398318312,0
-0.6921897824723371, 0.6566025780094564,0
-0.8738825807173272, 1.7442228002078513,0
-0.6069540667994163, 0.13163715366126932,0
-0.9285556377229516, 1.9734691230369261,0
-0.3490283354212853, -0.929346779353602,0
-0.5570840587804008, -0.1690435075069378,0
-0.8434264054168521, 1.5125660673800516,0
-0.5033248582034356, -0.3685941559808389,0
-0.7009634883078387, 0.692833415057895,0
-0.3563991397198298, -0.8856740627914147,0
-0.4549062332596471, -0.6078704008951286,0
-0.39454023556312856, -0.8031010485321687,0
-0.48123908078506045, -0.5383837042188128,0
-0.6285763473799034, 0.2262858041469835,0
-0.20657095235819303, -1.2154022887968043,0
-0.5649981608489738, -0.0903231164382456,0
-0.365675114840557, -0.8291323212736439,0
-0.36031506553186154, -0.8917941909935443,0
-0.5490391080384787, -0.1467019579739807,0
-0.596236278927228, 0.04189773657283972,0
-1.03238342866515, 2.5043277124804972,0
-0.60268329357918, 0.09239534256963483,0
-0.2294704704314706, -1.1629638990030442,0
-0.33569523818880415, -0.9792571121861119,0
-0.5307253656073808, -0.20300916070838804,0
-0.4031393103116023, -0.7418599044865444,0
-0.6419087146409997, 0.3286240058042557,0
-0.48847415734894045, -0.41541606240956525,0
-0.6356559118898569, 0.2563805175796712,0
-0.7834151779762548, 1.1604073920979432,0
-0.9625978424218564, 2.2030467965254026,0
-0.2208629659788821, -1.1537566619581001,0
-0.6649717686989354, 0.4152707590187146,0
-0.6466202681209986, 0.3219426789126096,0
-0.1448805239937139, -1.3141228185219564,0
-0.4200177574492472, -0.742826674608421,0
-0.32355264050813304, -0.9687380609852612,0
-0.4845643067699883, -0.46908827511306045,0
-0.26784534228513945, -1.0996455252942985,0
-0.6045090056602652, 0.09643658062376478,0
-0.5495984248550426, -0.1982213812716409,0
-0.17835894694017176, -1.2352476549218352,0
-0.5095307268712344, -0.38761463562937026,0
-0.6489838735345691, 0.3736096899540095,0
-0.4517462819654743, -0.655292304406285,0
-0.5383895461474368, -0.2278643206767408,0
-0.4785184782955045, -0.5324762040649927,0
-0.455651177832558, -0.6037045385492733,0
-0.28304020762786447, -1.0798640495374885,0
-0.5498901465979443, -0.14060149547135592,0
-0.5525812244435783, -0.17756658752948412,0
-0.44620881837900367, -0.5900922953162566,0
-0.3509949804942635, -0.9552642363216937,0
-0.6424935428687863, 0.3214685002783711,0
-0.22601247262996857, -1.22047111161635,0
-0.6157587570411225, 0.17872057661758126,0
-0.1453266199452684, -1.2484746982234114,0
-0.254759210148052, -1.0718139782544511,0
0.2678847908906982, -1.967250869294218,0
-0.45291959122483894, -0.6040651403180654,0
-0.598052081781983, 0.04409237817844088,0
-0.5354603756409262, -0.21271821324534476,0
-0.38437774574568184, -0.8062654860646977,0
-0.4201285139434844, -0.6586017404968278,0
-0.7214458587835804, 0.8020518690436648,0
-0.7496426328957317, 0.9882123214926825,0
-0.7212582610148891, 0.7836561914724561,0
-0.2626038826352076, -1.1329766803620192,0
-0.2832787628487572, -1.0648227246118371,0
-0.6293946884437507, 0.26901259678254563,0
-0.4619221957207338, -0.44128354004830256,0
-0.649147198677973, 0.35253873832539395,0
-0.710881090128085, 0.7279675667067295,0
-0.5151152222833529, -0.3575206289766474,0
-0.6470947786362804, 0.35253017593016595,0
-0.9530876300862501, 2.0867037060968348,0
-0.4736790153538017, -0.4605544662963531,0
-0.5838059170977872, -0.025902793666522934,0
-0.0029899699211277412, -1.478570202598121,0
-0.5279075990015276, -0.27744777008700966,0
-0.42100665225963346, -0.7144204613629509,0
-0.650803963453969, 0.379304338923158,0
-0.5514105514956275, -0.19338939766514682,0
-0.45584431358067545, -0.6463836037901073,0
-0.2731838393494037, -1.2027863155844833,0
-0.5204951839227477, -0.2901423433506913,0
-0.4269504299448148, -0.7015498796615601,0
-0.507133832977387, -0.31919386793646265,0
-0.24276492104879363, -1.1570895768087652,0
-0.8431906392897369, 1.5038569813965839,0
-0.61187935314594, 0.13695392942827264,0
-0.466664530568981, -0.49235350577419423,0
-0.5704472107437745, -0.10182964213183499,0
-0.4203522120750165, -0.6433688452731955,0
-0.6041241901269702, 0.17210257538659018,0
-0.5520862369761375, -0.22684902776856805,0
-0.5870839278373147, -0.03037894381832909,0
-0.41197723722739565, -0.7196364494017672,0
-0.6592144139203543, 0.46120703251425865,0
-0.6237857333870123, 0.1679703241831333,0
-0.5514367475001332, -0.18221258153762862,0
-0.8853751474705625, 1.7505515010554482,0
-0.4926195372886508, -0.44786538043491575,0
-0.49115917751727095, -0.44583740338065764,0
-0.9649917588347519, 2.145083409531563,0
-0.7566736209865654, 0.9849343837866332,0
-0.8097714425967792, 1.3590286337189699,0
-0.860588764545801, 1.617938356247837,0
-0.48400427090580345, -0.48245351902354355,0
-0.4108354499620454, -0.8079565091624848,0
-0.3911621120218776, -0.7747198258420449,0
-0.39992918197151356, -0.8119234301410198,0
-0.5483565338604176, -0.17597403163537748,0
-0.34585901167193245, -0.9049710585130581,0
-0.3674718428035309, -0.8144276371079503,0
-0.29951052156556174, -1.0007240337414414,0
-0.6805985532898685, 0.5793306487902145,0
-0.38035709380691046, -0.7887996117448214,0
-0.46655530333932776, -0.5612757819003941,0
-0.37457610147508236, -0.841353013284489,0
-0.5944509098689251, 0.05734128340393977,0
-0.6374394230570632, 0.2897288809031238,0
-0.3693297894270327, -0.8570149545955119,0
-0.5413263714862884, -0.2133755176756535,0
-0.5672857198106334, -0.1117375241362,0
-0.6171166401444784, 0.18057690512115324,0
-0.4422704211470673, -0.631758552180495,0
-0.6939233013717366, 0.6415332205018877,0
-0.6129882464621476, 0.15815103190973853,0
-0.5594998247136426, -0.12509599291165915,0
-0.6124624164406609, 0.13226220145528364,0
-0.3052747779209165, -1.0054725242139686,0
-0.8304430097332899, 1.4233682043254083,0
-0.5974960712250676, 0.10959100294815836,0
-0.5709295636879737, -0.06643889000656276,0
-0.1709355015796555, -1.2860022949334473,0
-0.5941971917810229, 0.014996643466816879,0
-0.5068679319242734, -0.3390636609832712,0
-0.49793593078689474, -0.44035742667281147,0
-0.6486715540153997, 0.3544711500186269,0
-0.4292839460352543, -0.7029194378670363,0
0.4258577466285592, -2.125390406011545,0
0.47613875206528916, -2.204088237271761,0
-0.7074983381378498, 0.7414175639307637,0
0.5114255974537738, -2.2411876637776986,0
-0.5157657938124975, -0.3169477887261412,0
-0.5864662701765759, -0.016136987571085008,0
-0.4342181084229634, -0.6715270625803293,0
-0.7814337807087619, 1.1767294055311235,0
-0.2596489037253447, -0.9255142713130419,0
-0.6184810307661616, 0.13927832739688464,0
-0.48653424578053145, -0.43811294569412745,0
-0.6707904610171157, 0.4566705500098723,0
-0.48222400319210146, -0.5311916383038526,0
-0.4564565931146299, -0.5744395199697109,0
-0.6414361160756659, 0.33658546567004777,0
-0.6362919090358159, 0.2959452579406117,0
-0.39015902431089156, -0.6857930578046233,0
-0.9501904336828235, 2.0850377332497168,0
-0.6122203171021691, 0.16690066639899892,0
-0.8187472049444243, 1.3933939601515755,0
-0.37434808756461296, -0.8823775478206906,0
-0.38150726268813445, -0.807959232883189,0
-0.2999234709278876, -0.9868998240268747,0
-0.6553625307413056, 0.41474795013662724,0
-0.958244448268272, 2.160323402847704,0
-0.5529906034370835, -0.21795559611273432,0
0.3596424200534384, -2.0876420452608158,0
-0.6613148971568484, 0.4538678681982378,0
-0.3930286660091393, -0.8107798396524881,0
-0.570577519146237, -0.09084823374339389,0
-0.5499933842058713, -0.18349433182280708,0
-0.5813481818680203, -0.01727513361184631,0
-0.8168255498303154, 1.3768999572658487,0
-0.8446212826734877, 1.5348911194964299,0
-0.6556444812211691, 0.3771377480382787,0
-0.44821700151786975, -0.62509663800085,0
-0.7782715337078413, 1.1543775365117004,0
-0.7543251661072138, 0.999234231748667,0
-0.4476643925728901, -0.6678836612039082,0
-0.4939551509016029, -0.402437398410659,0
-0.45657627860805267, -0.6295189507302877,0
-0.4712930112290608, -0.511349567839172,0
0.45902303702930086, -2.143440154429453,0
-0.5512573274896572, -0.19478680339196866,0
-0.32666072512521843, -0.9751060870475257,0
-0.5037926438746889, -0.3803316763490251,0
-0.4739832312643233, -0.519287681810474,0
-0.6462503450975624, 0.3338080780221798,0
-0.526238479785518, -0.25597448884190027,0
-0.26101558150979587, -1.1828109965229785,0
-0.7854276870324258, 1.231337765987512,0
-0.5306832105778725, -0.29924858606672006,0
-0.4932722529060752, -0.47028733472394163,0
-0.5755313149846287, -0.048193401868787254,0
-0.5781090475986295, -0.004825362681830115,0
-0.36333456406828474, -0.8192851649541136,0
-0.4953496593617133, -0.384546973080041,0
-0.8203814578266378, 1.4223425866946138,0
-0.7250387871813183, 0.8779572455110537,0
-0.49592978917503244, -0.4039166814736113,0
-0.5574343786050225, -0.1494955383084075,0
-0.5047097079792626, -0.4387039198385308,0
-0.46227484926373114, -0.5547449168470231,0
-0.5127257729897515, -0.29494420285637574,0
-0.4955968566569979, -0.43844428599668855,0
-0.4841907354821807, -0.4581303359587646,0
-0.5436431864465792, -0.23162624230039705,0
-0.5085494694420996, -0.4110544890427311,0
-0.2808677218833909, -1.015352313268431,0
-0.4913122120396223, -0.4662612396590202,0
-1.0746397500212812, 2.704643823714739,0
-0.44574826380621363, -0.6366993400218007,0
-0.5833598837041286, -0.027836961385961385,0
-0.39046780865543673, -0.8209050557019452,0
-0.5833338709233405, -0.024074274661216647,0
-0.31270817899367387, -1.013439465735775,0
-0.7778335265771393, 1.1626303438145074,0
-0.8433434826974997, 1.5479457258468328,0
-0.35977475660389124, -0.9374356436602229,0
-0.47457039593220596, -0.463981354431851,0
-0.6496626766027098, 0.34765657433046426,0
-0.5084477456065011, -0.3584884060530627,0
-0.6047101064456347, 0.06314444143773096,0
-0.5446326918132565, -0.2657997532239738,0
-0.5258328244594206, -0.28281669455719194,0
-0.6054838959009018, 0.1044070536487176,0
-0.5526182776617683, -0.19424402662703494,0
-0.44412466313981747, -0.629096519102548,0
-0.38004501267089247, -0.7964639077353335,0
-0.5114875408704727, -0.27949846115458626,0
-0.8981457173432366, 1.8151571606407506,0
-0.3486754121786563, -0.9144834826229481,0
-0.48324109915581626, -0.44102818296967744,0
-0.4951866834957283, -0.442562392219103,0
-0.26639970972506344, -1.0942391023370792,0
-0.6151430057742356, 0.16117375745627785,0
-0.7642071506902841, 1.0732252570985574,0
-0.199215847135604, -1.1828874945677026,0
-1.0075836686025776, 2.3825038328893244,0
-0.3476597091702259, -0.93812023152356,0
-0.33149842062838225, -0.928275128358162,0
-0.3229635652402699, -0.9529930304611799,0
-0.39642616222456933, -0.7758180711630609,0
-0.23432162565106773, -1.0720841955723526,0
-0.42462247273439646, -0.6765791423851519,0
-0.6361845026491943, 0.28897115967773473,0
-0.4095310625247427, -0.6790112457708994,0
-0.17565142205195677, -1.2743390333101354,0
-0.5444889045751817, -0.26802302453845683,0
-0.4101761172022362, -0.7785663505827733,0
-0.7684006228600828, 1.0728174025493902,0
-0.3126601608619249, -0.9970943680185224,0
-0.49412276871391525, -0.39665783341474,0
-1.1016961952216697, 2.8788920337809074,0
-0.9753414004850726, 2.2786790874209575,0
-0.6267564584834493, 0.23017325771552452,0
-0.3859199121652617, -0.7960287439162513,0
-0.6445694659272927, 0.3403007370320969,0
-0.4968625899310158, -0.4219524783317406,0
-0.5905584834343772, 0.025710609032701944,0
-0.6707904610171157, 0.4566705500098724,0
-1.1131813481912018, 2.8819609326731115,0
-0.6402566971077305, 0.3057010556530948,0
-0.4882530861652456, -0.49664091050605846,0
-0.3775296068080007, -0.9266206156909136,0
-0.8908264404313334, 1.7674201012180948,0
-0.4768093169750837, -0.566652890676437,0
-0.6184523429969349, 0.19167950606331255,0
-0.4080418568429142, -0.8079674802121107,0
-0.378710570028081, -0.8432438517396709,0
-0.6215612570104362, 0.19076399260774626,0
0.3843395856633678, -2.0691924185305597,0
-0.5350864787118103, -0.3139797731157751,0
-0.45440782272487723, -0.5723466454766971,0
-0.5739409215606769, -0.020707744207748457,0
-0.5501316699197298, -0.19849069134302363,0
-1.076288637747851, 2.6906733337874087,0
-0.39499392191290145, -0.8731696693540235,0
-0.9373958008833655, 2.022480648362753,0
-0.7993796711336947, 1.2381356537734929,0
-0.603204761655204, 0.07702262287213678,0
-0.5134196128099265, -0.34886733819392657,0
-0.5952940613229327, 0.05056664745172971,0
-0.4273097929569396, -0.6637962905845856,0
-0.9811375527203152, 2.235358699528597,0
-0.5097817548294088, -0.3765808863381312,0
-0.5514845560507848, -0.19105184149614698,0
-0.3671923008941604, -0.8066092859107815,0
-0.5771940818554357, 0.030999322500946874,0
-0.348167185980328, -0.8521648093341896,0
-0.08327071920672592, -1.4616938196558882,0
-0.4877151114354958, -0.4698252281056305,0
-0.9677730677534808, 2.1702931800448337,0
-0.25330258924177573, -1.1047504925542941,0
-0.27108930531483566, -1.1615481505081764,0
-0.6238130950896783, 0.21789694073128704,0
-0.21970683164572077, -1.2080458176969169,0
-0.8895599870854218, 1.7872804096696628,0
-0.48206367114035986, -0.4656886640203094,0
-0.6086020494030241, 0.11646133092711765,0
-0.5382461166461026, -0.22893800843919207,0
-0.42699317413262605, -0.6835785563931293,0
-0.5873145683797406, -0.00733392226007954,0
-0.41702244520140497, -0.7155684780971506,0
-0.4911683749144124, -0.4479954734378995,0
-0.4336141305395543, -0.6791447076919424,0
-0.556171619310545, -0.14157576296527777,0
-0.6540079150358534, 0.39989349061235646,0
-0.3925165969346402, -0.7603458624472723,0
-0.47440584880556896, -0.5039974447714158,0
-0.3688160162642169, -0.8573306252682563,0
-0.6089139696969469, 0.13704285510713718,0
-0.45169003510861444, -0.545419507349102,0
-0.36937877431138266, -0.9193358337873013,0
-0.40807265083624594, -0.7219298964155514,0
-0.6480062176448307, 0.3496046161918065,0
-0.42733052784516573, -0.7380737477428647,0
-0.5495497794383158, -0.15098150151538328,0
-1.0173851723840364, 2.4244563422475114,0
-0.3885945806719626, -0.8776686157084378,0
-0.3441983922786381, -0.8896306024099687,0
-0.5850003507459185, -0.005180482237209764,0
-1.1223601898053464, 2.92756643549553,0
-0.9296947527615652, 1.993393733338314,0
-0.5838059170977877, -0.02590279366652301,0
-0.09661454501781994, -1.318323705886022,0
-0.5705236329388171, -0.08906548411546172,0
-0.6276011557135226, 0.22110695054537885,0
-0.4049838795122168, -0.6985051484014411,0
-0.5595611370706084, -0.13949995382890776,0
-0.7820776376749023, 1.1644157270484028,0
-1.0941968419967445, 2.7952663368192994,0
-0.5417197046974275, -0.15691323007003438,0
-0.6396752842911212, 0.31652282404815846,0
-0.21018893728488253, -1.2419002972729876,0
-0.3835482657832179, -0.7663336232788476,0
-0.6407363596695966, 0.30125762741743484,0
-0.38502979104277363, -0.8264109549288969,0
-0.5312109223008248, -0.22231837801500046,0
-0.4581271848840272, -0.6217038231953436,0
-0.7377687604492438, 0.8970255358048902,0
0.36991856665439304, -2.0651529814119556,0
-0.5134587691439567, -0.3577815783956448,0
-0.44136469274244494, -0.6212746207426674,0
-0.5681806042170259, -0.09518743865028048,0
-0.23812166256703635, -1.110014969696704,0
-0.33052760213316335, -0.965302359566377,0
-0.4188723503542211, -0.6819215381240215,0
-0.43535565117509206, -0.6430448999624764,0
-0.4086842627157056, -0.8021825915568923,0
-0.566860313304258, -0.10163612206638459,0
-0.38539887090289865, -0.7335597143067771,0
-0.3126664404873497, -0.9782358421563057,0
-0.5647730988042002, -0.09272482980469654,0
-0.5924182775989754, 0.03077990382965174,0
-0.3204875172188061, -1.0080607785376254,0
-0.4744272666574572, -0.47444121798130334,0
-0.3802027712997171, -0.9199978349764689,0
-0.7940919107387051, 1.3092087217149035,0
-0.42344734162655817, -0.7401019106023727,0
-0.41504455560110765, -0.7785542541969523,0
-0.72023435132393, 0.78629979613803,0
-0.39986963135167536, -0.7454726451420028,0
-0.30718275546215357, -0.9823857281783603,0
-0.6056627286349383, 0.11262634801575769,0
-0.13736831760471438, -1.2600363838562605,0
-0.4744272666574569, -0.4744412179813031,0
-0.31930315048621394, -0.9979550680317247,0
-0.6262862531392013, 0.30034883409239516,0
-0.6717639740046023, 0.5047734416244221,0
-0.6191480961618989, 0.20080525937944568,0
-0.547790712814791, -0.2299718979573793,0
-0.9967528880602768, 2.34997403006794,0
-0.5504455941796513, -0.2360603596617191,0
-0.4636622249785165, -0.49299402465960646,0
-0.5508076405674236, -0.22915948741230524,0
-0.7218502899621977, 0.8094693913343524,0
-0.6227654955896518, 0.20916141083731934,0
-0.3787388207116398, -0.8033905366881157,0
-0.26531622992776355, -1.0878619313203097,0
-0.6940919905037773, 0.6383032702157461,0
-0.6644455105751849, 0.4602750509413777,0
-0.740379237517365, 0.90539260679693,0
-1.584296097301318, 4.831681623910512,0
-0.1366097489650575, -1.3991204310408094,0
-0.6549634766179413, 0.38596678268480283,0
-0.4924402860391459, -0.42115712704275704,0
-0.7913538186921498, 1.2749597455502741,0
-0.6044175309053451, 0.0645750335486733,0
-0.5890122810552156, 0.01388707906969625,0
0.04689957334295854, -1.682210528731449,0
-0.5923499111518219, 0.018440112225130117,0
-0.47442271572153394, -0.5384079487341203,0
-0.29117902679023383, -1.056764138738636,0
-0.6152266131638999, 0.15487589468344815,0
-1.0068185600733832, 2.4054147806366735,0
-0.5846471047598354, 0.0768940090396975,0
-0.9654114786420174, 2.148622824547101,0
-0.2869685330697499, -1.0805258250257506,0
-0.24766758865950478, -1.122754947090757,0
-0.4636776383292119, -0.6067478270360962,0
-0.47510776587730036, -0.5285778021146383,0
-0.6644778013733394, 0.4100927663725905,0
-0.6072033546607047, 0.12686034787386516,0
-0.7305336219520701, 0.8697793412415727,0
-0.44120389809328164, -0.6381838975492952,0
-0.6064780220176134, 0.1271596550858001,0
-0.7836759991025548, 1.1578202368474495,0
-0.5736083972586083, -0.03210232099899045,0
-0.6700218598665431, 0.47473729123427716,0
-0.641139719268129, 0.3541486840057364,0
-0.49582350171361456, -0.37718211415942804,0
-0.3911082699439594, -0.8295347693963485,0
-0.4086641442618946, -0.7319574880723321,0
-0.4001233509047578, -0.8000402052635887,0
-0.4408014890418851, -0.6730194782555451,0
-0.23173965597202245, -1.1746213502982223,0
-0.7062922808886452, 0.7239597847349574,0
-0.6089238338274497, 0.1076830928113719,0
-0.5126286796239445, -0.38355565668656083,0
-0.8743687928731689, 1.701613010999333,0
-0.7757389727094937, 1.1493450195475294,0
-0.6545977483680157, 0.47166029998694825,0
-0.5899775609484078, 0.02915496304049295,0
-0.40768280742100027, -0.7355659797426325,0
-0.22751280891662012, -1.1817406741031409,0
-0.7778055299737917, 1.1405861511888964,0
-0.7880608245998709, 1.2077264979863649,0
-0.45278276636530407, -0.6603972983486067,0
-0.6002579453344217, 0.04491587457527582,0
-0.41186303356342346, -0.7495607975754468,0
-0.6805157041541786, 0.5645935030412976,0
-0.282899427194595, -1.0674001388305085,0
-0.6083824239521781, 0.10149342392164465,0
-0.6531222982061892, 0.37381371648274764,0
-0.574893611291414, -0.12060296498632686,0
-0.35243176425681, -0.7976600055580826,0
-0.36693656454713575, -0.8813598247569949,0
-0.3240826538672641, -0.9645099667325839,0
-0.7409592522202215, 0.9098804434894773,0
-0.4658993520443683, -0.565004653298624,0
-0.32511337331781676, -1.012748643446812,0
-0.4029097467753851, -0.7634530405975598,0
-0.38654135763247544, -0.8061802159204445,0
-0.5219378382818397, -0.31205979760167785,0
-0.6153395034309326, 0.15971222812729158,0
-0.5948513565267026, 0.018680647335989793,0
-0.5191548117532299, -0.3093908982839994,0
-0.6404942444557343, 0.3297973785276154,0
-0.6681847386258515, 0.46804303791910795,0
-0.5559269167196449, -0.17093031705510087,0
-0.6415595431548408, 0.3185462880498112,0
-0.7273212952401712, 0.8523694657447248,0
0.2835200777476092, -2.021999598826111,0
-0.16370129760866164, -1.2657613297905799,0
-0.5676247835929654, -0.10224119671738374,0
-0.31774369523698437, -0.9870170750583932,0
-0.3925045310113797, -0.736088523532812,0
-0.35527190331057723, -0.8348169911059358,0
-0.9705078437901901, 2.236967159613406,0
-0.39473237291793273, -0.7239415355643709,0
-0.3405418643648626, -0.934568167883507,0
-0.48641633830236986, -0.47075065414513667,0
-0.5555467865533288, -0.22849791857770269,0
-0.30121614680911296, -1.0055628524366236,0
-0.4019850218225711, -0.7906855140671046,0
-0.3054038479621798, -1.0012277291822624,0
-0.4201202514014204, -0.7211133104216003,0
-0.2914866187266831, -1.0716965092444193,0
-0.6086505679898357, 0.11983442497633912,0
-0.6262862531392013, 0.3003488340923951,0
-0.6196000049498347, 0.19772081742108263,0
-0.3409112812213918, -0.8905437742434118,0
-0.2726316089956518, -1.2086357723935524,0
-0.5737068229126091, -0.08443538881713307,0
-0.5462744617378966, -0.15305941871026693,0
-0.4478144384064879, -0.6496948512969689,0
-0.6749107558859299, 0.538914650675021,0
-0.6262862531392014, 0.3003488340923951,0
-0.19761249466289602, -1.2531037646862473,0
0.28310258239616454, -1.8953062224826083,0
-0.5130861263104598, -0.29512350735730075,0
-0.4356551739469719, -0.6658315426758904,0
-0.014356888192397204, -1.5385815810248222,0
-0.5934380793671761, 0.02803437067621058,0
-0.22312738282958003, -1.1171318033895044,0
-0.6960955061252987, 0.6583700154147284,0
-0.46368533059120604, -0.5135643184948968,0
-0.2309888013156476, -1.172852779595867,0
-0.2654998326898187, -1.1048249540045167,0
-0.5426148765684444, -0.2577900289798417,0
-0.5485231349650507, -0.2175185788709314,0
-0.47779362725361374, -0.5170448696425116,0
-0.34621026603757793, -0.9267636612294646,0
-0.6349538887984103, 0.2560473404823371,0
-0.12317587137190728, -1.4114994751742875,0
-0.4827702157158298, -0.48300251875008227,0
-0.9532115624521486, 2.098736945844569,0
-0.4130805490441363, -0.7273602177152526,0
-1.587900778901311, 4.840719737661129,0
-0.45057502685669454, -0.6265922055317454,0
-0.4709367528871533, -0.5655999834241915,0
-0.5319460811614711, -0.3696006161935127,0
-0.21706990454180106, -1.200356477708794,0
-0.5149243688073636, -0.36456102679574937,0
-0.43993329821822863, -0.6740775031311679,0
-0.6110342348232675, 0.09664701820567731,0
-0.5704472107437744, -0.10182964213183507,0
-0.7858401837870471, 1.1903395758146518,0
-0.2805294370545091, -1.035956786548255,0
-0.3480365126216379, -0.9556260351747042,0
-0.5689946641481476, 0.00614219569880958,0
-0.8838730626379365, 1.7458607114741778,0
-0.5652916988945106, -0.11410303021957018,0
-0.5528977336030988, -0.19649519089019524,0
-0.640013006509841, 0.30652257675304584,0
-0.6183322391541962, 0.18626119023446336,0
-0.38501771116019695, -0.778801305333923,0
-0.5999162253233898, 0.0920231774054288,0
-0.6102846976296478, 0.1462874766275719,0
-0.5293123792871687, -0.32435145787635594,0
-0.29942074648231654, -1.035843588409554,0
-0.6639940774897731, 0.4720285264980955,0
-0.48133859716015076, -0.4758038177534905,0
-0.31923340911341325, -0.990450122893284,0
-0.35177108552820474, -0.8819824436230939,0
-0.8040631117841202, 1.2902338372147775,0
-0.4873814351312263, -0.42385618883676873,0
-0.29913989704291505, -1.0601982845052835,0
-0.5704472107437748, -0.10182964213183492,0
-0.9613680459137451, 2.1539644741617296,0
-0.3765766206215115, -0.7559630635131717,0
-0.6003737281910194, 0.08241650456790099,0
-0.505427775831161, -0.4174878054125853,0
-0.6449495497487859, 0.37485224550145485,0
-0.5994991646909551, 0.05462953275135547,0
-1.061689906781057, 2.654124551958881,0
-0.6110042083257722, 0.13850830912998563,0
-0.37462195694015027, -0.852071310084191,0
-0.5787741625039656, -0.03558097574065979,0
-0.4169671403482081, -0.6828385484386352,0
-0.5278966683823774, -0.30945032114455606,0
-0.3377451486604476, -0.8986847201019171,0
-0.9942926734833316, 2.3128327746435997,0
-0.3677333852710936, -0.82374283330503,0
-0.5039791824774885, -0.3546571413895615,0
-0.47084483698356444, -0.4944430258965997,0
-0.43187706899246686, -0.6955244899322119,0
-0.45541381930868485, -0.6112541474540752,0
-0.5243574819062862, -0.328882125929673,0
-0.7458189634688605, 0.9503398532536994,0
-1.0346152568015796, 2.501233639757185,0
-0.4133263047310074, -0.7003795349433382,0
-0.18953107878403302, -1.2364617223518646,0
-0.40527295553281345, -0.7427408066679804,0
-0.40822526917967983, -0.7982759040083347,0
-0.7645022312961038, 1.0755123569212475,0
-0.6435472080888623, 0.3362359588933632,0
-0.5226889706873624, -0.24209019822290906,0
-0.2485837120410186, -1.1434900403749235,0
-0.5007642532190059, -0.42032916906045403,0
-0.18712874083576736, -1.2688650468732265,0
-0.9453321195377298, 2.075393430713217,0
-0.4064426409103338, -0.7898968071866275,0
-0.2843749242837387, -1.0569845674136722,0
-0.2374591999153706, -1.2094771851588437,0
-0.2182360427171342, -1.164023603985279,0
-0.3990035384585096, -0.7700681753869053,0
-0.5656677833622329, -0.11253574805939687,0
-0.5999162253233898, 0.0920231774054288,0
-0.5981580193082677, 0.0566840713960727,0
0.3971313914369046, -2.0629582839292366,0
-0.6257920507584331, 0.203787936868046,0
-0.44359983190779023, -0.6362076853899146,0
-0.5728367326247382, -0.06253431971920581,0
-0.6884013603949681, 0.599187351792798,0
-0.9435708248784195, 2.091055323927264,0
-0.36366241263024696, -0.852900647766013,0
-0.5838059170977877, -0.02590279366652301,0
-0.6397404983557237, 0.3393027768337086,0
-0.9097350834993664, 1.873110990477374,0
-0.5646558047295375, -0.08980627148560097,0
-0.2351658872202544, -1.1869623697319276,0
-0.4760984885944106, -0.5133242326275742,0
-0.21902061756106775, -1.2171827867824556,0
-0.2968036358694074, -0.9752544179587175,0
-0.4454239813698515, -0.687284468076218,0
-0.46342586827213744, -0.6175855090104119,0
-0.5866019400347732, -0.012156433594027218,0
-1.090967277395129, 2.828597278443428,0
-0.9497742611930949, 2.0680909100650227,0
-0.6193010521260236, 0.22748665252263162,0
-0.42104160355244674, -0.6516433824513971,0
-0.3147277466793465, -0.9510485777136992,0
-0.5608143260174825, -0.1497319274966036,0
-0.9756577185996181, 2.2358531166634332,0
-0.5319460811614707, -0.3696006161935129,0
-0.2559835662405422, -1.1062776451200833,0
-0.5482010762578595, -0.18199571316023216,0
-0.5502411849618025, -0.17384400227283364,0
-0.5975811014588139, 0.05156127057953906,0
-0.39576875709723197, -0.8286425278349098,0
-0.2773100812071755, -0.9922951388690207,0
0.3312511262976989, -2.0180395317454156,0
-0.42521183798318013, -0.6945801717317137,0
-0.44168951568811093, -0.6374464289692563,0
-0.5425777774717545, -0.24382670689687908,0
-0.6073439020360126, 0.13572672775221406,0
-0.4662414281615523, -0.4923339089185221,0
-0.7188900579253464, 0.775629094605024,0
-0.6631491161320743, 0.4282719367295578,0
-0.9876606218850185, 2.284339248937085,0
-0.5146868457009702, -0.31916121804729236,0
-0.4012359581069064, -0.7357752240041195,0
-0.812352155801506, 1.3031119716431678,0
-0.4957313880303655, -0.41229815407978415,0
-0.5989679929255403, 0.08392734137992815,0
-0.5136091429963484, -0.34584823788675384,0
-0.42677807718562455, -0.6724761384678037,0
-0.19254603278717541, -1.2291957723509745,0
-0.6417225216623657, 0.3175817449651124,0
-0.798918650256024, 1.3134384438875575,0
-0.46040328010033715, -0.552078067397724,0
-0.5424558766580917, -0.24982833554236927,0
-0.4393149134596933, -0.6530696563573778,0
-0.2652636980831417, -1.0096823341420944,0
-0.37572231088634933, -0.8705698963621157,0
-0.6487531264424153, 0.36528844896636353,0
-0.5193332305993376, -0.34832743287842155,0
-0.46681953695624445, -0.42719552811857286,0
-0.23736947143580622, -1.1292220546125726,0
-0.6787523884617801, 0.5485083615131015,0
-0.6135176371971278, 0.1640761235583861,0
-0.5666152049039792, -0.13157783452428037,0
-0.6281696153658158, 0.20179136492097857,0
-0.968268719117308, 2.1556181151674614,0
-0.39108426223580806, -0.8408843531980102,0
-0.3990035384585099, -0.7700681753869054,0
-0.8045554056902399, 1.2902082338162064,0
-0.2859305071879929, -1.0637592999311691,0
-0.7272577164325871, 0.8699852366262101,0
-0.47505638338687733, -0.5223251650901967,0
-0.6326677833039339, 0.25818011570893246,0
-0.8248180484028622, 1.4257947236410875,0
-0.7581810340142121, 1.0257765784649875,0
-0.42416470344422924, -0.6702906903208956,0
-0.5384584826516577, -0.2360304618322282,0
-0.6432576886773611, 0.32982877862765186,0
-0.46177551470956846, -0.5833279555458967,0
-0.46586722487385956, -0.4394198853086637,0
-0.40999836530908884, -0.7334530344245308,0
-0.32006624338016193, -0.9474058052718821,0
-0.7015392313370444, 0.684935361796335,0
-0.5251875026328097, -0.23063561625137452,0
-0.8549068042598967, 1.601439526391551,0
-0.6969029717180492, 0.6637407086671036,0
-0.35527933415291213, -0.8663239759113448,0
-0.595245841797527, 0.03223753453446677,0
-0.5055216048053631, -0.39983601245485784,0
-0.4705339751767518, -0.5389078131547815,0
-0.5256685244026443, -0.2741284251910748,0
-0.4645222646289905, -0.6125091089817529,0
-0.6237139582541291, 0.2112866148939814,0
-0.4390658774528773, -0.6047759155354728,0
-0.9280740162841856, 1.9921971028976349,0
-0.46556360813260395, -0.5161204843024565,0
-0.6710328326132413, 0.5100200965182566,0
-0.3107363693097234, -0.9232658460904843,0
-0.8629210618955853, 1.5975206475237236,0
-0.5424491427116469, -0.22755034972616947,0
-0.49031478844171145, -0.4626476018518517,0
-0.4377380970635619, -0.6999966421895412,0
-0.21670018527437968, -1.2130479334845559,0
-0.8199207420770477, 1.455133750413313,0
0.26710875553102037, -1.9982525505918212,0
-0.5686592197632371, -0.09517224990236607,0
-0.3487003573359332, -0.9124016064592898,0
-0.5966530846985632, 0.05055592073017862,0
-0.7836136183539327, 1.1900716273995329,0
-0.6526292769496144, 0.385425199629583,0
-0.9467766367946798, 2.0774163729446964,0
-0.32172279691631417, -0.992773664085916,0
-0.37963119499198766, -0.7739129191956561,0
-0.9091589267631565, 1.881484672433463,0
-0.6009891907845543, 0.09008519888183274,0
-0.414476589749437, -0.7266253269542645,0
-0.6094404582600783, 0.12912287408624995,0
-0.48478684425215546, -0.4618281969270568,0
0.6102252075833038, -2.284584975070227,0
-0.876109674179522, 1.692437945728741,0
-0.5093025355008461, -0.350391022439595,0
-0.3932911232331909, -0.8247848144064529,0
-0.6060537676166456, 0.08696836346795707,0
-0.3531317181491558, -0.9112681392508784,0
-0.4252379134613435, -0.7281993686352228,0
-0.6155993255902731, 0.14306072660457994,0
-0.33097814474257353, -1.0030501617291043,0
-0.6430506869677657, 0.32506856963501013,0
-0.4906080443614568, -0.4964933553497876,0
-0.42784885976695325, -0.7468518948718096,0
-0.3887102092692978, -0.7784048093072401,0
-0.5501703769711673, -0.20986929510704339,0
-0.3924780149186033, -0.7671902888916963,0
-0.6166293489956501, 0.18428226661048203,0
-0.3759377474038539, -0.757592701148711,0
-0.20459432985038228, -1.2764825948447283,0
-0.6511445051511565, 0.3968907638364192,0
-0.7302660549531923, 0.8666495655400164,0
-1.0304536212914845, 2.519252894436964,0
-0.05349541956770106, -1.4859801277507636,0
-0.6041918825024154, 0.13309407787057007,0
-0.613711637468421, 0.15478606312868246,0
-0.6048406162449053, 0.07699317723790436,0
-0.4833113210568196, -0.4503602264630449,0
-0.4715050814360054, -0.5287013539905839,0
-0.4963788527142629, -0.4491927211671381,0
-0.5969012467757511, 0.045660037089627535,0
-0.19387336961683843, -1.159834123738193,0
-0.37464181595005125, -0.8018028700130304,0
-0.3640035922796157, -0.8425813478646282,0
-0.4125643222072893, -0.7169719576519128,0
-0.5056756118052333, -0.40776838583066327,0
-0.46330397620886193, -0.586063254693166,0
-0.5673839632255737, -0.08743880966506302,0
-0.260232011811677, -1.1013689260020645,0
-0.3760443700924159, -0.89802744264069,0
-0.2511605316892826, -1.2127220910723524,0
-0.5921306522029492, 0.02108847150624728,0
-0.6314585222830468, 0.2307659217131017,0
-0.735643889965795, 0.8851398081271533,0
-0.626286253139201, 0.3003488340923953,0
-0.9542317000806713, 2.08290551234914,0
-0.536519144940712, -0.24555460564511206,0
-0.3547562239954822, -0.878746875110884,0
-0.6087381325916944, 0.0909313291957914,0
-0.5152373615293472, -0.33808219831666153,0
-0.7327043552260739, 0.8723842305296731,0
-0.43202360332426465, -0.604312179421764,0
-0.402909746775385, -0.7634530405975595,0
-0.573562612826826, -0.03142177361252024,0
0.1739441256482986, -1.8589275230467055,0
-0.5147712035249808, -0.34402697263436743,0
-0.3631913467992165, -0.8593984718774151,0
-0.4609806575952731, -0.5647241945314202,0
-0.3786010384377585, -0.8224122541684687,0
-0.5218630731579723, -0.35903205054496673,0
-0.4512120642489566, -0.6445866977946648,0
-0.5372436853578818, -0.1931242511698764,0
0.09907814562890346, -1.7162049805517035,0
-0.5521768511527628, -0.16148776061141995,0
-0.38632856650251346, -0.7960127024752575,0
-0.3086799216572442, -1.041119419864869,0
-0.6213117251096196, 0.18102992474964993,0
-0.30887312222872537, -0.9863753122538603,0
-0.43587705967440526, -0.6295548584960189,0
-0.8964052849193904, 1.802815099810524,0
-0.4035370521183521, -0.7312361126554946,0
-0.8833419823062185, 1.7441282524742139,0
-0.4792041831750871, -0.5266111905668535,0
-0.05807054540333943, -1.516409323483805,0
-0.7923757075597074, 1.2133938099414103,0
-0.4760890730774885, -0.5122792975425116,0
-1.012620960669128, 2.429617469202203,0
-0.5926620662025834, 0.037486388028167644,0
-0.354456037337739, -0.850462977927607,0
-0.50312754926936, -0.44586966997341587,0
-0.6212983893324565, 0.2008795772355494,0
-0.6165730136931876, 0.17171169964889177,0
-0.3853825927430173, -0.8211038257797069,0
-0.6625727141106426, 0.4365867836266011,0
-0.5764274514060396, -0.05572725857548236,0
-0.9501164027274814, 2.080512503863,0
-0.5703176181956487, -0.059394801656669265,0
-0.3562197649378195, -0.9061348646346937,0
-0.427450676143239, -0.7248960605926027,0
-0.5904333509144623, 0.08755916056722228,0
-0.2730000440294263, -1.1185311373725406,0
0.5521464705205432, -2.278299774387035,0
0.48172332575021637, -2.0860278989153596,0
-0.755391294683977, 1.015940566060503,0
-0.5222136179465955, -0.31114681784847253,0
-0.6114413351425974, 0.14925435118572514,0
-0.9585497331609563, 2.157507053713431,0
-0.37738016165155763, -0.8657349872132002,0
-0.3240043365140684, -0.9915810686471976,0
-0.4210844719074921, -0.6968951034832565,0
-0.8692232352046039, 1.6531389746916665,0
-0.48391100633193956, -0.4870804677847316,0
-0.7015473989332516, 0.6773533488819137,0
-0.4749964880014155, -0.4614690630839012,0
-0.664477801373339, 0.41009276637259023,0
-0.6394199682384936, 0.29775840781182245,0
-0.1090011867275769, -1.3494501829739725,0
0.2457641711938321, -1.909154598283046,0
-0.41256432220728956, -0.7169719576519126,0
-0.42503022197561846, -0.768225107633627,0
-0.5296080235117828, -0.33471766871885633,0
-0.6462230850624986, 0.3335492892450104,0
-0.3913842241703152, -0.8547285556339084,0
-0.5059811581483171, -0.4115190597333017,0
-0.5436572697968212, -0.20775977303602003,0
-0.6332135672046483, 0.2910255566345265,0
-0.6666080068875595, 0.4948724134816284,0
-0.25477717477787853, -1.1197014725318446,0
-0.4374137457783992, -0.5927797306197727,0
-0.4128912140476554, -0.6687272345611815,0
-0.24294118803579443, -1.1196381121058658,0
-0.4958302596012259, -0.48127904754994133,0
0.6258986920373789, -2.316554052513413,0
-0.5838059170977875, -0.02590279366652301,0
-0.43130655233347825, -0.6921798891095814,0
0.3434524266249166, -1.9535029721456794,0
0.5476642498468091, -2.1764864796413774,0
-0.5694904482977149, -0.09931299907289173,0
-0.5555467865533291, -0.2284979185777026,0
-0.6655629850848016, 0.462726243399455,0
-0.1644059530012784, -1.2485172016193957,0
-0.9751728097338104, 2.195268254322094,0
-0.2001226519672312, -1.275839753916691,0
-0.4782087876516183, -0.540927037851738,0
-0.25691329242926575, -1.1048512555782797,0
-0.48557221188157296, -0.44359812336530213,0
-0.5647949882020343, -0.1371321752050174,0
-0.3013462002512049, -1.0135371874900914,0
-0.42230132244020385, -0.6508011333950522,0
-0.41984529818259964, -0.7096257989753194,0
-0.48285994528847104, -0.46921578342466175,0
-1.0080252767586155, 2.359644149259299,0
-1.2420066659969284, 3.5140721149413827,0
-0.486161897213061, -0.4645599460858928,0
-0.5062733975163367, -0.3157340971128354,0
-0.7866494227415493, 1.1810974780258003,0
-0.4910000128131307, -0.43331105010453225,0
-0.68179722321336, 0.5688218690532942,0
-0.2053589785095433, -1.2135342341518318,0
-0.7489223100244375, 0.9647082724875604,0
-0.3966546954174038, -0.7662870264700691,0
-0.6529123117940014, 0.35375287154001894,0
-0.4654790672021571, -0.5002952533271706,0
-0.4717192917178762, -0.5070512039715221,0
-0.1812265982682766, -1.1964045324976604,0
-0.46160970883068764, -0.5439267402668805,0
-0.9944641422085466, 2.297377637809824,0
-0.5050259263449064, -0.3927888635277616,0
-0.37337915838527513, -0.8062682280469983,0
-0.9871706355398253, 2.315399881891676,0
-0.423974791082079, -0.7468486083364461,0
-0.5674363423854905, -0.07210608103608344,0
-0.5303234290997153, -0.26806106348780817,0
-0.5504204558966951, -0.2095943418307149,0
-0.8466672469920499, 1.5806524215903524,0
-0.5091360660382293, -0.40882415243788495,0
-0.619662158474933, 0.1864302143207522,0
-0.5614020924399764, -0.14641997830877118,0
-0.40270746313715294, -0.768577528090883,0
-0.8243265057714175, 1.3978392023288784,0
-0.37112233463338234, -0.836659305245765,0
-0.7337258023647846, 0.8868184712016716,0
-0.653959775553355, 0.3632611048724736,0
-0.5335376130391101, -0.3262464143190411,0
-0.466496401361573, -0.4224847502880358,0
-0.548947863435655, -0.22149433595380516,0
-0.960080434578853, 2.1754426139911263,0
-0.40709827039577223, -0.7763728383209948,0
-0.543557012261609, -0.21857118185470406,0
-0.398006948637141, -0.6910073547809671,0
-0.2822958262291667, -1.0909527656363418,0
-0.5708293923471177, -0.07847154792274787,0
-0.6768466913958542, 0.5120247140292388,0
-0.467752242608284, -0.5469231866141082,0
-0.2383215408369768, -1.211145082244784,0
-0.4991196544814074, -0.4121348108400307,0
-0.5161251998194403, -0.37320760081126164,0
-0.4347656741823329, -0.6564712618185394,0
-0.5618890198280969, -0.12615972590055577,0
-0.6570065378055752, 0.42538928316547403,0
-0.3046523653880565, -1.013824218336274,0
-0.17126322078494713, -1.3194192050526794,0
-0.6168141160132764, 0.18385127028580583,0
-0.6294275951741016, 0.28752854709235065,0
-0.8537395194606524, 1.6045217803804273,0
-0.5784471412633787, -0.040837418498538836,0
-0.30711150050960817, -1.0486477416791922,0
-0.45829646213163605, -0.6020722267753721,0
-0.26413686820768834, -1.0847971282980866,0
-0.5413331777898825, -0.16835391935734836,0
-0.44359983190779084, -0.6362076853899148,0
-0.5182041479816543, -0.3246987848989499,0
-0.54688770963923, -0.20723433372077324,0
-0.26035057270072565, -1.1458938630569544,0
-0.6604136817704622, 0.4286851082836721,0
-0.40043941623951274, -0.8588205598673596,0
-1.059262464197736, 2.617993661492426,0
-0.4683300372965773, -0.566021888876244,0
-0.4919224992735318, -0.49370345747090993,0
-0.986265057549164, 2.253769760757285,0
-0.9101313554820771, 1.889429610431697,0
-0.5993875674084078, 0.055884616773799446,0
-0.621507613433716, 0.21326727378462387,0
-0.2496279476335759, -1.1528961102620077,0
-0.2612188243989005, -1.1126350840387547,0
-0.6448072373189568, 0.3577523992636461,0
-0.3337640613208357, -0.9464339746049589,0
-0.2839753895222943, -1.0067559459638153,0
-0.3537483246916741, -0.8134901062768897,0
-0.5067404724745705, -0.40773798495630653,0
-0.6375996629790601, 0.29674013693614043,0
-0.30851935670322067, -1.0270431811855414,0
-0.5319460811614711, -0.36960061619351275,0
-0.589625349751997, 0.053030286708961316,0
-0.7595467315326314, 1.0405299547443678,0
-1.05720085407527, 2.6437217623007125,0
-0.5838059170977873, -0.025902793666522934,0
-0.3553893712377321, -0.911473311732888,0
-0.5093149393815841, -0.3653187444269232,0
-0.5487020853677824, -0.20242787018622574,0
-0.6501506508508785, 0.37234227623437166,0
-0.540188030793303, -0.2891901842089436,0
-0.2955692232722753, -1.0423263964379388,0
-0.42915643235530615, -0.718437104818896,0
-0.3183711455138121, -0.9938944860868385,0
-0.2664246204076589, -1.09482275431937,0
-0.5508258635407808, -0.1889887305295381,0
-0.7831650031666773, 1.2296282529212794,0
-0.363462374223821, -0.8857408464143811,0
-0.6056627286349383, 0.11262634801575769,0
-0.2516153958568054, -1.0664698111715323,0
-0.6664116908576064, 0.4714712029339373,0
-0.1705491267731942, -1.268301166300349,0
-0.755168496008665, 1.006157321598753,0
-0.3866522698798356, -0.7891004683484378,0
-0.49862515134613683, -0.3686664758466536,0
-0.6509865162480641, 0.3855260991897231,0
-0.5725567707740294, -0.044721887274878844,0
-1.104460041056598, 2.8753381453409235,0
-0.4644134299018856, -0.5093728224409058,0
-1.1235108690443512, 2.9288919324517293,0
-0.2863175366221576, -1.0786976495156142,0
-0.11600956177048588, -1.404675126737219,0
-0.9510386969411271, 2.0882788370764795,0
-0.651530517287958, 0.35194559546820015,0
-0.4938643872098835, -0.41646941641341095,0
-0.4813358189447498, -0.5358378460962324,0
-0.6082460678382935, 0.12448606989098002,0
-0.9630024276279785, 2.1578620174205625,0
0.3655752730562766, -2.0738349348379037,0
-0.6570006793007882, 0.4107307912720482,0
-0.5843693273540215, -0.038813028277984885,0
-0.7364399278910446, 0.8948503696492536,0
-0.5001430331326622, -0.3987401681475711,0
-0.7105580188755241, 0.7363749829193147,0
-0.9281985780548979, 2.0047654451479366,0
-0.2606500327168587, -1.0993976415235072,0
-0.7137459876148903, 0.7761081909797475,0
-0.4890586011680393, -0.4231503762930637,0
-0.721844238932266, 0.7993451962476162,0
-0.5594447286752176, -0.12966994878365642,0
-0.46511450964634315, -0.5458879452743749,0
-0.07540833742942413, -1.4279024326192316,0
-0.531946081161471, -0.36960061619351264,0
-0.5351966420479133, -0.25879217069570876,0
-0.6166823733883188, 0.17540851179988634,0
-0.6113943396324948, 0.21849571621915917,0
-0.34876427492403655, -0.8999123913516557,0
-0.9447282783384243, 2.0528464553478303,0
-0.5548583506537419, -0.19355547265248854,0
-0.425424837970176, -0.6541618551995391,0
-0.7135487110569815, 0.7773390166672834,0
-0.4869738419156328, -0.3918299035686108,0
-0.730322601970121, 0.8681381040122585,0
-0.6779880993435752, 0.5588235307641454,0
-0.6178509301254935, 0.17100765294035264,0
-0.26541067446418704, -1.0507582675810805,0
-0.38232111398833263, -0.8035819612809189,0
-0.8265609495006776, 1.4093908610741324,0
0.41509996124237947, -2.0849193182331374,0
-0.5060133876152121, -0.4090871713445399,0
-0.4567730117568931, -0.5566975502654268,0
-0.5438772310976503, -0.20691867843234882,0
-0.452106266394445, -0.583887947286036,0
-0.939072931782852, 2.0997652344956514,0
-0.2968629670535751, -1.0195051901334888,0
-0.41240140488961585, -0.6768283426363035,0
-0.6016010101724404, 0.06272458796896109,0
-0.4963962401481045, -0.4301864314628369,0
-0.31225648574082177, -0.9777687557552439,0
-0.6143970362232567, 0.13319672069617464,0
-0.3175364474303709, -0.9432135386382055,0
-0.983811468768972, 2.2313215171261125,0
-0.3274949553901334, -0.9765367069223917,0
-0.3709160935344744, -0.8394684468547161,0
-1.0447679597470594, 2.538887467515398,0
-0.3427496469435993, -0.8854176672600761,0
-0.9421302201044987, 2.0478408399604686,0
-0.46519322875432384, -0.5224014527774214,0
0.5478075480383231, -2.1727996539889265,0
-0.49503858954889307, -0.45833542301523883,0
-0.4749521649408633, -0.5214846305915615,0
-0.28988780346064297, -1.0773647885763615,0
-0.6097533544476208, 0.13894317170188403,0
0.18923825484947548, -1.917733222461983,0
-0.3484850066735133, -0.9009947655229985,0
-0.9453605378988679, 2.050743771068447,0
-0.5620171561784302, -0.11386406901354378,0
-0.810427278209408, 1.360934087468161,0
-0.6486468601212728, 0.35327479092576847,0
-0.39730917503435514, -0.7158781583987297,0
-0.5292065465884268, -0.2817368964283938,0
-0.186603570299804, -1.261342070017782,0
-0.6531898150517037, 0.385485877653835,0
-0.36768288302549634, -0.8993801207530495,0
-0.7370146323880864, 0.8857032384161506,0
-0.6722327456621344, 0.4690887304725742,0
-0.5241233235365453, -0.2930817160876601,0
-0.4452757367851263, -0.5655640615506886,0
-0.6237045230983806, 0.2069327621044378,0
-0.6342693268184709, 0.2684400904688004,0
-0.010874412171460807, -1.5878425771092413,0
-0.37548020081842226, -0.8571323582525944,0
-0.6088170728373135, 0.10943013791978765,0
