-20.18107637379721, -14.402628085878964,1
-16.924415208176438, -13.615746974665983,1
7.947109608215657, -16.240939787527424,1
-22.17314273216726, -12.302547266509276,1
-9.80291245520817, -11.766421268871012,1
1.3025101233109682, -13.142354013968536,1
2.3621028406396354, -16.176504543322977,1
2.206001395068328, 5.365268007585522,1
5.425324278854287, -13.602366724084705,1
6.851531869979324, 2.763271227019706,1
9.396969498659695, -14.205807851653443,1
-2.8261959136640327, -23.731047191218135,1
-21.604622914567905, -11.70005088258014,1
-15.524451503244755, -13.665738035158963,1
-3.3906539494591588, -10.97928079983121,1
0.47677873050733727, 6.364683714505202,1
-5.660400622547788, -16.500068389223724,1
6.851808676847944, -9.000034729990983,1
-18.792504801787118, -14.219647816649303,1
-21.51133242382692, -14.049505860636408,1
-41.23518686425626, -12.179411315796328,1
-21.251414253534964, -12.768450889491492,1
5.66787957175905, -1.9200821774458903,1
-16.831123394928472, -10.871402278932594,1
-6.118434473928917, 11.170290693589706,1
-21.36794464850583, -12.53479582671856,1
10.638755437052339, 0.8417065668734622,1
-7.6086300479835955, -13.449629184398164,1
-7.555911518237487, -14.010931112667611,1
-7.518460081265362, -13.81864253327942,1
-19.307357589611325, -12.982315301780481,1
-20.85044092663195, -9.734909826914723,1
11.508864078547141, -0.3176819053968419,1
-2.669236994350252, -16.11961769012677,1
-0.9134060931437816, -11.918111360446742,1
-3.2300035681434136, -9.543386568570428,1
7.466954271101054, -15.14661989878776,1
-10.814899455525511, -10.87023152439434,1
-8.58627998565972, 12.692224149808153,1
-19.596336160348105, -11.570053518001442,1
0.32399972986987907, 7.061339806201341,1
9.742219585334041, -16.94268871225416,1
20.35748915560931, -9.67166438392507,1
9.233315269154264, 1.2936454059496356,1
-3.612663636246166, -18.33257019684978,1
-13.00175227562788, -11.622487430247256,1
-23.468782557572897, -13.316342377627153,1
-8.675368209933545, 12.61003514622196,1
-13.397470699669933, -10.722419342720956,1
-23.832445606649827, -12.540823752953447,1
-16.51975076930822, -10.81990266267289,1
0.9539392303627232, -15.779393603490456,1
19.811269474800387, -9.292624043579675,1
2.2671449437138973, 6.162898735872303,1
-1.1045407301162158, -16.583949065932014,1
-16.36014962256345, -13.075947479470088,1
-20.510560493099135, -13.32166550378931,1
27.063807553252392, -12.971942011329778,1
-25.831974626956132, -9.769911284518697,1
-15.278337342898547, -9.741398828480952,1
13.10219425888062, -14.754205069217699,1
32.832779478100726, -12.6077604032665,1
-5.29268470345118, -15.537958909210282,1
-15.921852968553736, -9.715459467936489,1
-0.35333662589469716, 7.343178831733318,1
-16.587602747306256, -13.128554034640613,1
4.194925285029079, 4.737748715714304,1
-5.822999070444988, -9.168143711069915,1
-33.16449355919945, -13.207267392155037,1
-16.911893965644474, -15.609791253075604,1
-19.96414659860046, -14.262139277562254,1
-3.9757074969483424, -8.418188215295817,1
-16.264163592319157, -10.899504676934168,1
-2.206427819352547, 8.920732610450761,1
-4.932994491054937, -17.064481271440748,1
0.541984530002806, -16.91135854245832,1
10.067082658717801, 0.5623611765647364,1
-14.772732673208722, -10.37057315904245,1
-1.5942071300303209, -16.962334748485155,1
5.836936777686294, -20.849514649565975,1
-6.186453898943648, -15.689563863941249,1
5.830153035300091, -17.79983347974732,1
-20.02791231697726, -9.304872141391417,1
-16.57520718613914, -10.402734651453995,1
-8.19504021843674, -13.599743999370181,1
6.7856728232448305, -18.159674025360506,1
0.7213091509228997, -16.352798462960713,1
-41.270085761182024, -12.316030837961636,1
-18.119091889251738, -14.398862141373,1
14.031344865705815, -15.376366084478287,1
-4.354422521269529, 10.331694276233279,1
-23.17304110642169, -12.481094367184344,1
-15.192054368774262, -16.778971810733584,1
-10.655649675830343, -8.8430589536304,1
8.84107017131694, -11.928748311701577,1
13.254578171864098, -1.1600262431447037,1
-28.814730024497955, -16.72534813287623,1
-2.573846425063398, 7.734104234193541,1
-1.6742477943203884, -14.931832483738404,1
-8.247825746636902, -13.76622652302353,1
-3.054973689847173, -8.461399124068116,1
4.978409496518984, -10.094777950618797,1
-20.558868758271185, -12.925825101439928,1
7.927226228592664, 1.69241356231261,1
7.276107781580528, -16.953495156341788,1
-16.674443156102015, -13.852206006647776,1
-28.790982761113707, -11.20704958991335,1
26.13113245334131, -10.028456812400199,1
-16.910693500498365, -9.870150546502439,1
14.688876580732323, -15.357856154849557,1
-19.13733940633613, -13.138273294930078,1
12.712432044500767, -0.7602170786585013,1
19.764615368492898, -4.8653850839004225,1
-13.093018659734813, -20.15205024877619,1
27.204340230168334, -13.33921065090516,1
0.1875747420777755, 6.902269272690471,1
-38.65657090546096, -15.81137735998662,1
16.766585712497708, -11.952681395110043,1
-8.501109632383905, -13.336416102063302,1
-2.1980067702315025, -15.232618727578826,1
-30.787767161716317, -10.481170873829255,1
-17.03510331746655, -12.652681292240642,1
-4.0515093314541595, -14.706605499464063,1
11.135366597899353, -12.01996035444183,1
-13.364064306811908, -8.963205876293095,1
1.4820968747054248, 6.0439573439991765,1
-40.709439182103125, -11.93950013879711,1
8.789885887850895, 1.3500500840673193,1
15.07341508999511, -13.06747376718611,1
-8.97798467713465, -9.972343627401607,1
-13.849335631980637, -11.063032660753493,1
5.163682423605162, -17.387415056934323,1
-3.685924334921345, 9.656419620844101,1
-1.002504840282605, -11.54225937140556,1
-1.5507954622920812, -12.157028205540131,1
-0.23170700219479182, -7.888432538120271,1
-13.011238760498655, -12.476480644427669,1
-47.55361881309451, -14.212928891287431,1
0.26422653661603535, -14.615868532542002,1
8.405996858284547, -14.403488384393158,1
-18.153321621151402, -13.252688961154947,1
-17.233643889799346, -14.930192530674374,1
5.193560832088747, 3.764777238101882,1
-0.31856190046325966, 6.432561324282334,1
0.33031935546448754, 6.055810239714534,1
8.298046636072531, -15.73049014740181,1
-3.7047178657655087, -9.153628456555825,1
-18.181754358441193, -17.225623498124975,1
-8.492086796904939, -13.794496440427027,1
-5.09357613111841, -9.83538074075989,1
0.14978136019084523, -14.71249552234856,1
-7.928125337709586, -10.380603077531175,1
-19.615687992919735, -13.358210287727843,1
34.246202634814956, -13.096211564491854,1
15.155188406763255, -16.231991497241594,1
-15.049937006253819, -16.7150249458815,1
-21.31514517546054, -10.456974793556546,1
-6.776113139636401, -15.06992042357678,1
-11.990034746988746, -12.474017448233397,1
-9.53967296997334, -15.039576699680358,1
-0.6439150819727115, 7.99396134920338,1
-9.43884273839898, -15.046435050720468,1
-17.709331590168954, -16.61131166281728,1
-4.021664897481165, -14.11412983113753,1
-2.2336097288061687, -15.010468362982916,1
-18.952955354850893, -14.036191024221944,1
-12.291799062080774, -8.811017760760247,1
28.081008778924044, -13.560403909171777,1
-18.841589958801098, -12.867130577740769,1
7.353772190435197, 2.6219412278283043,1
4.443017613145364, 4.642844308829014,1
-3.0217829785825687, -10.746485380511881,1
-40.81647057531878, -12.020079715398133,1
-41.818432712390255, -14.089097750101706,1
-21.03238117759507, -8.866728954612144,1
21.84114237641715, -17.260860623516024,1
0.8623575697351642, -18.941814837562983,1
-10.017970707745711, -10.521290123739941,1
-23.539305737327545, -14.415992980778647,1
-0.36316430867537247, -9.040494915217058,1
-31.548137020630204, -12.820774488744549,1
13.304870147397653, -0.9672124050317857,1
10.919657621311194, 0.4510592426555731,1
-1.0451477033960097, 6.69661575264211,1
-3.7254390114008897, -9.393458872880782,1
-21.28679754864621, -7.086820969830215,1
-21.984017245005035, -17.15213794388739,1
-4.704159288606871, -13.69024133548092,1
-31.64636239385815, -10.573453211672875,1
-14.096250681078462, -21.096479710006765,1
-16.50480870367792, -10.406035109562307,1
-43.40445358709292, -13.153090239158836,1
-18.585791396112214, -16.172706991402208,1
-26.643896630913815, -12.880983745609479,1
-24.80465471947198, -17.78843992967094,1
26.949601726323934, -12.874318736429606,1
-8.791059666885065, 12.833914118899596,1
-15.315246576230432, -9.14286035553277,1
-3.144498854969335, -18.460161336813005,1
-16.234701550693366, -8.947109506868893,1
-41.051736792582375, -12.294364042336532,1
11.428329287738372, -17.685155906289797,1
-21.104627312167676, -11.631951536700209,1
-18.94651715244, -12.619723934949606,1
7.765778229760863, -13.302217943123047,1
-26.94537239118019, -16.14713725062971,1
-12.816406304666545, -12.253735033361586,1
-8.996493814313231, -9.699844568864137,1
-4.892468511750589, -10.243839570177489,1
-20.79154051986322, -14.228397441977009,1
12.175939910500276, -17.02274266660753,1
2.4353064055167675, -5.9428043783017666,1
-12.439937050747025, -10.106525391250583,1
-17.785821675054336, -16.577781297519333,1
12.15404327155997, -13.46296388468711,1
-16.334553323313266, -13.31261747548957,1
-18.433626535800116, -11.65569054107148,1
6.73914282672863, 2.861841352694131,1
-2.9929400858835353, -8.535672889060503,1
-12.265586997591742, -14.017461687404637,1
-2.7511088171228026, -8.779505007520584,1
-2.972703857403707, -16.582939012545328,1
-0.8307702883546039, 6.872368027653145,1
-41.15718486140196, -12.277329725626887,1
6.271616143519935, -20.468789707929083,1
-16.366760117378014, -9.605706933132472,1
-6.248752198182531, -16.37586863215717,1
11.31730680481115, 0.03709136289132389,1
-2.8732759219389696, -11.07222721230785,1
1.2483225314906012, 6.9129559243247165,1
-16.440287687000684, -10.705170500478678,1
3.4984312772155883, -13.623307585643309,1
17.464063845379204, -13.36435715476519,1
-16.17028224298716, -13.915253231980909,1
34.41009470218544, -13.112616383916706,1
-17.390416254981144, -8.905386902745887,1
-19.53768583087235, -12.987903128821367,1
-2.438447393234899, 7.815672140610404,1
-17.372853594681963, -19.8669294872337,1
-18.773772087949304, -10.436345002866412,1
-16.413043646846766, -11.067199304217791,1
5.06092587070083, 3.6358657587858176,1
8.914598268087095, 1.3268338748721027,1
1.4411466185594664, -16.634896043885202,1
-0.2871619803086749, -13.817549365216937,1
-21.511703119781647, -9.728067553064431,1
-18.12766617377053, -14.06469230973549,1
-2.1093988923058338, -9.398512955682875,1
1.3181350514848342, -8.92500028998629,1
0.07835726117462699, -16.803962030967295,1
5.673817549120925, 3.0983200392280486,1
3.0068680398915446, -13.782080435154608,1
33.73935984626703, -13.153022776771765,1
-8.190320252560953, -19.697822581775792,1
33.98171837033971, -13.22583073888263,1
-16.713656239174988, -8.90029528830954,1
17.796336343154465, -9.371169494383182,1
23.372367095443824, -7.584301651948641,1
-14.177838899886996, -8.407936301051178,1
-0.15561806332859202, 7.139282929502375,1
-11.32475105623958, -10.444645420261217,1
17.383823286205946, -12.686288832470602,1
-3.9165425968718335, 10.104259360477657,1
-41.67884585398074, -13.44994406035225,1
9.843079574223555, -0.07458767241035372,1
17.38656560234296, -3.8318032548437255,1
0.20625052938719668, 7.487616354130027,1
-17.678506549894948, -14.708246836153869,1
-30.758113780662757, -15.049809957925497,1
5.674012816367811, -2.46353653535523,1
13.460233508764453, -1.7653388191315111,1
-33.70630853464927, -15.422287827738915,1
22.71477103137005, -15.120729636226146,1
-8.308651292123976, -13.551703964162359,1
6.027887956011938, -16.504117309367338,1
-11.504514449213387, -21.238172171211044,1
0.5826954716357591, -12.360306910425516,1
-9.892436977339726, -15.050288470763636,1
34.41009470218545, -13.1126163839167,1
-21.699064063672687, -20.1089099048037,1
-20.596651291243425, -13.481301575965858,1
31.981759956387435, -13.480517626720859,1
-29.83646654490722, -16.57768211566959,1
-21.786136111519447, -12.026423581917772,1
-3.519699282473091, -11.566785002130286,1
-29.068797186941485, -14.657569967803946,1
-3.379810077036152, -8.237479842984087,1
-20.786332375165873, -10.521894751069501,1
8.992280548736641, -14.50210938081766,1
-8.082867627712957, -13.64656379579089,1
-18.12445285366266, -13.489523442632294,1
-36.858055988550966, -14.258275717819952,1
1.1175407971947924, 6.059718588917351,1
1.044502339235166, -16.64343978348637,1
-22.957695792203044, -11.587437113179092,1
-18.675495159223033, -14.613789368587582,1
-3.4837691886644833, 9.50777597127912,1
-5.294836582353648, -10.995844716424383,1
26.171433559302955, -10.341389418055474,1
-2.973079738071595, -24.19902325159694,1
-8.292376953706864, -14.665702161197695,1
0.680562245472964, -14.377170613462987,1
16.738431861891957, -12.271519025328036,1
-9.509068144982065, -9.583703264202981,1
0.5733225176660313, -8.448463909782937,1
-7.624183345291883, -14.331460028930112,1
-19.3161337936246, -11.014815239762996,1
-14.609009728099899, -12.021380926278031,1
-4.181610414402009, -15.07756777876087,1
13.528895942208532, -1.9306117659692152,1
-4.77864318504785, -15.460321524933532,1
7.739647723308034, -13.566026877315778,1
-13.303472524380616, -12.246393392400424,1
-17.780931508287786, -12.815646457032209,1
-12.474822890166037, -20.705947494076604,1
-2.701992089963151, -16.31586314584622,1
5.290689107817143, -13.152156769220205,1
-1.8929811074381115, -11.720291308355973,1
-0.02472079860737319, -18.80821661332876,1
-3.368638760928811, -17.06669921779598,1
26.98905974334529, -13.035278800187287,1
-0.9970577830281728, 7.844484151311742,1
17.68090160684991, -3.821129428985346,1
-13.175397403961497, -11.548151952655157,1
6.379746942887366, -18.63112332488392,1
-23.88838552175285, -8.108770039901417,1
-14.809732574750685, -9.9599801517839,1
-9.099202429451337, -9.661585922205047,1
-6.789887673915147, -15.466057864317829,1
-19.102138942317357, -14.049552202745742,1
-1.852393586056562, -8.734833003105521,1
4.054864060095917, -11.655204719636751,1
0.5054539010276135, 6.833917375268858,1
-8.442785504736491, 12.684302361589374,1
-4.89789807515505, -12.028557247105285,1
-12.171590231930226, -11.736352269056718,1
-4.690061536070687, -15.94703137442537,1
5.459369489257709, -14.860679643133714,1
-15.891495715715648, -18.921305119670063,1
-16.19446599856538, -14.016373402562818,1
-10.954465489385516, -7.817116093340664,1
12.901789308516024, -1.038833497986848,1
1.4544108701238805, -14.794120857472516,1
-44.14899900043683, -14.43017927287732,1
-7.507837285472762, -14.092536019574888,1
-13.893443650646189, -12.985522408126835,1
0.7325616338176255, -17.610713909734123,1
-26.301562119019827, -9.845001372386664,1
-25.45340139681206, -10.523949822508241,1
1.918976587506742, 5.497510849438641,1
-1.9984005819639568, -11.589464429394344,1
-26.923231091005192, -17.457777982144925,1
-6.208339786906512, -15.616876549164857,1
13.871239331418076, -1.2116107155114446,1
-20.87239251580708, -12.588876612613555,1
8.925440014682705, -15.930722582065325,1
-40.86459867181338, -12.27715005733934,1
-3.235196904848364, 9.08731398889511,1
27.860464880078748, -13.613936330899302,1
-20.7045312869636, -10.530140660709874,1
-27.243798185923335, -19.48498357181416,1
12.514561046839402, -14.80743299919226,1
17.268621808281186, -3.817074758381412,1
-40.945307400900866, -12.287537160198823,1
12.471157796239726, -17.48621332256126,1
-14.701965681673656, -17.832142807797585,1
12.648695345139968, -0.9845430143018288,1
-1.8416256260679253, -16.946288951874465,1
-44.64702943191471, -16.983610408109985,1
-20.70749218521936, -13.965524235724851,1
-14.674400709748932, -10.07864436618835,1
-14.655237084161994, -17.195679372458827,1
5.735365468721294, -15.689417152746836,1
-5.392076054915057, -16.025891391415193,1
-20.798155439164358, -12.928162096819161,1
-16.441222545754044, -9.164287140842797,1
18.23471344049306, -4.350145065354648,1
-19.26623630100651, -13.642795979621773,1
-3.211739035642714, -18.745475954467267,1
-8.092907288101394, -13.725589151322936,1
-40.592163394800686, -13.200205422501826,1
-3.323695312910984, -8.622918431296767,1
-23.191651524469304, -16.91574585321442,1
-0.06246907606561652, 7.201396337907311,1
3.9757876518863617, -15.997647800664282,1
-40.72157561231065, -11.915813997381843,1
6.90085761434792, 2.520142563312151,1
-3.121997304791677, -18.514439751521873,1
-19.516979960868145, -9.88743319212155,1
-7.170877059473167, -10.791651850717315,1
-12.91708719471938, -18.46615660018364,1
4.403867815285121, -12.659214113914448,1
26.70148758780026, -9.190270656387467,1
-21.673025070304423, -9.59723504935796,1
-41.08923950923891, -11.988664974253913,1
-21.16325759623422, -8.945384756801408,1
-3.5681948329645503, -8.691598803029867,1
3.5413101805527685, -12.015888169946942,1
-4.3184282430791825, -16.295881113184617,1
-41.33015916536156, -11.861411651063952,1
2.847898463798668, -13.802226375806846,1
-16.369298431807824, -9.319753331553486,1
-7.911682367272034, -13.837908235879345,1
-40.767611699188116, -11.620886877552547,1
-20.110924428711662, -12.319334895534505,1
-0.24238344702636697, -11.201538964304449,1
4.299678925664774, 4.502406360565112,1
-47.46142625372318, -14.312679100922368,1
-16.477818939430826, -14.44923567544988,1
-16.134660165777703, -10.536761070536212,1
-7.538783904511143, -13.899422074245269,1
8.432839046550626, -7.776086721043085,1
-16.621418881632223, -10.59915317670156,1
-5.254354744706415, -15.457885133838294,1
32.827119202164425, -12.402741748004088,1
5.501683623888436, 3.146367503160854,1
5.80582090112477, -10.523332406786976,1
-5.271470290481779, -15.141775065457297,1
3.4707829482522268, 4.990659896554544,1
-5.141837722514675, -16.985472276726828,1
-11.595003830476786, -13.971731080671015,1
-19.17981713925151, -14.841063549402026,1
-41.11326899416955, -12.360735600650338,1
-16.425745698844448, -13.599167613023148,1
5.193560832088746, 3.7647772381018805,1
-1.738888220178492, -14.042693512398706,1
-5.037344556289848, -13.859527074243685,1
-9.57762642307527, -18.934563148334618,1
-11.370493446510904, 14.913244770584491,1
34.41009470218544, -13.112616383916695,1
-7.703987914799627, -12.848403929492868,1
-7.752857558555669, -8.427157179942956,1
4.681600296599444, 4.266859937646375,1
22.86368926562747, -7.316218412779835,1
-3.230403145520115, -22.290145107979683,1
-21.67604779099644, -14.401349239890397,1
-49.34631599232682, -13.00829925557269,1
-21.808284434388458, -14.576868849331069,1
-2.963758576048659, -8.295150852148689,1
-35.955557380175456, -14.517036955320432,1
-29.37702212757013, -17.443722990444,1
6.536906522430412, -11.316662749296336,1
9.122423202844095, -16.252109572156197,1
-40.77958185918609, -12.382119290570175,1
3.368266524354012, -16.392789228672836,1
26.151038501752346, -10.64261243805847,1
-21.785824959573727, -13.795922450358107,1
-15.031818896964753, -17.11566865418605,1
-17.992002476631466, -14.968667062694895,1
-9.539672969973344, -15.039576699680365,1
6.3347372794574, -10.993297030125616,1
6.01301100813691, 3.1555833819044756,1
25.770046275894128, -10.333620988497053,1
-18.894570295849583, -13.228807525364525,1
7.111648024405611, 2.9791255223148636,1
13.21967575525944, -1.6653163972205516,1
-26.254380433826185, -17.04923287451909,1
-5.01276753472816, -11.127553097434618,1
-4.243631185759687, -16.76785703503911,1
13.357441127846476, -1.161031306814904,1
-16.50329777929753, -10.955257922769823,1
3.7492177308672145, -10.579889412963363,1
-18.84405539247345, -13.416502164477436,1
-7.606799486970868, -20.72014325442803,1
-30.70540087071067, -15.033318739136476,1
-16.12425329161267, -10.981235285441793,1
-9.406306340446202, -9.474381047285078,1
-49.22308446307975, -13.065799620905098,1
-16.5726941046128, -15.257306239830363,1
-21.180615166237395, -9.791670606166528,1
1.302510123310967, -13.14235401396853,1
-40.93303650615197, -12.590963937952877,1
-40.89592786438142, -14.349256338570909,1
9.20011514540339, -12.700646055570736,1
-23.068507680630173, -13.48718913971887,1
-16.558070554435545, -13.24736217373335,1
-18.611781809145334, -14.092493140873309,1
4.621803195245331, -15.172697912979341,1
-17.336855165072592, -14.967807328928968,1
-16.16895792665111, -12.276281220632342,1
-11.121832207144271, -1.3153474628782766,1
-15.117574353091744, -9.100145703746177,1
6.150659391650849, -15.55927271577495,1
-47.43174567404676, -14.125884869647122,1
-1.5758178281898854, 8.54167492907423,1
-12.929884952577003, -12.444525858884454,1
0.43177461954008184, 6.975456225986907,1
-5.76605464825065, -18.062460739868648,1
-16.37925849895017, -12.694093937235666,1
-2.966707498699391, -14.396817306127934,1
-41.076545514122365, -12.105888029292917,1
-14.007768433024488, -18.946750458705626,1
-8.267561370950075, 12.111721906472363,1
-21.128132561894667, -19.05353807079545,1
25.188196809625655, -13.656476782903045,1
-0.6437687683642942, 6.9040622261555065,1
-3.8803380133517176, -16.04077994106757,1
-2.1305656607309373, -8.620646080106077,1
-7.933005629383841, -8.830235641312125,1
-49.23800311977292, -12.972157414783002,1
-19.15001651827836, -14.120674686850963,1
17.660513663270574, -3.574540956975062,1
18.14966982820276, -13.47586201396855,1
16.69329113963778, -6.426915477624178,1
-41.29748992167455, -12.180593199828111,1
-25.39396264873703, -13.961335089532934,1
-20.422939576327273, -12.756377649287641,1
-16.038933769024414, -13.602168922924644,1
3.0002862532939454, 5.343004847612569,1
-0.0734562176120672, 6.190777385451202,1
3.81986983302432, -14.623173686499257,1
-9.388537838564012, -9.48480111484513,1
2.2069266348391445, 6.240169108907526,1
-23.88354765920494, -14.781560311593255,1
-30.056165424845844, -16.87949175841199,1
13.870318725480447, -5.173633237889808,1
1.1887245765506527, -8.249713347582352,1
1.8086140283069252, 6.445981964609886,1
-7.1056073460146125, -14.77130137529304,1
0.6750897666777181, -16.739012076142004,1
-30.743956553448868, -16.521534479186588,1
-47.498871602796285, -14.099723403384226,1
-3.0306099534697277, -23.270241618983636,1
-41.55298121883081, -12.730400832167158,1
-8.039164196247958, -14.20457271235303,1
3.17004065469087, 5.544690334967096,1
-19.248428081022915, -14.925500513933436,1
-7.131124020042443, -14.32708531727954,1
-35.89674378690425, -14.355353631521355,1
-40.71530617907835, -12.189413135032511,1
12.716425642703678, -17.597817225093262,1
20.69530093849088, -6.147326547885573,1
-9.734233733374117, -10.110217499617526,1
-4.131880569024562, -11.324257262908539,1
-49.14345786176423, -12.981502933477818,1
-2.6975025292741868, 7.425597168644731,1
-48.95870936361559, -13.1970251889142,1
18.332046116971988, -9.579011003197753,1
5.987966946565158, -16.485037679723693,1
19.28333274970458, -4.9748708226086045,1
-11.544178079366239, -12.535134088775928,1
8.431641816271394, -8.236704732933875,1
-0.0872872118499865, -14.613943006849183,1
-16.98150454428, -13.564894238645923,1
-17.839355125637855, -8.91821778926185,1
-15.421081907761346, -13.868636776043504,1
-21.497219097828054, -11.669216327990368,1
-4.561775147490037, 10.344373033577916,1
-20.42324242641318, -12.723210178610593,1
19.40929577953399, -4.67430256776945,1
-2.854542656372938, -14.063469038270776,1
-47.591996026295924, -14.09697901805105,1
-15.243678880218216, -9.427027022371716,1
-5.658627363535034, -16.907072542401018,1
-3.016310780132911, -12.656444447310633,1
-1.2236284745826564, -12.014544584241197,1
-21.700308100661616, -10.676423287167085,1
-14.042214899544334, -10.872533624430133,1
-11.653616949512024, -10.582595976604813,1
-25.054608304567573, -15.357149992793397,1
-34.11181157525155, -13.43750745698368,1
27.030059606469912, -13.061504942004316,1
-17.501080033144845, -9.827416469133604,1
8.539535374724943, 1.5089377216317037,1
-2.7493394897439956, -8.753600400236405,1
9.551792617019887, 1.3451000987943105,1
5.704140090726585, -16.129316957019434,1
17.80478451235644, -12.643489606111613,1
-27.545252845139636, -15.03237143973826,1
-2.7913548537232624, -12.621456297809997,1
-7.022774236926178, -21.330772659358804,1
-16.073914062688555, -14.757710878008155,1
-20.739705480390388, -13.680899134214219,1
4.33963051262577, -11.13824025045849,1
-6.377144440333642, -14.17578341816165,1
17.85433732818485, -9.455495269990182,1
-12.368630219594259, 15.625765566515177,1
-24.89644492618424, -18.582206630824643,1
0.18602844054610945, 6.8118247165319445,1
-5.037093910532528, -15.083529012821137,1
-21.002602459427386, -13.083357837312379,1
-5.383409056483741, -15.378683544824126,1
-28.66442721692869, -9.154538612586483,1
-7.6994323763350545, -8.932920870232762,1
13.145343387533336, -0.6799679285717677,1
-19.729306595229467, -13.278480046216579,1
-11.2917983685794, -17.91616641923484,1
-24.04024443891233, -8.732105565820856,1
-2.1668688703668284, -9.134545535938676,1
-23.806144834101545, -14.223265686498735,1
-4.405067384781334, -11.445535895467787,1
0.09066376314938694, -14.88352723159658,1
-13.06457656476995, -16.970673305638567,1
-27.627616817386407, -15.420366332838524,1
-4.097932804194991, -8.569195885377544,1
-1.0556433803654435, 6.4455640095061835,1
-8.500118795084678, -13.730942879630495,1
4.913683731423011, 4.092020750078599,1
-0.34982038064389415, -7.890914939284696,1
-14.772732673208717, -10.370573159042458,1
-9.730807370997576, 13.179469815709018,1
-15.572808599015115, -9.773824660169273,1
-2.917236534083853, -8.636616874513694,1
-15.084254638043186, -9.737659492584621,1
-21.458276779344775, -14.23833848913161,1
-9.224023089502717, -9.911305414393969,1
-1.7152235591506007, 8.876070964471063,1
-34.10087591040439, -15.821335769235569,1
11.505335236376766, -12.120356698727944,1
-8.09029755713863, -19.96288074925554,1
-11.932481288555135, -17.82605121479471,1
-16.7762124986403, -13.56074692348912,1
-29.816056472237353, -16.8895353381431,1
10.015972643607476, -12.603576874947937,1
-17.638040876701023, -11.653001408731566,1
-49.149683177126384, -13.040909227739688,1
-6.860003626201708, -8.65106254339454,1
-13.003971824196663, -11.943700350728278,1
9.238751841703614, -15.278443148888064,1
4.812564246156967, -11.209780211430687,1
-20.84337702407651, -14.114565523404703,1
-15.643444790480286, -9.88355195229963,1
-9.522937045110462, -16.887167455758245,1
10.738919160791616, 0.6590290557950992,1
-8.862858957521617, 12.886670437535178,1
8.166913752976388, -15.120211245462055,1
0.9516413329504348, 5.931527055580219,1
-12.838223922315922, -18.43406694719647,1
-16.42337244026461, -10.923778486924327,1
-1.6710902226471325, -19.921488017069493,1
-8.014474542321373, -13.769412014851975,1
11.316340909959644, 0.5910074483757971,1
4.769197173322143, -10.501243538178151,1
-1.0801031804218075, -24.672321711726944,1
-2.8263565817269107, -16.37328119883947,1
-7.987975704857064, -13.265762836533971,1
20.759639527104778, -9.777542306520573,1
25.872731070328037, -10.165017196518058,1
8.816064153110934, 1.6520656803326583,1
-16.532816728715034, -13.516683655788109,1
-9.160095910575125, -12.695579600890905,1
18.718784339114794, -5.037145897657358,1
-21.317502653538952, -11.586339898090305,1
-9.753219103610494, -18.596576803644034,1
-2.658229489920877, -9.209700070623914,1
30.511272370520157, -13.499265045462533,1
3.276833112046704, -13.464220489813576,1
-2.8587746542285495, 7.394100930960354,1
-4.884311083840826, -14.978457596688981,1
-0.46269299656938867, -9.39682093188396,1
-4.425749014655362, -15.698286035074725,1
-21.68020811215773, -13.063752640834567,1
-2.217460709723497, -8.874146537242954,1
9.785634670312557, 0.8867616450265433,1
-19.256996344706565, -14.411287301328652,1
-17.906383528042138, -13.983708947224823,1
-9.621037182540292, -19.682925439818945,1
-4.9659783300829705, -9.620527347117017,1
-2.3297663117482057, 8.346698682221932,0
-13.611713108010932, 16.403251134303144,0
0.4733536133059954, 6.6466788593837505,0
-3.5472507793513355, 9.64911952519335,0
-3.5969573775853902, 10.232822187592465,0
7.370474890479908, 2.4226371384748075,0
-9.49700240040914, 13.680200300460326,0
-8.392244735498174, 12.457964456848112,0
-4.054949267418599, 9.501273379172169,0
6.167653587160122, 2.839890163188074,0
18.311743886140494, -4.576854118002153,0
-1.429127250988353, 7.8644302255268235,0
-8.723397472262619, 13.281030075238784,0
11.06050756884695, 0.5904910824815794,0
1.3857241705274042, 7.087770695803073,0
6.574560604911895, 3.4469489623199046,0
14.159002471843982, -1.5652115426337447,0
17.32100318633452, -3.9989076115943423,0
1.065060661073911, 6.7564819131081215,0
0.9064809733298195, 6.853703461108069,0
-3.6848749382577717, 9.866673112561681,0
12.741453661337427, -0.7436701023992192,0
-0.9307204732679871, 7.344942237028062,0
-3.1406422585543594, 9.687208251246718,0
3.0158563912785077, 6.105807563129959,0
1.8310984043068184, 6.204194770038458,0
18.42931796996055, -5.116628414682907,0
25.259893219174046, -8.316614651429726,0
-1.2311483797707077, 7.860319947018607,0
-4.08110896812975, 10.193878727818978,0
12.555314530637279, -0.550443425149924,0
17.622888702481763, -3.920812986004873,0
11.289687771998066, 0.023414918097892624,0
12.993376532053789, -1.4134687348326989,0
2.402557294058896, 5.647908597405879,0
-3.4183760949155078, 9.18254789450393,0
-2.709854716547654, 8.569092912206955,0
-3.9013899944223493, 9.912644962226446,0
0.4326464650453883, 6.530402552534468,0
-1.0805721657889544, 8.120899464228806,0
-2.874017280674212, 9.298003985906227,0
-5.622492502116882, 10.975373712123057,0
-1.148275562880872, 7.737223895380292,0
5.434849511515451, 3.2473252625175664,0
1.9643905947716487, 5.621541345845206,0
6.01967577364236, 3.4124287897640686,0
11.056806001366049, 0.13216009203884221,0
-21.41150726211303, 21.98737353738319,0
-10.591730479411279, 14.213439866118524,0
2.910114286871361, 4.36336823446884,0
21.101063888590836, -5.954973446108927,0
9.787753149519101, 0.8612756448145572,0
11.766282592641161, -0.6118732197766921,0
-8.526964589458995, 12.780477211705941,0
3.3995884500528555, 5.009867417351045,0
-4.508322454345017, 10.205057861736936,0
-9.439307481830062, 14.125034113381082,0
-20.18262379853758, 21.333592062438854,0
14.845638506759157, -2.1458876755051546,0
-12.211942916802727, 15.301925881910448,0
10.788061140009905, 0.3610325043828172,0
4.719261921129523, 4.226074977945177,0
-6.92152808723332, 11.477686091548653,0
-1.2509914441217407, 8.118008880534665,0
14.227187680231099, -2.0344509175669896,0
1.854749649030026, 4.346619645836378,0
-2.5085786626508386, 9.075896699036637,0
7.547269820944264, 1.9661614471681867,0
-3.1439148457308503, 9.848660968247886,0
-19.182813539908697, 20.167743894008456,0
21.500626545110325, -6.828944672522441,0
-8.347169381530454, 12.929813347624334,0
20.55048322172401, -5.574300517007976,0
11.342313664016732, -0.09455621730340315,0
4.922383332793198, 4.427640019323398,0
9.222350968756807, 1.184654942022043,0
0.4743760239051827, 6.864363453191323,0
-9.13468436039998, 13.237106300847135,0
-4.3887070006514275, 9.845277996388479,0
0.5161474042370401, 6.959568646774653,0
13.192813280030991, -1.363072008646355,0
6.779507127023749, 2.6103156105443355,0
-3.3057807474078253, 9.211484745263295,0
-2.847572474902832, 9.24327967513298,0
-19.237126745245785, 20.001535714530004,0
4.334021501290284, 4.3523552420337115,0
-23.047671853489174, 22.38175916751224,0
11.065110651176337, 0.22742620388852458,0
25.283610610665182, -8.312423260440896,0
24.28187773117179, -7.610360675399244,0
16.77293983329934, -3.194470872730455,0
18.21245079313443, -3.863014534653617,0
8.690040938051725, 1.5681683924131915,0
-4.108082014036235, 10.065658422587804,0
15.373814902008828, -2.9661154239179677,0
-4.465039150570216, 10.214499673867133,0
4.896700598698041, 3.583973283837819,0
10.073233029985083, 0.6797045154095821,0
4.513723693771899, 4.69195660084727,0
4.36861752582236, 3.6001469455512867,0
23.35546122282366, -7.397355778661634,0
9.186760226689405, 1.3962925807260962,0
15.386618148038902, -2.812467500941493,0
10.726149273233498, 0.7472923655971477,0
-9.997793656743974, 14.161854365469477,0
6.867743753217266, 2.7841721124782346,0
3.9543538743760975, 4.711279601880378,0
-5.05475157404897, 10.030250324536073,0
12.380102317868058, -0.29670072982168005,0
3.260389617307371, 5.141253753140074,0
-2.724161736387874, 8.87358807626326,0
8.720012183271464, 1.346858013238983,0
12.757817595273258, -0.8754276810250144,0
-18.356954549999603, 18.583886301405823,0
-2.5052507483150186, 8.725234244351793,0
-10.939707528138792, 14.469419814797991,0
0.1089687238632264, 5.407941394398455,0
1.7639761954427589, 5.3151602589048785,0
6.397708427478491, 3.208177707016952,0
5.479378841025033, 3.702139031924589,0
22.74516215494444, -6.720347089473929,0
9.335556459172293, 1.3690252906896139,0
18.726114774696207, -3.8107097431770396,0
10.287940888478479, 0.6841793994147849,0
5.1186030150957516, 3.3922653744508438,0
23.029997531048448, -7.238658057479942,0
-2.4840912956698737, 8.767039052406535,0
11.978954993999608, -0.4599988209905604,0
-0.2462450666099341, 7.694709582227135,0
2.11888336102403, 6.327690932555604,0
25.10466194065142, -8.932339454263403,0
8.705200145727702, 1.4618216414924055,0
7.598005153097657, 2.3434758417739245,0
-1.719936805803582, 8.227319015284529,0
23.181128270685477, -7.393056595401184,0
-0.7913316818509978, 7.46436759634341,0
-3.629713506121143, 9.56528766672573,0
-7.633516327846547, 12.555759415888238,0
-10.460039087244539, 14.425155218042669,0
16.591688661402095, -3.411141526222635,0
-5.99233093230586, 11.325918501307745,0
-5.525291875967996, 11.73980986946503,0
3.371786522685904, 5.32601256943371,0
12.88557845621422, -1.5173355850461632,0
-4.1819189016272444, 9.66327268033889,0
-0.022092801981465075, 7.075239315230151,0
3.3457135905063033, 4.662238109602612,0
-6.698684738345282, 11.487842055527937,0
-0.014391325019091798, 6.820760842949996,0
-2.1635104571575194, 9.257857945801149,0
-0.051934427664858014, 6.58859388905483,0
4.252690170117257, 3.239150179696767,0
24.91935445152199, -8.778651441773038,0
-2.8971248492864707, 9.388645944415977,0
4.947837925722651, 3.7997367050115964,0
11.093474937968779, -0.3544426639230141,0
-1.2764931221445563, 7.134752672454587,0
11.395487065355981, -0.3122582242742358,0
-21.568412294728038, 21.69297288279986,0
4.513723693771903, 4.691956600847265,0
10.45875170722762, 0.6290640887106064,0
1.1803785552679213, 6.2576605437022605,0
-1.1743531387351207, 7.793030745870549,0
-6.919488495384711, 11.82737367152177,0
9.860662313882285, 0.4249768387542681,0
25.69581000900165, -9.429531036409125,0
23.193895490105785, -7.015835980067418,0
-3.381458623523715, 9.25412596270884,0
9.730636949441081, 1.0190168588068813,0
8.958949733010728, 1.2674896489827066,0
-8.973904667739696, 13.71620422491421,0
6.528015935003999, 1.3208407217931954,0
-7.934367934834947, 12.575591771741864,0
3.169500894075627, 4.95454911405947,0
-5.077032838448793, 10.800964507309368,0
-10.618915137095177, 14.584674664122963,0
-5.698677232995367, 10.973257779650176,0
17.471793119912896, -4.033177630695984,0
-2.205500596933548, 7.713018169048508,0
2.2197234896984788, 5.415483986089219,0
8.975273498009944, 1.5282872740096638,0
-5.538877404913254, 10.291153419361274,0
5.761484540265002, 3.10809145298009,0
1.3916924809102054, 6.474084469831699,0
4.298639564178821, 4.258032453948729,0
15.516088239554053, -2.8693095486944373,0
4.409119038378532, 4.213264439395049,0
6.424357748372032, 2.7281716470451833,0
5.601071809115528, 2.9972596339741973,0
-8.40386516953105, 12.813381803831959,0
26.565977064362563, -8.92435260676765,0
2.0657336396777533, 5.934981838055635,0
8.68675337027008, 1.668347867825743,0
9.178155796257563, 1.61672899645143,0
7.873650718421594, 2.150279566901549,0
-10.427673728158368, 13.343608353179235,0
-4.036998460650715, 9.694941900749589,0
24.526912463669596, -8.553555108077056,0
8.42618178626797, 2.2411100270822266,0
-8.45040509457955, 13.12469172348921,0
0.08496243347020431, 6.943652916550535,0
10.104386154647987, 1.180298652612909,0
4.626159778945619, 4.100634028452118,0
-4.004519136784978, 9.577105586966596,0
20.03577011728215, -5.987973450619319,0
-6.0854903174607715, 11.283085114513268,0
24.98872632992751, -8.300510481393449,0
-6.273712348054785, 11.66228760918832,0
6.019675773642363, 3.4124287897640664,0
6.309912354956102, 3.069222510719807,0
11.423865248831609, -0.15214141414916382,0
3.0902499985478884, 3.9738969472298424,0
-3.3964349615926874, 9.81325687874013,0
-10.305179038059418, 14.20121338847767,0
-15.487252312419558, 17.617914095735095,0
1.4592777158908037, 6.3046475170026826,0
21.00445361561877, -5.788519566999669,0
11.21192116784373, -0.17332170843228856,0
-7.467569853733735, 12.751974545507267,0
-4.823196852049134, 10.277225480974614,0
8.282944891789043, 1.2164411310932768,0
7.847637300326824, 1.71871138521257,0
23.180593624641663, -7.7900244156775695,0
5.935659063016288, 3.9426046530687064,0
-0.830193407168928, 7.605205725287941,0
19.68359124610187, -5.613016858449258,0
5.560310005171971, 3.6462081051954884,0
0.8167802591637982, 6.566110393089104,0
-7.265063500847499, 11.804192355029157,0
-6.37757919533148, 11.85222320057163,0
1.885368959252261, 6.476274392500362,0
6.926903555664256, 2.671398769282891,0
4.646571682635601, 4.758128248074338,0
11.022326074764194, 0.025256360087239246,0
4.871286189921239, 3.769532028860668,0
1.0693749568243756, 6.112811841052687,0
-3.6852834344827206, 8.665326787843139,0
-8.669821153188906, 12.646149782278139,0
-1.5451123026122573, 7.874721847756124,0
-2.278444721204844, 8.15089508872599,0
-2.907436773019836, 9.136936171656235,0
21.313911910844315, -6.599596124069146,0
-2.00824771516345, 8.151000391954952,0
2.9881260962764786, 5.25698056253082,0
1.0874512386029627, 6.711793545988114,0
10.901364851709603, 0.4108875005102474,0
10.420083865522216, 0.6260334395216747,0
17.67169599701982, -3.829131760496079,0
-1.5413482908892933, 7.784750567536241,0
2.7834964498457286, 4.239200169662581,0
-21.895336531565054, 21.895335214253222,0
-7.006043173382998, 12.143804984127044,0
-6.518518217979283, 11.356979324000065,0
-2.9477685703534964, 9.403788432032158,0
-1.948693683272816, 8.40352256447601,0
5.041636776789438, 3.8225787214340263,0
3.306196330068642, 4.396092227363253,0
2.998563872674168, 5.178069196827234,0
6.378204734779913, 3.2935803461806157,0
21.45907605359916, -5.705077405257682,0
-6.850254353567687, 11.817795873982744,0
15.633740879628961, -2.9823636733182033,0
5.233204499316269, 3.847202734251965,0
-5.423769870705209, 10.59851905836727,0
-21.15552481157363, 21.77769414065723,0
6.751163276652141, 2.3183788639996328,0
-8.600979332082145, 13.277973201038597,0
8.157969553685312, 2.3875483175387053,0
-8.500374795500786, 13.53093839591283,0
25.395450394570652, -8.741380460472085,0
19.24615004237984, -3.9389562464992616,0
-1.3375460707232831, 6.677657480774983,0
14.324035550939241, -2.659488499423891,0
19.148328707582433, -4.65294113340321,0
-1.2745785781823575, 7.885640536287267,0
-1.5962894776279901, 7.708425689630222,0
13.290958514263359, -1.1799716386676598,0
-4.415132824643262, 9.90837825197322,0
6.068434162635363, 2.805627538118104,0
-5.758715140382899, 10.98468186700564,0
16.772754329085128, -3.421313516942231,0
10.607386993854666, 0.7251587493780233,0
-2.7318848381015486, 8.884873404527522,0
10.776557576361924, 0.3998009968749306,0
-2.9607042529719236, 9.02584932984445,0
-4.011793079164877, 9.804383020979245,0
2.8935515489701142, 4.644892615355954,0
-3.9060409147881305, 10.19464677618741,0
-1.8162075663141302, 8.060251016640523,0
25.40961606075927, -8.372738234518913,0
22.925493972572806, -6.847244430440846,0
20.578328117644986, -5.715206386689253,0
15.35713324392912, -2.7362104689348272,0
18.69196117105815, -4.3917569106555705,0
14.95167921859974, -2.4558375895607436,0
10.989817245449736, -0.14621066385522732,0
9.685726405318022, 1.279556094420849,0
-5.924028380966353, 11.264891341941393,0
13.29966616860192, -1.3332844263864543,0
2.01918934950153, 5.758662053147568,0
3.775182578509487, 3.911179561036904,0
-10.375132130378656, 14.42158569435274,0
-4.125665423342633, 10.638475982948506,0
11.378547018617184, -0.11780316250257479,0
14.456699472329218, -3.0429318738580284,0
7.011246271304398, 2.995445940747029,0
0.765582318891321, 6.9490588529429616,0
14.904608136432687, -2.465915879287785,0
6.45267803933559, 2.9762380052797126,0
-0.33736276256565295, 7.268623204806798,0
1.7368267521439404, 6.443164139726417,0
8.459648174113559, 2.122101487621977,0
9.709297497232457, 1.1982291947524155,0
8.57557330215896, 0.9071124299561505,0
10.913886458366479, -0.25840174852060177,0
-3.624685342764447, 9.173450583002232,0
-4.143859456922638, 10.065714223763576,0
22.8806399457131, -6.780136951237106,0
2.74512536268596, 5.676280801481297,0
-7.431781966206771, 12.371162303753973,0
3.7848799634870818, 4.620197068790491,0
-2.8505840453896725, 7.765711641310919,0
-6.824882574418012, 11.599384278073034,0
18.042713201911845, -5.349892125991723,0
-2.980944785065673, 9.740236735627535,0
11.246981711580338, -0.32260569274585377,0
9.239899179902862, 1.5376333520618366,0
5.893329241768069, 3.6336706414664905,0
-0.752246605507711, 7.949910020107112,0
20.03106826178666, -5.2060607362664175,0
-4.180515473701527, 9.939480501011769,0
9.462043550199995, 0.5559682142384585,0
-6.904727126464551, 12.031137534466136,0
-4.392370949503605, 10.075948537074053,0
1.9887095286419036, 5.869795851911058,0
-3.536231403606533, 9.835067101776918,0
2.879499722914384, 6.239526115634239,0
14.479395939697218, -1.974463477049019,0
-4.993159004324453, 10.255495796150713,0
4.274853677787192, 4.486508291792204,0
1.8253368204442637, 5.243543854979144,0
2.3522137782319956, 5.205311242880747,0
2.482466264105436, 4.9669514806494695,0
-3.1309034333757015, 8.856412814321926,0
-5.556457589126744, 11.135653858853855,0
7.601987552872112, 2.2490075759265387,0
-6.803408115122365, 11.851697585516026,0
-19.15788951703119, 20.526683537709346,0
-17.287204780493447, 18.932407024498072,0
-14.52423965399985, 17.723418913618836,0
-5.611567654688323, 11.553549534091028,0
6.985136383155722, 2.2319945747123384,0
13.07894775091017, -1.912969316891866,0
20.535036976159006, -7.090025887549518,0
8.41032230040534, 1.496867536671012,0
22.325296033155762, -6.6904114685162694,0
-5.6855189370995145, 11.220039726654143,0
5.1878689181187365, 3.81950809099579,0
19.44621769845905, -4.364556822488399,0
2.2248595981876838, 5.060042610022744,0
13.758841709776565, -2.04582992805943,0
-5.289172786434845, 10.553415973946793,0
-0.8503227218509496, 7.949873150493281,0
-3.7762861477826024, 9.863696442339577,0
0.41531206049589287, 7.4047835134449045,0
9.599153167683228, 1.3263707521378123,0
-10.198707642437633, 14.141080518464184,0
5.788723225142834, 3.1734711979009176,0
-4.685017665481078, 9.764111275424444,0
-5.254887277380569, 10.712486307180983,0
5.006069284480393, 3.3028991741884077,0
7.693574198988478, 2.501841671955088,0
24.96273416242427, -8.292019716943445,0
8.084086294002814, 1.8927311897463295,0
-9.622738840012158, 13.725163782451075,0
-6.345448769760279, 11.760505838119055,0
4.082235525976126, 3.341002559906662,0
-3.057661035870468, 9.113063585363427,0
10.493994781684929, 0.3682846511730047,0
1.4458356603681948, 5.584951667628107,0
9.906514285693985, 1.3142974616925305,0
17.219468668547638, -4.132811524793753,0
23.15565248961361, -8.129860683763798,0
-9.609233761908731, 13.510560612979663,0
11.58126062534515, -0.027878547738780523,0
10.72122966284444, 0.6962527221596067,0
-11.840885609863902, 15.136990872247418,0
-2.7198195695365666, 9.399075512112377,0
-6.465093210211988, 11.599329327448892,0
0.9323415621048916, 6.2742010683165566,0
-8.469920426487596, 12.884016244747915,0
8.155510880076374, 1.8677474036351984,0
4.7417575619504735, 4.229563250155863,0
-10.890403856953704, 14.56892689716642,0
2.295876802736191, 5.780448558375766,0
10.872937839210636, 0.23055106084382648,0
-1.1780816158333776, 8.689141261500172,0
4.1803456568710216, 4.008013754792994,0
0.3347125338453838, 7.338698649931557,0
-0.7171395926112273, 7.916027997485842,0
-8.052930515368152, 12.810335944717353,0
5.036750834085787, 3.3153264415003676,0
4.910229136210397, 3.980947013161544,0
-0.9752776408235363, 7.201409739356747,0
-5.7853665915091925, 11.545414127498441,0
10.514381059812004, 0.601685804852041,0
-10.06688806985183, 14.142722673681403,0
8.895136900371549, 1.3248087322679516,0
-11.427955068743685, 14.678359467236774,0
-8.572168269501704, 12.709516457990182,0
-20.126508522197497, 20.888298679798332,0
-0.8521811763678305, 7.854893141515979,0
7.699826582941381, 2.2657452756216268,0
4.158333348840735, 3.8858048516990222,0
-4.169338183406415, 9.418951051568815,0
-2.0538816869192966, 7.946500321901364,0
14.519730653405334, -2.0778583840466816,0
15.971137242748583, -3.079152196340087,0
14.517840041280346, -1.8453227987332677,0
-8.991527741075997, 13.200286327072384,0
-8.04902742113074, 12.588452031753496,0
9.706391725908386, 0.6961477409506496,0
0.551207854788763, 5.1423064581816735,0
10.916837135045574, 0.47017056249517936,0
14.048940444624852, -2.3791181169732605,0
2.6555071723222707, 5.378510999901939,0
10.628237182304417, -0.3762743530311703,0
22.937684069221323, -6.693437131641758,0
0.7938635756458042, 5.961337721195826,0
6.867743753217264, 2.78417211247824,0
-14.664580888840717, 16.874335149432188,0
3.577461044332837, 4.52376800304291,0
-2.5026535169229334, 9.106106058987999,0
10.938203535527599, 0.2085923496483232,0
4.859999889259243, 4.128303125527779,0
-1.1400078475056907, 8.677679837481815,0
-9.032122926864973, 13.895840849373224,0
3.2277847539656133, 4.571696479785898,0
-2.2712133798267065, 8.857499116009729,0
2.6805610324435216, 4.643494650545398,0
-9.416495099228475, 13.46531548329944,0
19.53677711895126, -5.4632856222091455,0
8.432269981775557, 1.6293200324708343,0
0.404555560572467, 6.3555647736637235,0
6.019675773642361, 3.4124287897640655,0
-2.0254380472935507, 7.749240984193229,0
8.440270072438391, 0.3554344008406114,0
4.580901775620396, 4.529204974714076,0
6.948014813940201, 3.0995768361475053,0
-2.708434993045133, 8.908624232188343,0
11.452985993293705, -0.48055174224439184,0
9.246213001579665, 1.4055690225466724,0
4.863578652148174, 3.998236456380291,0
20.96092152914065, -5.746416721877522,0
1.4313990179201774, 6.364161030362678,0
1.3419917585475831, 6.126870142523523,0
23.305572691254568, -7.231191964113666,0
16.153599904827505, -2.743405625891724,0
18.314193624823435, -5.138879211018697,0
20.181302723153998, -5.503254607868191,0
0.9274442451271664, 6.5763450056465835,0
-3.4000620200691825, 10.209273614892147,0
-3.7044857579346826, 9.374655125055666,0
-3.814916652814673, 9.919833725160919,0
4.741817611459728, 3.886179470195641,0
-5.604652090630545, 10.63945672920228,0
-4.426850262141882, 9.767322941657559,0
-7.258470944576356, 11.784516237696371,0
12.56698030280001, -1.4324751401393743,0
-4.02260664826791, 9.365579142546666,0
-0.15959095551815933, 7.291533046389067,0
-4.564092701899904, 10.233771334022446,0
7.688880664069692, 1.8513608782824198,0
10.20772003419858, 0.7677513922749625,0
-4.778569873828847, 10.36975662358323,0
4.389546501873394, 4.077488812620575,0
5.827571940711303, 3.489443520398947,0
8.981560440148579, 1.343991443099028,0
-1.3788493591889837, 7.86977673515305,0
13.294400399849104, -1.6049242616084654,0
8.755998759341622, 1.495135816068672,0
5.419341761763531, 3.483533858648931,0
8.652496991047173, 1.9733473236766648,0
-7.1201201765047335, 11.967140822663062,0
19.079722642887038, -5.031685825598908,0
7.87625680613102, 1.495072288768266,0
6.164134624971234, 2.57635075404983,0
-11.32961825897604, 15.03724641940753,0
7.502887851999963, 2.741903116685703,0
2.4703527709925486, 4.813986171721693,0
1.565763531802451, 6.24299504411925,0
10.945210043734397, 0.2901022097111198,0
-2.199229466865695, 8.700753567191558,0
-22.107674212196276, 22.12654406219172,0
-22.673910787833155, 22.731414185440716,0
13.943013394174645, -1.8808493000123254,0
-23.16017578040102, 22.99606741526293,0
2.947390116330061, 4.7214140156544255,0
7.030331985332204, 2.875903484666859,0
-1.7552475566052292, 8.537740874028552,0
17.281500808175647, -3.8435665042636793,0
-7.318882662307748, 10.207248424815727,0
8.863032499061827, 1.9035855352884086,0
1.293236736300208, 5.948482809754257,0
11.87418758065167, -0.35860287185176076,0
0.47606761759002253, 7.497119990757178,0
-0.4891448481020033, 7.2172820128572885,0
10.42415516377675, 0.3020977332425102,0
10.191247434873675, 0.47346069574500016,0
-3.0001621133453535, 7.89627388600211,0
22.856331508868525, -7.032147842003624,0
8.740118148389632, 1.0971289841031542,0
18.645575362655777, -4.840304327808521,0
-4.848818945302855, 10.783381401426285,0
-4.088161588793653, 9.915192915425907,0
-7.08045681861843, 11.723621127378324,0
11.228808006137841, -0.384339206351066,0
23.036265720046465, -7.486426538323497,0
4.795647980045145, 4.7528394904155,0
-21.326710456763703, 21.894454098800534,0
11.410017493123403, -0.043313059715062864,0
-3.8912106341593815, 9.989042890707804,0
6.030649877885114, 3.2915593987874674,0
4.791754375386628, 4.028660888899231,0
6.8030692387076295, 2.5596298391109276,0
18.6408363131311, -5.184173171014615,0
19.683591246101884, -5.613016858449268,0
11.190312439354852, 0.4172956797006259,0
-1.114232874125811, 8.076146680030464,0
17.177579280322487, -3.6815221115252945,0
16.243017451897764, -3.01778260156687,0
-1.3722004694128336, 8.710057157560161,0
1.7312156365298366, 5.355293000675408,0
-0.8775185101431477, 8.338754074619052,0
0.36924431635412847, 6.695088584608284,0
-22.495950072303955, 22.04479191961861,0
4.818780071863945, 3.9889590165469455,0
-6.46238812303392, 11.887781761039733,0
2.1591831386539417, 5.484912793343411,0
0.34269607142577746, 6.93708876248408,0
10.597465903494859, 0.7845216926129371,0
3.6146481648928535, 4.304154168869694,0
-9.033035186943273, 13.558883537257321,0
17.3190078040572, -4.17439507885874,0
3.5724094317755353, 5.024177798690627,0
1.2305177460573773, 6.568831710205144,0
6.445272823792922, 2.79525078675171,0
6.657340136855217, 2.4055407108735753,0
-4.602034865230239, 9.82577297328089,0
1.8558427962643478, 5.351177195013977,0
18.678313440921983, -5.304503201376925,0
14.708296017746626, -2.806303345939843,0
1.7897126548448812, 5.525622704542328,0
5.293331343716349, 3.6355186775399835,0
1.7395037807715568, 6.1520905585994825,0
-0.2723622772682017, 7.113177435642796,0
2.9322648520242196, 4.370843881590157,0
1.5243009396352918, 6.096404784124704,0
1.1015712660111503, 6.09385880911879,0
4.405297170726586, 4.402924405817183,0
2.0960429989317713, 6.029648094845036,0
-7.718444637793236, 12.00084048942869,0
1.1734748913288429, 6.717762058058767,0
25.89594017093926, -8.852522162276518,0
-1.349801738413138, 7.911499433397739,0
6.793166957315054, 2.8237280691970112,0
-4.063678852852935, 9.996885005799685,0
6.842445622431584, 2.8205894140712933,0
-7.019998501329152, 12.260641515424872,0
17.10616517394394, -4.523123846515915,0
19.58020147526125, -5.839586594026632,0
-5.606697872191864, 11.423621733453995,0
0.6810782613259531, 5.818860979803387,0
10.73522470276685, 0.4087118276839207,0
2.43727643532839, 5.276485174005681,0
7.966754378506519, 2.1328716875096707,0
4.1454985083120395, 4.891725846252723,0
3.4489967301305717, 4.623828091566708,0
8.323277962772691, 1.7278538425876766,0
4.868392668766185, 4.215972424850342,0
-1.2751307762299222, 7.961819801317281,0
-4.022757312985426, 9.721705917724172,0
2.9890900945961096, 3.9885136616350403,0
21.444349591195262, -6.270467651914078,0
-5.671899303593996, 11.124147001364081,0
1.1269445657050778, 5.774562549824458,0
1.4415361944644587, 6.264223055862039,0
-8.472138961265903, 13.122542774574566,0
8.77456805083663, 1.6052971557094688,0
16.568591408923137, -3.416427993563606,0
-10.175503079571628, 13.556598209324564,0
24.354490512265542, -8.16732997204629,0
-5.829116890201211, 11.373511885719447,0
-6.042648676546665, 11.036879758977554,0
-6.429035977897519, 11.380991317417399,0
-3.4308696022529985, 9.568568529863532,0
-8.776233358136368, 12.605763656418064,0
-2.0392991042554565, 8.521606509651814,0
10.102373952602187, 0.7779115904786554,0
-2.4675130338626654, 8.27068314614162,0
-11.320539261761498, 14.839111684672643,0
4.126852934582512, 5.185991691633282,0
-3.152285873043689, 9.830223817992858,0
16.630941754329154, -3.7039102616650648,0
-6.892235203146907, 11.906358482811497,0
1.8066141065070773, 5.493993564688524,0
26.55156441849104, -10.120677439871084,0
23.554411462760857, -8.799910313376857,0
9.564543177415427, 0.9533602589298512,0
-3.9452363566509114, 9.65388662857392,0
10.611512385911116, 0.22561942311828698,0
1.6561746877950358, 6.0010661636604095,0
7.348757316412046, 2.523227201764093,0
11.87418758065167, -0.3586028718517654,0
26.711421456833296, -9.397515383154005,0
10.381968612354338, 0.7149374425342927,0
0.937530255164923, 6.960537678113273,0
-5.010277012792107, 11.25096151716407,0
21.237656762182283, -6.005851664285273,0
-0.0019794162462220956, 7.7740965969999,0
9.079853538145644, 1.2358779920912164,0
-3.4682249753758607, 10.165567901779701,0
-4.41391147740613, 10.339752673084545,0
9.208638804310588, 1.7067850325587952,0
-21.508708484841875, 21.738264407019432,0
3.540911298488393, 5.37420706949776,0
-0.615763096161532, 7.2609233261362185,0
6.435244371483204, 2.4615441484275076,0
4.713903376946317, 4.225746144636052,0
25.966214734190903, -8.64318329574727,0
-4.251267685320283, 10.663705136592501,0
22.566249032558122, -7.070534226272005,0
17.885461492096344, -4.232586954439761,0
8.060714899157096, 2.1461869118022934,0
2.692511078270612, 5.227319748727114,0
7.651983604344328, 2.1170793161186743,0
-1.8379399056853782, 8.417746686349972,0
23.663959434173144, -7.255582967674612,0
2.396037226832945, 5.5018479813663514,0
4.827976970157821, 4.100772424079119,0
-4.480510190690697, 9.495102616426983,0
6.786253023147076, 1.6651565106327793,0
-5.136742262383622, 10.112863586608398,0
-13.491234643340075, 16.458681067206555,0
1.0868371969349846, 6.438109506153289,0
23.299653441393946, -7.1391101619789525,0
-8.729088160362906, 12.997922565751844,0
-8.910306278317128, 13.53053174925181,0
9.31558025686303, 1.2974485172856565,0
-9.928673293826924, 14.036501709091741,0
21.117427545027212, -6.615980347311621,0
0.9678543051941054, 6.2695260822931935,0
8.42680210765673, 1.823961498875526,0
4.179379120329418, 4.068380380519816,0
-2.0251010001354373, 8.754846513753215,0
7.136950634609908, 2.7892857441815444,0
-2.5422405870994105, 8.977898088861428,0
1.3885427289885757, 6.323011048346943,0
-1.9139405959427962, 8.792549927578658,0
5.217810558932605, 3.5077005986090297,0
11.126775465354362, -0.13178194600950136,0
-3.453409912227563, 9.28641621057215,0
0.4645606059727594, 6.660982061585799,0
-4.853327106614769, 10.250265265644911,0
8.51276584884246, 1.528299396303887,0
-0.4856072990542611, 6.7118745108808096,0
-5.181111799521842, 11.22406342084857,0
-2.8801718991154646, 8.711250195990106,0
10.857679538385169, 0.025854426815057258,0
-2.447698621863984, 9.757189610486632,0
4.92633726928298, 3.4309286574351474,0
24.486427399646583, -7.878612972730793,0
-4.508740351660537, 10.838783247198162,0
-5.611262746004082, 10.377517154827567,0
7.024847367769445, 2.564186563581699,0
26.86476399729534, -9.435245359191562,0
22.286333418346583, -7.079646167820933,0
6.8677437532172645, 2.784172112478239,0
-12.698112499331451, 14.949764622828063,0
6.118547496987234, 3.0618978477608727,0
9.536440366440575, 1.4847582984386802,0
-2.7348967268710678, 8.479574769141896,0
5.433611605660213, 3.444567324261578,0
17.31869487389698, -3.2859094101719717,0
26.311288169842392, -8.926887703861905,0
4.669255296123165, 3.226303432832031,0
10.327247891732894, 0.30317676649144004,0
-10.47783461344627, 14.392956894042799,0
-3.887379958537659, 8.800800626080896,0
10.403450627398461, 0.582115260350947,0
-4.194256136683701, 10.04337237224031,0
3.9858478238859325, 3.7104775500809204,0
-0.8452661462398297, 8.210418690549497,0
15.376874845583567, -3.3957081347528684,0
-21.430020935754104, 21.673509582522886,0
2.506944689963445, 5.438811991906235,0
-1.3323909209996436, 7.762126297699157,0
5.963191631580717, 3.2594590673370885,0
-9.125581954058724, 12.847115745195516,0
-6.2529378539272615, 11.650602108444211,0
-2.265052830432096, 8.498601186511271,0
-1.5853433325565527, 8.12625158513846,0
-3.4236964069270344, 10.071823442204773,0
5.815490928968281, 3.3574125947634563,0
-3.4395049698978344, 8.70833917414954,0
-6.747886326993182, 11.61024330374129,0
5.828064385083393, 3.061917157300469,0
7.475719148964589, 2.214063982761729,0
-6.929567830206812, 12.07914280803111,0
0.6419842387871776, 6.083854582705469,0
-4.924237358391929, 11.184060681340794,0
17.599919786241184, -4.770006864317623,0
-2.585072610502324, 9.270204269155178,0
-3.1420825678030884, 9.767128691761894,0
14.67135719667025, -1.8856645866198116,0
-3.2441790085335436, 9.047457936092384,0
-6.945200316123265, 11.747101973197418,0
8.356511476722662, 1.5507911956338645,0
-11.730832276929359, 14.56606509303193,0
0.6419842387871773, 6.083854582705473,0
-6.752085890178998, 12.031096002570912,0
9.552097914796592, 0.10586911294226026,0
12.177910004055914, -0.2464321084088964,0
9.151081255820774, 1.087141947383213,0
4.499160677187941, 4.665988940749642,0
24.0472992671034, -8.406638159730612,0
4.513723693771903, 4.6919566008472655,0
0.24594989202723214, 6.203419791441963,0
4.6832954822718955, 4.649838854995085,0
14.667427775700498, -1.952974759157972,0
9.401020416692385, 0.9582798843109624,0
-4.148502119391, 9.713298067207676,0
-8.528126254003952, 12.732672362323079,0
13.348844562374547, -1.4070342293831197,0
11.688835418463382, -0.2441228070296877,0
15.599452644707345, -2.7662785097907934,0
34.360158818061684, -13.13357260523964,0
-12.334474371978796, 15.866687321163791,0
11.23792379508232, -0.028368486062751948,0
1.5954417263920069, 5.858999244434183,0
17.52366793766959, -4.42513279349677,0
8.10936426471665, 2.0017785525535965,0
7.278242296985247, 2.545264089701768,0
-16.49092633545681, 18.566311326283394,0
7.431867274399385, 2.5265856780980434,0
0.2586333869767219, 7.357558282531297,0
-7.905649598969018, 12.545530188393204,0
8.784117711384445, 1.5823157937923658,0
24.294364669138943, -8.103776999121502,0
7.250289970073069, 1.3178710730192806,0
23.324637330603593, -7.299706515404847,0
-8.100790275222202, 12.936414054780483,0
-9.108732573350567, 13.05832642883864,0
-0.6400359732017161, 8.05004921851735,0
0.24779183366599286, 7.02803145217532,0
11.552834961498945, -0.01390820024231413,0
8.418392212138771, 1.4507466114545875,0
15.085420266268985, -2.6183479090221664,0
-1.336669005418908, 8.243211903552469,0
8.35960842859076, 1.5956893816396625,0
17.23188942262484, -3.941593274119515,0
6.442429799559721, 2.359880262429676,0
12.057652159818575, -0.27087153444323236,0
10.412024703670065, 0.16637421526460547,0
1.9681718028282247, 5.260597716788674,0
-4.131695786252533, 10.080703701563843,0
-2.790476393652625, 9.281231766321694,0
-3.6619385364571224, 9.84833316081153,0
-1.7801194832891336, 8.415336107480854,0
-9.52829119846897, 13.637344028292068,0
13.945073808786908, -1.9481510340071129,0
8.40702414366354, 2.249330327276285,0
2.45500629074687, 5.891868591057688,0
20.58553148423543, -5.773784536490932,0
16.983642559242774, -3.895619865530344,0
11.346948550797944, -1.641295468474563,0
7.3202109392216, 2.310054602583729,0
-2.9383497177736486, 9.029840789850788,0
-9.740591451484704, 13.913898205104546,0
17.11364996567748, -3.48923969219293,0
17.54620691895318, -3.6033612461716045,0
-1.323406405259144, 8.676109669643393,0
7.849481336013724, 2.669796392072115,0
-2.95235047475677, 9.275526054757993,0
12.617729034596458, -0.632264558127618,0
-8.073004738535039, 12.848696926899065,0
8.334510784145776, 1.6917400991626885,0
11.021425215215555, 0.2639935432708801,0
5.935659063016282, 3.9426046530687096,0
-4.688082896460876, 9.202756701386582,0
-5.078713253525942, 10.607746997215548,0
-6.529295064123748, 11.5376681292598,0
15.606032596742823, -2.8851823163892956,0
-0.22913408369615587, 7.475904884979254,0
-6.798298335113483, 12.222830238750074,0
-3.3784317198179656, 9.249604786407408,0
-4.055562779281794, 9.825098195709629,0
3.1907068859126166, 4.989315241421106,0
8.797416149426075, 1.7314993976889432,0
7.541428587188832, 2.725611161542881,0
3.039056523400174, 4.878083321508984,0
10.382158606886561, 0.04021203796870432,0
11.913172751811034, 0.026970027995455885,0
5.0851961727248955, 3.9515888408715902,0
10.46114676441976, 0.5918467258990899,0
14.994179452303294, -2.3925102410783854,0
-20.298667222484415, 21.38123932718617,0
-11.253756195983543, 14.56500975878717,0
5.923533132992934, 3.2525521848115138,0
-6.772322005020483, 11.680294406493749,0
-3.3132229640205275, 8.934251261807718,0
-4.8355415776656665, 9.90701912027864,0
23.27724457168687, -7.879239956031349,0
-3.1334435851093136, 8.77404645787474,0
-6.010064891713891, 11.233398791617615,0
1.0640733823535085, 6.548546490090509,0
4.646571682635602, 4.75812824807434,0
-7.168260836019083, 11.8669494459708,0
-3.5866993003119028, 9.639023551502472,0
-7.115426934637887, 11.827905728013638,0
-2.5780360510727376, 8.935624080320496,0
-7.856622784378246, 12.669433443462923,0
8.427904161985767, 1.9574093495310942,0
9.552097914796592, 0.10586911294227115,0
9.091525952842378, 1.2986889773892925,0
-5.627215988605489, 10.562444890184247,0
-9.083681612212608, 13.95057415286866,0
6.234747943870456, 3.341867790413037,0
4.873519767806973, 3.2288249685577473,0
-1.358057661162915, 8.31228595649019,0
12.315486834935477, -0.8516435557465654,0
9.552097914796596, 0.10586911294225869,0
-10.76303236779121, 14.729956927176358,0
-19.62308466259933, 20.291902665188044,0
2.956009596047072, 4.3725441059921195,0
-1.760581861170743, 8.354399984712758,0
-15.027992003712198, 17.490085776327867,0
7.45388062412161, 2.547991646340445,0
-9.453791633943123, 12.964182310677042,0
13.302015120739005, -1.0395798373260023,0
0.12423137950445826, 6.669897410513588,0
-9.529447481339464, 13.727948382125764,0
-8.706723695737024, 13.270874507931078,0
4.196986833463915, 4.9507246957148645,0
4.550878530981925, 4.317845499608251,0
0.47057040730347266, 7.042969963578229,0
-5.71988218634139, 11.088238597840686,0
9.94452086162184, 1.2982544011606556,0
-12.65294296735395, 15.969402923739432,0
0.854375359708597, 6.391918878112549,0
22.990029478375707, -7.276768131450624,0
-2.764448390205679, 8.930831466162036,0
34.41009470218544, -13.112616383916697,0
-1.08203758565375, 8.11283127599339,0
-0.051870937861021635, 7.641853141621197,0
3.0158563912785086, 6.105807563129954,0
-10.09861158256301, 13.948139829975547,0
2.6259326415062128, 5.535705274027537,0
-1.7913342848468747, 8.419032186695837,0
8.353159115811847, 1.9513257185039474,0
6.019675773642359, 3.4124287897640673,0
17.501544553297947, -3.557541172318508,0
-7.801259400933997, 12.313224627579622,0
-6.077868788164482, 11.451920519644656,0
6.500439154084876, 1.3580363058839766,0
20.88828598178473, -5.941958734697326,0
5.691847370869187, 3.203495707246256,0
4.8741744346008655, 4.099131396201766,0
10.326590319192578, 0.49976432948490596,0
9.090840339640582, 1.293213690783341,0
-3.847275893286638, 9.340068758204797,0
7.8736507184215885, 2.1502795669015606,0
8.570967436455446, 1.6300442867239766,0
3.3213416360004184, 5.488407150072323,0
-7.338573483936896, 12.328878148430375,0
11.544099400310254, -1.0454883259869827,0
0.8001894948178103, 6.2212910765948095,0
-6.705109534142104, 11.92982507257194,0
-5.282992581965943, 10.68278270869701,0
17.940850365340538, -3.339430319489051,0
1.4037542764022277, 5.539150951650909,0
-7.849812884819568, 12.601315623226853,0
6.019675773642366, 3.412428789764056,0
22.97002142058079, -6.9301936230105055,0
-3.799920092233867, 9.010257733074488,0
7.963676031412183, 2.108937774140288,0
2.0604526117726585, 6.169078511682711,0
10.618022242812293, -0.22585987190646528,0
7.826586133177572, 2.1628145276326185,0
25.61393916692235, -8.82093506739864,0
8.487612441099659, 1.7397200293343882,0
-4.546648897320593, 10.480775268302223,0
6.551426601809824, 2.8966616057962726,0
-2.324236615488976, 8.479093105549628,0
3.40045074574159, 5.086923108778243,0
-5.744465885991976, 10.642919814545817,0
24.023771573303062, -7.867378431650974,0
-4.560137828649622, 9.754839648080322,0
2.31966755987316, 5.05078803418576,0
0.40164507109894615, 6.309477115170552,0
-2.085759848628824, 8.765976328302518,0
-0.847238746163428, 7.960675272872693,0
3.0898707289470764, 5.3741392958647,0
15.822504275110669, -3.2487668266896543,0
25.03212151852057, -8.273759095641605,0
-2.5455211543496117, 8.652662215484316,0
-10.784571888221802, 14.419735531991897,0
-3.1189149880769316, 9.108068941728668,0
-3.424062062524814, 9.98834327302281,0
16.42843748199345, -2.751689327360177,0
10.551111282080907, 0.24307288870598584,0
3.5538993152122695, 3.8831747550622886,0
-9.137878712808154, 13.559761321043549,0
1.7975442763840948, 5.964943573006609,0
-11.064221986569958, 14.804657044900097,0
22.696638914826426, -7.058101882529596,0
-3.455657889196317, 9.768540989048345,0
-7.815292280618472, 12.63316762139129,0
-9.91313241590203, 14.236091792133779,0
-9.714485719013137, 13.414981762027555,0
-3.4398825794159604, 9.386700297411497,0
5.814651432139895, 3.2512612348691055,0
7.873650718421587, 2.1502795669015513,0
7.820416193734785, 2.081936505775401,0
-21.556084263751593, 21.599443026023504,0
9.511489492929563, 1.3226855239280721,0
-1.340703587227258, 8.052615057820555,0
6.293155726790146, 2.9597204647935778,0
13.060896720433199, -0.6972075983904652,0
22.607021355742866, -7.442402786366942,0
-4.989040983785325, 9.896724386748446,0
6.867743753217263, 2.7841721124782444,0
10.365902924503759, 0.23547345547649046,0
21.486928731010686, -5.899276839490214,0
5.845644570865611, 2.928706881801792,0
-9.53504646784852, 13.773918587420411,0
0.39517147087565985, 6.8500949424758515,0
-10.204501625040605, 14.36694290937571,0
-7.09495388037198, 11.48106498320755,0
-1.8078931454394493, 8.776096613589573,0
-0.658203405029471, 8.40335042685365,0
6.864226554278225, 2.7355244627167377,0
26.317128978101973, -9.917245065710857,0
22.72096297442198, -6.43396025084259,0
9.188963212829174, 0.7738500803024309,0
-1.9714526071254028, 7.90579845071508,0
-6.603774462460459, 11.23998454810464,0
5.413327808085251, 3.7981017918485382,0
23.53859250688906, -7.929788019031746,0
3.015856391278514, 6.1058075631299475,0
-8.736538850196292, 13.046549014669587,0
4.742621796277237, 3.7862317287191973,0
4.862933873996691, 3.500391083488311,0
7.762888650794744, 2.3034964841459202,0
-3.991725892475866, 10.325342637097496,0
-7.567512008210688, 11.509921459567016,0
-20.796576894197717, 21.332597400058113,0
-2.2476509075229023, 8.725057376042308,0
-1.4218977040195853, 8.019633492727044,0
4.2463175107881765, 4.521225334874846,0
8.391017004893214, 1.6591880500400709,0
0.301541524893777, 6.222423844819391,0
14.616444132298408, -1.7965140568078037,0
11.699136282532363, -0.16028487787478204,0
23.864619492888114, -7.783437731674702,0
2.8843430326946122, 4.9102057116730595,0
-3.0975843498165547, 8.848397225763405,0
18.428753234873735, -4.411142804820608,0
1.718993821345134, 5.825461464066506,0
7.975706117639849, 1.6726241290154222,0
2.6442597827791103, 5.213135802547377,0
-2.06623661426524, 8.370797217422682,0
-10.737626321227964, 14.241537619952,0
10.469811062456035, 0.3598401450255347,0
17.937507031497244, -5.313584336990857,0
-0.28156719042857414, 7.120224093027262,0
4.207501025594741, 4.774981057809195,0
-1.5720816410742973, 8.278138733786758,0
-7.942575130223598, 11.649296611861269,0
-4.824152441937121, 10.708952423688217,0
10.846993199157941, 0.07357100904791129,0
2.854224285984983, 5.346253862781151,0
0.7793468245640289, 5.064094930331999,0
-9.173918137987899, 13.171263357836226,0
12.448354396311887, -0.6904631548172045,0
8.873882453339844, 1.287328373590336,0
5.734664480896235, 3.8190918076083737,0
9.464336001298133, 1.2524014023436345,0
23.408877209050186, -7.097433967806561,0
-4.240891718730858, 10.4215361392101,0
-3.4398825794159595, 9.386700297411492,0
17.965846640306857, -3.3090712955795434,0
-8.009313454122315, 12.505325229817347,0
14.788336989884021, -2.9651058633563907,0
0.3056837622453017, 6.8655711603792975,0
9.916356562766762, 0.9943734091915498,0
18.906887798941526, -4.855002572375452,0
16.17452590903361, -2.695663354036724,0
-2.03486430336329, 8.227190687935037,0
4.1167588129985075, 4.326469484848284,0
10.55123938570705, 0.20806227069816505,0
-0.43525738586372337, 7.630958911634381,0
0.6743259704466719, 5.255755595984121,0
-2.8345891342848484, 9.175216213635647,0
-6.351890328127668, 11.276559586377166,0
13.545623544599025, -2.024238644997307,0
3.725513225022677, 3.7198168666451257,0
19.9813685572099, -5.776575921535961,0
13.365249153296585, -2.0683441252464045,0
-5.138388949319522, 10.365710766138088,0
7.557888881425732, 2.558727555237124,0
2.0873706441590136, 5.856221452202899,0
0.16407855549504868, 7.245924127057672,0
3.4627992011063764, 4.58107110550243,0
-0.6145858234619588, 8.174384086237419,0
9.453388419892255, 1.1118294334307144,0
-1.1426293927057465, 7.552175679432224,0
22.195370345582525, -6.703425730890999,0
0.1572392466048392, 6.675549911623962,0
12.027715208254184, -0.4140756506024183,0
-6.467143709181442, 10.687063488080453,0
20.168697252412695, -5.054408903687931,0
4.330389024860753, 4.448745904237566,0
1.2009059193472347, 6.403261584971985,0
-1.974086476914846, 8.964984451731056,0
-10.260794912970507, 14.264900086311108,0
18.53062894361752, -5.35598687458184,0
-20.04471400437829, 21.22513099643788,0
5.977239688736637, 3.2621357466163463,0
-5.568978601775141, 10.996679728485004,0
7.714454780655604, 2.192912508581847,0
17.272584587845667, -4.491386536011181,0
11.038938805131576, 0.11647375738401582,0
22.749498799505066, -6.909072917508854,0
-6.840617313504908, 11.805196317240663,0
-3.74618335866199, 9.408008558798032,0
21.606219262742357, -6.102079089754372,0
8.056793821897108, 1.6993398105900182,0
-2.730205593636667, 9.066030546058274,0
8.533337225808257, 1.8042126202175637,0
1.1273065554014392, 6.381779583558957,0
-24.03207595445386, 23.002364567593176,0
20.677596596488648, -5.543553058937352,0
2.5035648106958863, 5.1635421970264,0
-4.092840988252075, 10.101804611659626,0
8.251553588783727, 2.094342725132818,0
-5.363967378781893, 11.110308135565058,0
-2.5392157964550925, 9.204566506040004,0
8.829790932433191, 1.8947145101451994,0
-6.60533242973882, 12.179260883830823,0
10.451091008646797, 0.4625096873882545,0
0.994452864330595, 7.09156587197154,0
-2.5710033088009094, 9.556128667795706,0
-3.7255614487289246, 9.438249627300745,0
4.7059614408817865, 4.3693368252280465,0
-3.5988467915997355, 9.27576428624019,0
8.959387646535927, 1.3886397381317348,0
-3.7933583202436703, 9.163037813067003,0
-10.846609951262211, 14.863147072677751,0
11.006462127361313, 0.060976845163821077,0
15.10519994849702, -3.004479558518885,0
24.883119384910405, -8.868356753318107,0
-14.165274864308605, 16.7617172096536,0
8.311503440564614, 1.1055442262867292,0
8.605283926614364, 1.9873230190669213,0
8.179241011093328, 1.7705300719439037,0
1.096603850812279, 5.871040314384865,0
0.24797422513466377, 6.984789637636298,0
1.5842515627045601, 6.398794056622884,0
7.695774396830054, 2.499163699024469,0
-10.037004955998423, 13.627029440704494,0
-4.187390174721285, 9.601112427339732,0
-4.798567657791318, 10.12400146135318,0
-2.6232564656465214, 8.899956478797101,0
2.0399760004440486, 5.9315166787919456,0
-0.45084099224273194, 7.724113742346623,0
5.85400348228371, 3.2384226363854145,0
-8.749054303911407, 12.913379834661809,0
-4.791830895528721, 11.181857688163099,0
-9.482006674633572, 13.890495040973375,0
7.387995198727295, 2.425318949030414,0
9.703292313323056, 1.5489661835944792,0
15.14592799616285, -1.9002692757606074,0
9.552097914796594, 0.10586911294226337,0
22.96202502497986, -7.208746518761714,0
4.048442875153967, 4.369056127483819,0
-5.1409628346368885, 10.595700955750006,0
8.362403171887346, 2.5296526704925126,0
2.7595088727470416, 5.029131767319293,0
15.226072416166344, -2.870835695756176,0
-1.465292557305888, 7.266888992143562,0
-3.37843171981797, 9.249604786407419,0
6.368178220913276, 2.6487987420182058,0
-18.746416831692546, 19.964806741045898,0
2.7274198007104054, 5.257224088871622,0
-5.016904866973466, 10.246512053799032,0
-0.2715474475907791, 7.25741623054246,0
-4.325614088344836, 9.98115604112509,0
2.8152127812968, 5.528722062095456,0
-1.112811935533631, 8.511056267487517,0
4.347825668217734, 3.463395172361405,0
-17.14671343970787, 19.064780111399653,0
5.006430537925189, 3.650312464707757,0
-3.9468786948630656, 9.543145857585841,0
-7.466363049982419, 12.485438885886726,0
9.140621570160093, 1.6056471365419007,0
-6.886534696779475, 11.707420609213024,0
-1.5151332178854346, 7.806992361927568,0
21.310304194612517, -6.195477688323838,0
-2.9854331339730615, 9.053998587597135,0
20.881559988830997, -5.985306506196909,0
0.49125948305045936, 7.196774560474412,0
-14.327759044776663, 16.828619907116977,0
17.571629623155406, -4.5512189185896474,0
0.42070031097304367, 6.890521478197996,0
24.468023699346407, -8.534265519466,0
7.401182588577012, 2.335634724792143,0
-5.021397558651846, 10.102491203029409,0
1.6933496758524544, 6.66688447578891,0
9.251489980182546, 1.3391066044982485,0
8.939276244282212, 1.481854630108747,0
-4.076543459619336, 10.061719643960462,0
11.601188770197833, 0.142143952516118,0
6.449376120607274, 2.9880684493716947,0
22.84638842211255, -6.8712335960774,0
6.116696648458931, 3.006018951569173,0
-5.392761693470956, 10.824890282681173,0
-2.4606315263174157, 9.08882198237529,0
7.508493095590254, 1.5311119450294781,0
-8.723397472262617, 13.28103007523878,0
-23.52451746157959, 23.131970673227798,0
-22.2251716473303, 21.459194974331155,0
16.229020251332045, -3.144370137479532,0
3.156636232524105, 4.800097701167897,0
8.636874825251875, 1.3137790157657383,0
23.039886387143774, -7.389238351983333,0
-4.757641421351898, 10.547636681765995,0
-6.621350806270838, 11.915830504630152,0
-2.358126134751987, 8.541675499719961,0
20.338293408383983, -5.648478132973807,0
0.8491436549884875, 6.6264237830484705,0
13.730952783406819, -1.25867925401291,0
0.744734062920941, 5.881479624899548,0
11.552834961498958, -0.013908200242318798,0
10.087475945777767, 1.0818235174631259,0
-12.629207786926743, 15.475157248833826,0
-19.73039088281451, 20.371343885219556,0
-2.6232564656465214, 8.8999564787971,0
-2.803919049432094, 9.943855682078466,0
3.171263269714094, 5.534489399791452,0
10.713991433516673, 0.4038878973551442,0
-4.301313141157781, 10.695614851390143,0
1.9665175758248663, 5.830854835097491,0
4.49411407667807, 4.0178402155598425,0
9.972756060851179, 0.3406488211056084,0
11.964134989910695, -0.8026564722135169,0
-9.000670484703607, 13.024752290689971,0
-1.1889942528994002, 7.110788745474951,0
-2.301777690173475, 8.140999912113175,0
-9.023838763721503, 13.043531390316007,0
1.2569741080907506, 6.99902932768359,0
-24.327167076967424, 23.246662765268116,0
6.8677437532172645, 2.7841721124782346,0
-2.071222159801767, 8.840597621265545,0
-20.359517154074588, 20.735000249326372,0
-23.091102487354846, 22.227769108748078,0
6.0021358386992905, 3.200784207022989,0
4.646571682635601, 4.758128248074337,0
11.762858029767612, -0.2827616484271965,0
-11.261849814861286, 14.62809830855736,0
23.59889252433002, -7.331943443859341,0
-10.771942105058436, 14.435745999444222,0
0.2803623724911218, 7.4679360822650915,0
-8.681207352334742, 12.874339569126596,0
1.2263997798147923, 5.900101476074256,0
5.646997406509129, 3.74807461643484,0
-7.285381634177212, 12.186658807081042,0
-1.9266976334537482, 7.912287926698212,0
-2.491650933550738, 8.905494773079637,0
0.9881249170128772, 6.236733632961566,0
24.297809073187764, -7.517525350495005,0
29.360967443282647, -11.478646722562848,0
1.072587626047285, 6.314469036065719,0
2.6045065788504633, 4.324292528829345,0
17.363068812006603, -4.278188618017521,0
1.3968930487500082, 6.023603634777415,0
12.718345227761025, -0.9190635771329728,0
-10.33191857826763, 14.446313725713328,0
15.884289249955486, -3.6320984713830007,0
-3.4630187194621045, 9.34606019973812,0
11.0327009851224, 0.632464156569113,0
0.2900842757689036, 6.619524771551708,0
0.36681810278202226, 6.64508916803864,0
-10.567606564565548, 14.106989711219958,0
-0.20286202630455055, 6.915313755098114,0
24.066710968613023, -7.639043847925153,0
2.1401357246909307, 5.806783025168569,0
-4.357735506711017, 9.570200315768869,0
23.794859190234703, -8.103092264368346,0
-2.630250650135405, 9.416300021139682,0
5.951265281955024, 2.999357425372302,0
3.6883172317481447, 4.600962881166059,0
4.602018912006768, 4.1657545187428,0
19.465683411465758, -6.100692021518731,0
2.150640338081225, 6.191283473987091,0
9.14042593700572, 1.4852450747927313,0
5.498703544490424, 3.6647695979239585,0
-3.2876804543287346, 9.612116042185129,0
18.932010378415487, -4.565684858309588,0
-4.475669380103864, 10.217130233584413,0
15.30264038503316, -2.645296964247626,0
11.084996756854899, 0.5413862357113906,0
3.4098874638097065, 5.498053551491803,0
0.7762429811405648, 4.844943490548607,0
4.5552411135547, 4.468589461930773,0
23.082367236567933, -7.699781044205397,0
-3.241049660194035, 9.843491410926475,0
4.388768060772871, 4.300185658026367,0
-2.839293897176199, 8.317271210653749,0
-8.131293447549009, 12.88998907813963,0
6.1583391364446145, 3.09924106295277,0
12.4228569357498, -0.12420491881417096,0
-0.008415684139928764, 7.02365259939561,0
-9.890027981734884, 14.305356836314719,0
1.8472630542958643, 5.861276556470509,0
2.6018839075000444, 5.795195941001501,0
-1.7020593653318299, 8.29458295840432,0
5.521684893840326, 3.4964542707228854,0
11.270646605474635, -0.1510826210052677,0
-7.235886572351477, 12.06243808412919,0
-11.389233921276777, 15.027654739708899,0
8.990760490428451, 1.2700229745051381,0
9.557997495855238, 0.3950344965958854,0
19.80947494746642, -5.975685605677287,0
6.637405972687166, 2.9238682977548884,0
-7.411174743651689, 12.590545244793114,0
-0.6294803153515675, 7.848335975243514,0
-8.400564559519657, 12.841469463777406,0
4.643593639206479, 3.2939711876862754,0
-1.3407035872272606, 8.05261505782056,0
2.949151379520002, 4.896503774931352,0
4.564700859029851, 4.268535688734757,0
-9.119564131711973, 13.359492923866915,0
11.622839082725243, -0.15156551049418332,0
-4.159217895973572, 10.617940835904456,0
25.574526249056895, -8.563477376767663,0
-0.10996789300916886, 7.536779999217323,0
1.0575219089359358, 7.108053728335051,0
23.78900939242191, -7.313138382013058,0
21.63072147782996, -6.210264507959904,0
7.858040951186141, 2.208203005906116,0
9.302342069973891, 0.8723500595033726,0
-9.247710626196458, 13.521549688585743,0
-8.580568020546439, 13.257507580166735,0
10.695196326660454, 0.0067673503922897,0
-6.329093396786368, 11.126219860843333,0
-7.58765719093287, 11.764598689521133,0
-4.874957684391363, 9.083449582040561,0
2.096818149317837, 6.0338573460413,0
10.236496946607321, 0.5506811345700243,0
-7.19952502282377, 12.265214627063934,0
3.015856391278513, 6.105807563129953,0
7.403228463557196, 2.0427621517704955,0
16.38133431931512, -3.0814655390316856,0
25.611993192508866, -9.155932669037556,0
6.867743753217263, 2.784172112478241,0
-5.448771339224232, 11.106244718439783,0
2.3950644518575284, 5.590727731476524,0
4.661647006524177, 4.2544425944059965,0
10.955247769976719, 0.009255731996013438,0
3.8622424191965217, 5.176562897341889,0
-7.7187026340451705, 12.012135411151819,0
-2.325574031001233, 9.107042362527663,0
-6.842519619236077, 11.905401996074042,0
-8.591299346700126, 12.806932376224328,0
4.810283256656443, 3.758330616388784,0
17.208325811865155, -4.3543331112010115,0
-5.251647677506308, 10.602513780200885,0
8.35651147672266, 1.5507911956338651,0
-8.351376325659107, 12.582892337346141,0
11.856015616983338, -0.36654477243461275,0
-11.253454663268181, 14.741848683134291,0
16.2008415582249, -2.791901346904548,0
-3.8503077966242865, 9.563458840071746,0
2.0511509734761892, 5.075159532735934,0
10.96588456134355, -0.1352996951592146,0
6.252748713060075, 2.8833667249153185,0
26.623558374423588, -9.733136579394104,0
0.19376971834296522, 6.565965807319437,0
26.928024536836364, -9.536929579992917,0
-8.061655196795904, 12.629012138713437,0
-12.687249514172487, 15.736763715522454,0
22.878755995834982, -7.084182783611567,0
10.954645136126652, 0.5651697144839669,0
1.6433345897495388, 5.601629477746682,0
0.3848358094961957, 7.32907655962405,0
8.463801973368174, 1.6897193322062785,0
23.160690796268398, -7.18880397052924,0
-21.243061623707938, 21.7389479869212,0
11.32124982445513, -0.17558063923961326,0
6.891209329016938, 3.173777659624203,0
15.42969612716831, -2.4850759040499777,0
1.9283693234524806, 5.741111437037681,0
14.09311473063086, -2.696926151723149,0
22.18899322797113, -7.120471366701753,0
-8.557702922032561, 12.89799705900291,0
14.304545589481403, -2.270172680490163,0
1.4731263518013697, 5.780476749930003,0
14.778291084160461, -2.246651541976871,0
5.491383261756686, 3.4654025454364725,0
-0.10570530977826044, 7.2542249756446555,0
-13.450111884794076, 16.14558602071961,0
3.0158563912785077, 6.105807563129959,0
3.9228611337133845, 4.623322295447541,0
9.056771101730776, 1.380039456504331,0
8.8687909879762, -0.1013920812094241,0
-5.421916632805621, 10.848002288339165,0
22.7142403315848, -6.771905173514058,0
4.936827460413119, 4.316546008209326,0
-1.8850855908046165, 8.078659922138986,0
14.243034918306979, -2.2668529288299144,0
1.553454240961439, 5.109632727690992,0
15.209509888485272, -2.800573523735968,0
12.532359222499402, -1.16181035784395,0
9.044156014950381, 1.3406457438132422,0
-8.01083194392295, 12.467198802777602,0
-4.0193096966322965, 9.752282839755534,0
18.927205652220042, -5.236550920866424,0
-22.029191913309557, 21.54495014002867,0
1.9575018760169762, 5.990872812382664,0
-0.39781067558355154, 6.980820254408589,0
4.47713701270954, 4.064208140968925,0
-0.7423564328363127, 7.327002857529487,0
22.53141107771101, -8.382954284622883,0
-7.424772595818896, 12.1044582222976,0
-2.3926516548463104, 8.199977101176554,0
8.036541309269033, 2.367508160556687,0
1.6386695216239113, 6.017139218205511,0
-6.84297312325855, 11.462202277730933,0
8.75183870295961, 2.092931582063391,0
-6.390148308966286, 11.256519201892043,0
23.78308916739124, -7.782598007322777,0
-6.494308043637158, 11.663205677453975,0
-4.655157642148513, 9.976488115516693,0
25.248988062969513, -8.225275007429953,0
-5.533305181636924, 10.68395043168,0
22.64405777617378, -6.830940050335336,0
0.11720885037844829, 6.644121212662656,0
-23.319638059923975, 22.116115623402845,0
1.3756067569778891, 6.505162212936878,0
0.35374152858938557, 7.052669022617887,0
-7.864373589951069, 12.85477372317524,0
8.541956577888424, 1.5726333726109414,0
-19.041394653895424, 20.51534890883679,0
-5.47851970621598, 10.841819375299105,0
22.734828552742464, -6.645585195478136,0
5.573178503456875, 3.0373821920119273,0
18.350165684869296, -5.06957408769479,0
10.935576764981704, 0.30155998915664967,0
-3.106482223728881, 8.5055233683863,0
3.5998720345977455, 4.694501173844844,0
-11.028932397664608, 14.704905643561395,0
11.054089352770793, 0.004741073624671811,0
-5.015998221575078, 10.906764015448601,0
15.416942940568465, -2.7140240481892866,0
12.051336208671579, -0.35784467933703473,0
3.3554482090299644, 4.641319862561043,0
-0.8188445329692422, 6.924397581929324,0
9.37132461631143, 1.5600753928212943,0
10.036853668293126, 0.901041019881375,0
-15.142589989977532, 17.612768297423504,0
-4.729749769476816, 10.39244761593496,0
8.507863292912077, 2.0186851343315153,0
