-0.0026452155827154265, -0.4402898348276417,1
-0.016805789704065578, -0.4355911809629217,1
0.24746301773402826, -0.19619455896408317,1
-0.04823138672601893, -0.4899308193942044,1
-0.030414167838954554, -0.3679346262119749,1
0.12857666430406461, -0.20802518668253564,1
0.1592325234055832, -0.25287153857914635,1
-0.07667351191665282, 0.059345668416681874,1
0.24519437538280028, -0.13862716077363357,1
0.07521679943294417, 0.3290063966655561,1
0.32024508225698445, -0.1148177479856068,1
0.0692058223294147, -0.35100838375815213,1
-0.06812557540271998, -0.5132535989961072,1
-0.006149152035788224, -0.40056845552364584,1
0.03938473960966699, -0.24739493837535143,1
-0.17766353426821654, 0.19545420734616784,1
0.05317351518548381, -0.3534909044489197,1
0.1986730330380156, -0.0752008296394952,1
-0.025985550660757386, -0.48450893593249167,1
-0.013327930921678057, -0.45848336018589547,1
-0.01421717354857425, -0.6094928091700141,1
-0.05687519079628379, -0.5125796042342634,1
0.06188499489809198, -0.1406517575148013,1
-0.07764840645764164, -0.45606959316115236,1
-0.37087166736118, 0.10399128552649925,1
-0.04677710164798894, -0.48375615006063377,1
0.20442210652060225, 0.1763046654552262,1
0.013693724579744323, -0.37233843824787505,1
0.017772378058980694, -0.3773129695907443,1
0.015644404376524066, -0.37782647021994453,1
-0.04858326987900471, -0.47985693368238647,1
-0.06499705044303367, -0.46052460976334153,1
0.20276557243569668, 0.07507783425838804,1
0.09846715118586999, -0.32666518852507037,1
0.08489469305759395, -0.20455892857035446,1
0.026121978737092627, -0.19157784627077443,1
0.2859888676280562, -0.15159478417938038,1
-0.045336039096029644, -0.3663034100812784,1
-0.4357080950243659, 0.07968876009428964,1
-0.061400627820158094, -0.4768245462716691,1
-0.15954802565513748, 0.11378570148896089,1
0.41095070538226874, -0.12031237498938342,1
0.47805504099878726, -0.027912091803606404,1
0.14998449666375566, 0.18725635702830054,1
0.07355272762344947, -0.33876377962727455,1
-0.07338009439553907, -0.4387156126243736,1
-0.036380049693882824, -0.5040885188546845,1
-0.43729567550689, 0.07928646230991274,1
-0.01997627661478964, -0.3696998487145456,1
-0.04310497227785472, -0.5132375772969161,1
-0.06799092199686185, -0.4455984086630209,1
0.13305179634381753, -0.25909910819651705,1
0.45458108690228105, -0.029229662956440774,1
-0.12336456390828654, 0.176230102356605,1
0.11706683615758777, -0.30857294133531965,1
-0.02243293490243029, -0.4255592813595032,1
-0.03924387446988562, -0.4724839774392424,1
0.5789750001172149, -0.09031131246509905,1
-0.04697760510359772, -0.4759252957559694,1
-0.09436644134499546, -0.44062586481790766,1
0.31168879631251883, -0.14808627562695995,1
0.5783281226840236, -0.12722920509459337,1
0.05615280596408635, -0.3451894596124017,1
-0.10359455194310876, -0.4595301639832898,1
-0.19817774764874288, 0.129149274438581,1
-0.03797820103813669, -0.45785001905829714,1
-0.032241548647847784, 0.12243527136674029,1
-0.008685017083373036, -0.25449301549066056,1
-0.022090606850161024, -0.5366662056318484,1
-0.03150068724272773, -0.4985664938566921,1
-0.002755124309645868, -0.4367171308100211,1
-0.0033934842390365935, -0.1865717323114308,1
-0.06612872760207315, -0.44251906826997456,1
-0.2800092522024626, 0.15755893621776298,1
0.06562875342349081, -0.3660571306617274,1
0.12813141735986225, -0.28026036390631137,1
0.226517379559906, 0.2733663780063965,1
-0.08254065550345893, -0.4394893236595516,1
0.12206703245111636, -0.322404135915992,1
0.16853649784870198, -0.2776286656856116,1
0.045840478993944625, -0.3765388967913553,1
0.19876049075641408, -0.24444431043938902,1
-0.09085883799714846, -0.47365214483365503,1
-0.07180739642764622, -0.44158780164508554,1
0.009557905630261227, -0.38253947417702905,1
0.2155137917185194, -0.23870185742737857,1
0.13321413569292803, -0.2692291775392195,1
-0.013861668033839354, -0.6093829538316263,1
-0.008795687356325773, -0.4382189017893219,1
0.31931677653836227, -0.15516687595558584,1
-0.24355783385691532, 0.027998238508365393,1
-0.04115724605163612, -0.48609050245047314,1
-0.004676571428880716, -0.4413957928465962,1
-0.03291204321032796, -0.31626113076280116,1
0.3246760522948279, -0.05000667418715828,1
0.34523235011197717, 0.23922828061834675,1
-0.019620665909008475, -0.5573000346376696,1
-0.23540737488877353, 0.09661165660139581,1
0.08244974154514592, -0.2825223306610177,1
0.01064213932133058, -0.3837173783272329,1
0.013340228775076344, -0.17908139638412846,1
0.19923404268707112, -0.07015426920165152,1
-0.04954853908457879, -0.5056646160240572,1
0.08861694615096613, 0.06554455983182587,1
0.24403976442157063, -0.2074401972645629,1
-0.01697291070009151, -0.4383944577522092,1
-0.03078560454868524, -0.47797502911698775,1
0.465290601457553, -0.099723834403943,1
-0.09486957316275421, -0.4522354715626495,1
0.3071526250991615, -0.18092865257485213,1
-0.04880972199124822, -0.4827821296607204,1
0.20441035816341876, 0.03050648818161769,1
0.4702272292573397, 0.05981635808030004,1
0.012592313654561395, -0.5105578708804115,1
0.6293715716245717, -0.07625008411839276,1
-0.15936437298691652, 0.10807379327450835,1
-0.005913308376460269, -0.56393802982029,1
0.45313016969935593, -0.04494019704636685,1
0.003414539729343249, -0.3471778446668133,1
0.10413548511174046, -0.3054480902494348,1
-0.03607903001363417, -0.5099244029333031,1
-0.03949017879389901, -0.4504809351646451,1
0.07232025034530341, -0.32755277069095684,1
0.22666604751782202, -0.14779664203420043,1
-0.07711004391884907, -0.3756209256377081,1
-0.14851998037125208, 0.1969844063066801,1
-0.015956856789049567, -0.607480492300983,1
0.14985340449830634, 0.23438214577230712,1
0.5485737333713329, 0.0090834236039967,1
-0.019453581715211554, -0.33099435766359514,1
-0.054946018708772554, -0.40378540354121084,1
0.221953902934192, -0.23246873118496908,1
-0.3778720739919421, 0.21667761272690853,1
0.07435722291232442, -0.21851781687166585,1
0.07467878943669665, -0.22125376024826737,1
0.06346091298171189, -0.09653808180466276,1
-0.028936645817277975, -0.39554929579101494,1
0.008545772430508074, -0.519930166253079,1
0.05208452972505878, -0.3166239464269938,1
0.28670145633434274, -0.13827610111627867,1
-0.040524685308879996, -0.4759469425957208,1
-0.006342055410620956, -0.43897824883046044,1
-0.010413193978109378, 0.253248764492036,1
-0.1886398090456153, 0.15036847324649089,1
-0.15869300178204854, 0.13106121377258587,1
0.27352229671441186, -0.1738594156597388,1
0.016234381638663246, -0.24292394606767123,1
-0.00911296389392714, -0.45301048817812845,1
0.009482165801246013, -0.3860197920369649,1
0.006423628137020846, -0.251755804714275,1
0.04951832037475509, -0.3177764642709834,1
-0.01552608073065158, -0.30681303174374397,1
-0.049628897281883785, -0.5001432117203567,1
0.5491337283345012, -0.14813065171651424,1
0.5527728044101431, -0.055443618269017406,1
-0.00210324137367299, -0.4247958697276658,1
-0.059189879906729886, -0.4742806319388544,1
0.02869363978341724, -0.3611968603564835,1
-0.03139699559731137, -0.3993551188070091,1
0.007352814767192298, -0.38726382817298133,1
-0.2229328756335778, 0.16947599724264523,1
0.012173520941951706, -0.36010038966810437,1
-0.004046711878499001, -0.450885772323988,1
0.05153614878446018, -0.31275215098739273,1
0.0840366575631945, -0.28722588322165654,1
-0.0032442941988923076, -0.4297053359892423,1
-0.08354508349363392, -0.3510778808462393,1
0.6466952791528995, -0.07986287877887205,1
-0.010007055868275015, -0.4265366975401063,1
0.07826401591037957, 0.1523176829269466,1
-0.02367952696416911, 0.10217845350783177,1
0.04385804154745577, -0.20800366553774519,1
-0.014864481318880867, -0.5987593137099639,1
-0.009897704140759862, -0.6163128009108965,1
-0.07047503973177148, -0.4584276696488935,1
0.5757180561764504, -0.10131364963060466,1
0.06946505048869026, -0.31967135802896457,1
-0.01915468055450913, -0.3467585167550677,1
-0.025338715598684555, -0.49642216594251937,1
0.06806924869866554, -0.14187082509740048,1
-0.02299740311408459, -0.5061078065660145,1
0.29226029245625895, 0.14682121487727992,1
0.22448077939289143, 0.18060848789212838,1
-0.20044627758987058, 0.12533701932018232,1
0.016106224247873988, -0.2055984749705789,1
-0.05612485433701833, -0.3967509665993746,1
-0.0009784627552483752, -0.41971750663136037,1
0.04044043594463075, -0.3156439950887943,1
-0.03521194576100672, -0.5236591094097223,1
0.02184745194734151, -0.3493249756218509,1
-0.07235195533983532, -0.4411242217357999,1
-0.006861214987771382, -0.6003729802178631,1
-0.006704448823859835, -0.4561750963061949,1
-0.03260762307438376, -0.4994108142641372,1
-0.00858364719372765, -0.48474537020956826,1
0.5818627313010163, -0.08750567546073963,1
-0.43106595278786564, 0.07234678286784096,1
-0.10584159499918759, -0.4344788320408442,1
0.09277719322727064, -0.3472728870902662,1
-0.11395217534099322, -0.45151754341731043,1
-0.01408577301642614, -0.6071646304503591,1
0.27705767541892473, -0.2001192265477958,1
-0.07234182638939984, -0.5153868671748907,1
-0.06224652394073575, -0.5010075983790213,1
0.2859868361579094, -0.11341171865851218,1
-0.02628367432517307, -0.5532818267785434,1
-0.06262402646762555, -0.4467692651260131,1
-0.020229013435108013, -0.32906671718879366,1
0.012426963396999164, -0.25598166307439013,1
-0.0027238097798129098, -0.4414132946302534,1
0.3112074600613369, -0.1775011095978208,1
0.11082051014725243, 0.043563714142716585,1
-0.040680382377839254, -0.35262812709220787,1
-0.00397542825127143, -0.4510826875957478,1
0.2541523653826392, -0.15510887918912777,1
-0.01770792108492343, -0.430067229291059,1
-0.08409193179033533, -0.5132727972149829,1
0.04982754655408961, 0.11243075777987271,1
0.015208462632412092, -0.18313369514573408,1
-0.015391183778706331, -0.4045730065292472,1
0.021742959668027542, -0.1811911669151358,1
0.09494401829745634, -0.337444485623021,1
-0.21344172919398163, 0.15430758090278993,1
-0.01426503310465844, -0.6100608446174958,1
0.17434349491302084, -0.2729345360830232,1
-0.1078779368067199, -0.46731638472932313,1
0.04368841698804868, -0.35286852138800484,1
0.26033638801116066, 0.24187563315071703,1
0.048910397008722135, -0.2126120411970364,1
-0.1847942920656265, 0.24543421802848614,1
-0.07156197126903263, -0.4472357424005207,1
0.15171371931163613, -0.20045255968725947,1
0.4667800180927043, -0.06646386935707768,1
-0.011508598167233517, -0.4204348616720178,1
0.5454900288865681, -0.15015872517219517,1
-0.1226583933103631, -0.4771586566655412,1
-0.009830314443337849, -0.43607755889994027,1
-0.24832715664468782, 0.12198701761982586,1
0.008002044737277742, -0.44360543097716026,1
-0.0715674551080572, -0.4636539744683106,1
-0.06170796293217375, -0.4417072187093821,1
0.003973593392693441, 0.024487032744274436,1
0.15148402557839521, 0.20703330011649415,1
0.15929244718744853, -0.2547764809630759,1
0.10152238792944421, -0.24453529368397509,1
-0.06749747709773836, -0.4765700608231924,1
-0.011661406657168956, -0.43541441865777736,1
0.0457856302486747, -0.1516785750206923,1
0.07095822932496083, -0.18111561845684443,1
0.10677022133853385, -0.28512702532267953,1
0.019585104498842466, 0.281552388529054,1
0.15311841949507238, -0.20397741767890762,1
0.5607260802499191, -0.14210165934761104,1
0.04578597473029009, -0.42663880259901943,1
0.5535006374889868, -0.14614787358307724,1
-0.1263571379470226, -0.4713747555550904,1
0.38256385613117094, -0.05644929483325457,1
0.5216107146481215, -0.012368832335063258,1
-0.08341258355304683, -0.3781082528541015,1
-0.17980623183362185, 0.12957882488681532,1
-0.05487081132151594, -0.3675522759111081,1
0.46519854867752986, -0.05629662132751088,1
-0.24924014015432772, 0.03629036616643269,1
-0.011662667536459979, -0.6143464956634171,1
0.23522898978742024, 0.277410576291264,1
0.46587134943578906, 0.13264511970261997,1
-0.18973763645072111, 0.17311327387513412,1
-0.009335404699139417, -0.45157032587596524,1
-0.020587030321681236, -0.5401018789136047,1
0.06585483849435009, -0.14198293526459094,1
0.2866278732676506, 0.10107863249721427,1
-0.01986996367452074, -0.575074366591721,1
0.6201917793848299, -0.06336098529114861,1
0.008779467633358932, -0.3818699630057225,1
0.2601512340127023, -0.19399713570253252,1
0.027587992763085496, -0.40298912625962324,1
0.1138149426972774, -0.19644394161474413,1
0.003728315774922678, -0.38481935132815975,1
0.5454900288865682, -0.15015872517219508,1
-0.006289130158270582, -0.5077655748340621,1
-0.00823968499372935, -0.4440992302921208,1
0.5923142663792711, -0.12414507058057392,1
-0.0202891505281047, -0.5669474405731284,1
-0.1126319138715549, -0.6363000730393773,1
0.041061303048262936, -0.26757753276371743,1
-0.018065474561192618, -0.5001496022506841,1
0.005390389936209793, -0.1819870636227357,1
-0.056789216346299236, -0.46612410340299726,1
0.3258446713014058, -0.11643493555182653,1
0.010629190892332023, -0.3821957153150138,1
-0.01701060158804273, -0.4370091150396743,1
-0.011445555184236613, -0.5432829980967803,1
-0.15502858906264252, 0.20430183126379908,1
0.12616117296582782, -0.27071430458887713,1
-0.0569623923122994, -0.5030465871974322,1
-0.014490543335556536, -0.4684702921513384,1
-0.3155089893266976, 0.148479784024849,1
0.014761745765963048, -0.2628496067354796,1
0.46829873419795753, -0.10115609145812453,1
0.046730450683134105, -0.3253116070659754,1
0.01776429384069032, -0.3605397682096172,1
0.11810342407839793, -0.24477490053771586,1
0.4577961744072754, -0.046511445774562295,1
-0.022419503817372562, -0.33315310078144444,1
0.09022442612449472, -0.08785974457432456,1
0.019129433411081753, -0.38128793156115476,1
-0.0758196524778515, -0.4860124866821153,1
-0.038766241158823246, -0.4206820319985983,1
0.07024474839364575, -0.3370823057526222,1
0.33189576250014424, 0.1579598854149039,1
0.05767934489255821, -0.3415699108660269,1
0.28091510768124667, -0.11996107063349158,1
-0.06501101890681332, -0.4526698537864812,1
-0.02367538076739627, -0.454445373465806,1
0.023104701021164773, -0.4134785053317005,1
0.08077617848623926, -0.31057445222878166,1
0.2267883942467268, -0.13225170889252288,1
0.07885027656625662, -0.21241178172468078,1
0.06241709069092771, -0.32642358517386516,1
0.09000911718568959, -0.3476754360404852,1
0.6395464739715049, -0.06765971013730368,1
-0.2165217378986623, 0.13436059878270307,1
0.28415830063909153, -0.043571016730274637,1
-0.034715112130951076, -0.38992204197175667,1
0.16300382379658768, -0.2581679807910256,1
-0.07102459729106003, -0.46774240194471506,1
-0.09163118168808723, -0.43762608079353144,1
-0.021300339493333192, -0.3297852081583347,1
0.030735304412392757, -0.34096036488967424,1
-0.026719766173635962, -0.48610629612672535,1
0.0416931535538378, -0.1399065757470175,1
0.15242560596839602, -0.16750943311658303,1
-0.18953311159603903, 0.21430185404943142,1
-0.27515288164963875, -0.05768057261060966,1
0.030076384287518222, -0.2721783524767604,1
-0.03892088216448531, -0.3933043791166097,1
0.06841283346559364, -0.3550283823683504,1
0.23454607254359097, -0.17346798839253302,1
0.007751128144179372, -0.43391241968487465,1
-0.012900332942824524, -0.4300792467916782,1
-0.07219986407901002, -0.30897372171475995,1
0.33208531199125957, 0.24010672311320827,1
0.10419351470571014, -0.257325335580507,1
0.000843366376412492, -0.5572223347088646,1
0.017969468460728482, -0.37933727250139654,1
-0.02912224869539522, -0.42094867813759634,1
0.13082451645519091, -0.2882901426774811,1
-0.04744518184894914, -0.4827214543837699,1
-0.04483414091678847, -0.47688950325892965,1
-0.12544176133103657, 0.19527433511983042,1
0.06922140178182093, -0.20939811251749743,1
-0.009050566371914977, -0.4933952656926828,1
0.039714216241100844, -0.34294895596088,1
0.22763161429714496, 0.00222914847805658,1
-0.05059306418748368, -0.5031162016285526,1
0.3779504381249716, -0.11592135657550916,1
-0.014646845056298971, -0.6078893187018607,1
-0.35572901601626433, 0.21558614174120763,1
0.6455745110273517, -0.07925120624929002,1
-0.08155126038087858, -0.4987619734656315,1
0.014815582602116862, -0.3641261290584494,1
0.29646362822130673, -0.15482747647694634,1
0.3800885387818121, 0.05611147696611612,1
-0.014500248815678077, -0.6080697772396373,1
0.3192765466093636, -0.1793687745640117,1
0.0012456545445127206, -0.44652814675986435,1
0.32699622634741277, 0.24829030347948086,1
0.11099472681908314, -0.3249893971570911,1
0.013642465465741613, -0.43936330726711076,1
-0.041239609595255015, -0.4987687388506583,1
-0.08252495126882667, -0.429726167239284,1
-0.0017319569765809552, -0.4436261134943738,1
0.2272001900213864, -0.19766559472259299,1
0.052752432749979455, -0.3565308057992941,1
-0.04914694153726706, -0.5081579342370667,1
-0.11353145192907188, -0.46232047661724973,1
0.5401260859746853, 0.16129239682100968,1
-0.005003072518094959, -0.43517496981775083,1
0.08300194223064102, -0.34325756632200466,1
0.011098124799776869, -0.38195781896467257,1
-0.011229574551891565, -0.5882868143380245,1
0.011538905768888873, -0.18934460039770906,1
-0.016370324725872326, -0.49498411755125216,1
-0.18995734865284947, 0.16156005847184218,1
0.18399045911829506, -0.21908293983713817,1
-0.016328665550748033, -0.6010997169233234,1
0.0643531844968423, 0.16801037177337172,1
0.0943371376270273, -0.34892968777485917,1
-0.07377760331634936, -0.460227874769224,1
-0.006417876181012, -0.2990761752483578,1
0.0178309450360426, -0.38874372321484096,1
0.18799990579817036, -0.1610683440574135,1
0.500343922171802, -0.07726436379308023,1
-0.06479422215829837, -0.46558067350140236,1
-0.015630258149260924, -0.6127209281084213,1
-0.07026455071987285, -0.46094156931651725,1
0.010761974568542878, -0.19098765134059587,1
0.17519088003579705, -0.1403420961821786,1
0.07082229170418981, -0.3529966547937998,1
-0.015339728384022422, -0.6121669477097316,1
0.13034673874498723, -0.21907482803900558,1
-0.10441444278646722, -0.4543780706372972,1
0.013776014088115513, -0.38017621152739733,1
-0.0175796869931244, -0.6079190431431929,1
-0.0408978050866716, -0.45529342926087213,1
0.09978988659301878, -0.18057263222371517,1
-0.03957247847572202, 0.2017422179627319,1
0.008947701782110032, -0.5145216013087711,1
-0.042721820295650165, -0.49514039758554595,1
-0.0828312380599759, -0.44788223375450725,1
0.016690212219082318, -0.37798089048161515,1
0.20931432374110714, -0.06297976683431554,1
-0.06663841537418082, -0.44021037374383143,1
0.05242051766153259, -0.3484145215414243,1
0.545670582395314, -0.13555469591431343,1
0.012740756581838326, 0.287288671473625,1
0.20171714236397434, -0.0972351947889415,1
0.05504956505675467, -0.35656596406896346,1
-0.06802344476776025, 0.19353248854835947,1
0.05167025387555684, -0.3657883278439958,1
-0.009232178236192504, -0.39036384005317715,1
-0.0033132456273649346, -0.43563869438453334,1
-0.013872417836707068, -0.6082211237499439,1
-0.016034661404756494, -0.43050846088318084,1
-0.01041319397810937, 0.25324876449203576,1
0.09808613577892672, -0.24943657148317924,1
0.04189379871767302, -0.3093099863827081,1
0.030905761164153774, -0.43370879814223934,1
-0.3580438041576301, -0.045993311610232464,1
0.5454900288865682, -0.15015872517219508,1
0.007203812243465996, -0.32852598472082584,1
-0.03996006840892184, -0.26073951747181856,1
-0.02323934437436038, 0.2187675789352493,1
0.6117236378005563, 0.05455599174670504,1
0.06952371100285834, -0.35335396440970246,1
-0.0056243860692687195, -0.4452963562289765,1
0.00854368098369165, -0.5289626406098138,1
-0.03141582375039839, -0.4853584151789295,1
0.012575297083784806, -0.17384795171940298,1
-0.015352426157573804, -0.5678160590144165,1
-0.01554193940597495, -0.5552959538881299,1
0.2371588760051915, -0.08819615689200412,1
0.2362036005252092, -0.19562768000137715,1
-0.014767452187625547, -0.6097490706624518,1
0.16941416281124433, -0.23265449080508332,1
0.4657439636847382, -0.10506959020525175,1
-0.046319235574658724, -0.5171220587702754,1
-0.003683388706356598, -0.4452159036508342,1
-0.0029265485200397966, -0.42680381696859243,1
0.007352814767192494, -0.3872638281729812,1
0.24816708024741654, -0.0659215630642476,1
0.03210401771948478, 0.32439488207860057,1
0.4677625757118384, -0.09781043851601619,1
-0.019097156054885236, -0.44169694983341184,1
0.05877528559812314, 0.06939111331640685,1
0.3160177775930079, 0.15432873593089766,1
-0.025786494971509966, -0.5678384377451142,1
0.01877444438084, -0.2589745233856418,1
0.08256793921012655, -0.36529770918196597,1
0.3497245442232735, 0.21942195074069962,1
-0.06353662725244101, -0.44300975864385506,1
0.13657326261486766, -0.15529290208459756,1
-0.03682700273251523, -0.45803116372264463,1
0.04276913475570308, -0.37848675793971753,1
-0.021065519255105535, -0.5408644093464877,1
-0.06284169048959323, -0.43948701703198034,1
-0.02498247953414917, -0.33142825466128456,1
0.008455947019384498, -0.5291653052529548,1
0.0013628549862299334, -0.4128812624999565,1
-0.06567842557681089, -0.46689567366642815,1
0.12857666430406453, -0.20802518668253575,1
-0.013516712161546162, -0.6067590537190714,1
-0.005380903579262932, -0.5663645413392929,1
0.279377231884963, -0.11451903748731779,1
-0.03469494459597984, -0.5003048374512635,1
-0.013663605406159868, -0.4300752687971737,1
-0.016431452057944884, -0.4639019811551806,1
0.19476302556944927, -0.21031919983140923,1
-0.005913165334317608, -0.44762613958005726,1
-0.06290003393115051, -0.4699121233980843,1
-0.09239595599728373, -0.2430404947026497,1
-0.10299350506601984, -0.4315381305779084,1
0.2604456822123234, -0.17315497606885608,1
0.008512423289476708, -0.5183424994222975,1
-0.283487442777732, 0.1954494456519625,1
-0.05964407780962753, -0.44911040378773404,1
-0.16022287193638596, 0.12310260914244277,1
0.060840676354758344, -0.38218914295852474,1
-0.03975877385147611, -0.4482576426040853,1
0.06331927411502543, -0.28511235944623,1
-0.015058061610841772, -0.61168321154424,1
0.01226484748894323, -0.4142113625044604,1
-0.4078583286068565, 0.07023386087813616,1
-0.01111246153579515, -0.51057093565994,1
0.6786762433801651, -0.0434367892578259,1
-0.18886716741647783, 0.12722955642632275,1
0.07243367112034083, -0.3388730660210497,1
0.03083888592830435, -0.1840391258706016,1
-0.03715677095629376, -0.28681147827682396,1
0.008410062128324616, -0.5289052292733366,1
-0.02584197712940116, -0.48638265215996623,1
0.27310043165307757, -0.049970389056117503,1
0.4806834686542916, -0.06582041073283112,1
0.4125536636078057, 0.0263597271917241,1
-0.014675024675671887, -0.6123014885919651,1
-0.024026593058174908, -0.4802047889025655,1
-0.013172454222147566, -0.44744952613931355,1
-0.018540782519266594, -0.42491020631082693,1
-0.06018321172584131, 0.03709328835652749,1
-0.1800465492362851, 0.14711961205470162,1
0.23152876374411643, -0.1675039999598438,1
-0.024868777699891195, -0.3311327406698874,1
-0.10326491602187719, 0.12462879812420559,1
-0.02208266430617326, -0.49424834523848676,1
-0.017947971084743778, -0.5632672469243886,1
0.2947709146065194, -0.006564779384192044,1
0.08627272523548253, -0.11396547006077268,1
-0.11195556969706766, 0.10616420230143728,1
0.025241479889488553, -0.3793237846994201,1
0.1360970312844149, -0.2751355202822761,1
-0.01449125318256947, -0.5401949024489947,1
0.008449216427047018, -0.5190509558329821,1
0.0674101870001336, -0.3501812605209595,1
-0.011348125210826551, -0.6031343328125572,1
0.015053574814371999, -0.3859724065110466,1
-0.08019163743938512, 0.1317240774032663,1
-0.01308933372615475, -0.4252931285469583,1
0.02237674601951349, -0.3752992562152888,1
-0.011503088767400192, -0.5374087576237155,1
-0.015596071781241403, -0.6100346281901795,1
0.43397004268476946, -0.12821420998674352,1
0.32125384902256005, -0.08122011109093004,1
-0.021932220332878657, -0.3411392819426601,1
0.032613812907515395, -0.24915448980225616,1
0.008235477418358747, -0.5303850674833762,1
-0.2608360969309208, 0.1289519579544201,1
0.008240234339082499, -0.5303253305439416,1
0.38946607473107425, -0.059772932703988674,1
0.21193621450531894, -0.21744334051327782,1
0.2925432934342482, -0.07270475750349975,1
-0.027999497194800545, -0.3942441230435804,1
0.20866663984855846, -0.07407592501854215,1
0.04908235452750114, -0.31797518369892275,1
-0.015361349185160817, -0.4322110788230488,1
-0.06568083874946443, -0.4144686433335487,1
-0.013053938626925833, -0.42469845037816234,1
-0.06756344355516415, -0.5096168589052397,1
-0.2969342929210698, 0.08133146244839658,1
-0.05171163621297122, -0.5053540973201582,1
0.49521718354335686, 0.09577867044637933,1
0.06858911827935144, -0.28619326431960046,1
0.008467239591498144, -0.5207363700199903,1
-0.0966900656535105, -0.43543081051648436,1
0.057267308672268716, -0.36458111046365876,1
0.05785216412340811, -0.25911253220381825,1
0.09419618926314073, -0.1937991302345684,1
-0.060110692990279324, -0.48477491676647183,1
-0.039706883181268623, -0.3874887316063323,1
-0.05586844363818561, -0.3759676155003082,1
-0.020279730436780708, -0.4872893082055797,1
-0.013713428885460736, -0.5101236536077146,1
0.5720677334085278, -0.0937365960099365,1
-0.09207599737890068, -0.4562916226041967,1
0.09056087212625037, 0.01837906297862863,1
0.02484532972838827, -0.15569718452899867,1
0.16002098021509062, 0.1976347274313787,1
0.23967672585606967, -0.1953493909099824,1
0.4530607067978067, -0.0648875116756924,1
-0.03889483972903413, -0.5878333599879176,1
0.0593504712201363, -0.25432832569901737,1
0.04713804405668965, -0.37784523161486766,1
-0.037020123633759484, -0.4854600456619725,1
-0.007615861728063714, -0.4477272957179118,1
0.13393606379502448, -0.1769487204544279,1
0.02984289104672516, -0.35512399022993946,1
0.37822786420763865, -0.06049828425333331,1
-0.39810348038075455, -0.04397904037936353,1
-0.013482279637872413, -0.5263998952845468,1
-0.1650629467688337, 0.12465910927061734,1
0.05633338674020205, -0.3510951108839705,1
-0.0487528689659907, -0.5116667286085017,1
0.0542849006597118, -0.3616645488908874,1
-0.0459926407884784, -0.48847574838593094,1
-0.0339479963545848, -0.28323225802227286,1
0.3426403322122736, 0.26117772156808355,1
-0.00812827192431032, -0.4401290292298229,1
0.01741987873545801, -0.4111693741646521,1
-0.06888827510772892, -0.4784981842212902,1
0.03347828182225728, -0.23326197056806378,1
-0.02748440828739516, -0.5011953589392621,1
0.028027654784078707, -0.26386811358207507,1
0.05130642622360345, -0.3182654112600063,1
0.013141816858890914, -0.39262257087661084,1
-0.025354552068084756, -0.5354075289807937,1
0.0002885915071780563, -0.1936514727757842,1
-0.19471330763603206, 0.11434513821159069,1
0.008365739782800394, -0.3854015303552619,1
-0.022187890920159336, 0.25285983838368953,1
0.06237905779228537, -0.08965083761158595,1
-0.08254065550345886, -0.4394893236595514,1
-0.44677933559484934, 0.05537429590991463,1
-0.09402379829600738, -0.4451413180879569,1
0.01951146549984967, -0.15984937913311975,1
-0.10029248946742451, -0.4457995628195472,1
-0.006734956683751963, -0.44561269788226904,1
-0.020519527899243523, -0.33407584987032785,1
-0.28250222325425206, 0.18967133270728476,1
-0.017304392045893183, -0.5774598373396284,1
0.22217183557968093, -0.1543731792227104,1
0.04702595477147578, -0.4248206295081418,1
0.01532691844666332, -0.3882273959609469,1
-0.015211148662536911, -0.4313631787277045,1
-0.01697680205810829, -0.5543740881319374,1
0.3176236466425095, -0.09043487920049294,1
-0.08551525677275651, -0.5059408238245747,1
0.008358242781539028, -0.529428903141455,1
-0.02811508204735678, -0.2695977774120891,1
-0.045958163090352916, -0.41408354469835384,1
0.3200699999996512, -0.13606233262568895,1
0.14544631436905725, -0.16849204436211423,1
-0.01167682492277705, -0.45223581036056887,1
-0.09471662614257216, -0.44945207251637004,1
0.020493749999136394, -0.40285723691740716,1
0.21780514019349126, 0.18822642972859766,1
-0.4332111473190607, 0.07014711874450376,1
0.29532940951485787, -0.14717160730897955,1
-0.14847098039088485, 0.16113072021755132,1
0.01789412635618542, -0.38723350555767605,1
-0.06299479219119886, -0.440740230371641,1
0.08735671468233974, -0.33174932351597647,1
0.011805722098660917, -0.3823231412129922,1
0.18937883348653928, 0.0894698635444549,1
0.15717556591634252, -0.14012526151505256,1
0.07538219501341754, -0.3406990379596212,1
0.10144378790012608, -0.3339145943206839,1
0.008436713248557616, -0.3765665312154684,1
0.47555658285974817, -0.034916633791547275,1
0.46822352649191773, -0.0965327878728682,1
0.12865820053273924, 0.14688873044380288,1
-0.012504544449375017, -0.43090759186381355,1
-0.016707583791914653, -0.3736824645311996,1
0.4942408276762618, 0.0989789354880482,1
-0.06550227425740664, -0.5004147559962884,1
0.02816864635379984, -0.4107339656882061,1
0.028729303872905326, -0.24200854697157015,1
0.6186003716452924, -0.10613835035617161,1
0.12078793020333704, -0.22428929569179415,1
-0.2531344454197154, 0.11022864273078431,1
0.051831069532325, -0.3218130874888654,1
0.08132388088146089, -0.11494432444201307,1
0.07106732317921664, -0.3517847740391652,1
-0.042709612312441914, -0.488623188032681,1
0.03642210408742195, -0.1494514531406807,1
0.17255435019691737, 0.16128935006870707,1
-0.03358377763556087, -0.47551580347910394,1
-0.041528592535004516, -0.48524572807997,1
0.03442628632168735, -0.4428909821251332,1
0.008767735968187237, -0.24365624816567413,1
-0.30325887421640996, 0.20121899270836818,0
-0.3978203113479941, -0.07815101511106758,0
-0.1797148828962504, 0.1604809446207555,0
-0.3286227073505911, 0.15868992882923993,0
-0.26357729690372167, 0.05952163439362578,0
0.09807083216894874, 0.2723674485624782,0
-0.4012349276420441, 0.015896497124483353,0
-0.3795570981661492, 0.029044223573271664,0
-0.28935921290942623, 0.10019047585914818,0
0.044099712446243916, 0.21834942407821314,0
0.3931245959142458, 0.030319001053980155,0
-0.213162669951104, 0.12051047382361021,0
-0.3861371383365155, 0.02469358331065309,0
0.21732882072296955, 0.16008433916352802,0
-0.18272089341536285, 0.2361529613672105,0
0.0397077236373585, 0.17697239514463195,0
0.3416618113880971, 0.1613265882191974,0
0.34936283468887325, 0.0184176681452285,0
-0.1257738890173541, 0.10516718208431476,0
-0.19455065714216666, 0.235203254512524,0
-0.34849987336684274, 0.17334643731015523,0
0.30911111069953195, 0.18375441875673593,0
-0.21809415927893658, 0.15615846071380568,0
-0.3206454422453825, 0.16251741416451632,0
-0.06451282947422875, 0.061024628737415466,0
-0.11536452051872582, 0.12676507403088857,0
0.3940367344947769, 0.017534964468074243,0
0.6877791879697451, 0.0401725699326706,0
-0.2000531273342362, 0.10154633382212047,0
-0.2847874045504047, 0.0725517812963874,0
0.2976312844029567, 0.19938809376798447,0
0.35071154582500585, 0.013631637030242297,0
0.21836081296094378, 0.14308010022483633,0
0.34002830245200305, 0.20823607955804954,0
-0.12416384123223255, 0.23715425823962058,0
-0.365612799896252, 0.2167777731611686,0
-0.3032713230362141, 0.17689317218950648,0
-0.3088227965885769, 0.11628453500149909,0
-0.19083689533466341, 0.21522458042561154,0
-0.2603160175024897, 0.21148175749655027,0
-0.3043214740477677, 0.15336013992970823,0
-0.35115724788352803, 0.09536067983601561,0
-0.21404529261296343, 0.11915744368576738,0
0.012223022728928279, 0.24601904874789343,0
-0.11044102358130847, 0.16378184083561106,0
0.027947439237765354, 0.19719690472983942,0
0.2321553003782272, 0.18067066302703869,0
-0.3272782160336528, -0.20695166502231807,0
-0.4833153691687384, 0.04531044902610782,0
-0.08540562069094952, 0.22580103395747952,0
0.6515244232448375, 0.13946728463994684,0
0.20953499336760187, 0.2696840424782947,0
0.2787732565569285, 0.2115247066170213,0
-0.38396580053297974, 0.02669397456919147,0
-0.10181670830676884, 0.3387373215475444,0
-0.3109708212941772, 0.09240355636532786,0
-0.38616934503711, -0.0018788067091373524,0
-0.30718429513726553, -0.2010547829497326,0
0.442629041450265, 0.2437924634320123,0
-0.35516917315229485, -0.06344022692894086,0
0.188431888675857, 0.11644604708835543,0
-0.015144085740345542, 0.10892851010982918,0
-0.4067332963717379, 0.10560910707753056,0
-0.28858038972518957, 0.24773375726127234,0
0.40653389960422365, 0.228298659565146,0
-0.08628310783216159, 0.11396864131375604,0
-0.2847285925035639, 0.14199971036187595,0
0.10356189418569983, 0.23635927174581003,0
-0.3367351347496664, 0.16840069852160694,0
-0.3374325198967212, -0.1783657659087599,0
0.5430193025673347, 0.047027932493675303,0
-0.37773815949994294, 0.02806675936944247,0
0.6398950073380728, 0.1517589558360499,0
0.21830648912552292, 0.12132802029884746,0
-0.03417946665231454, 0.2795046452650429,0
0.14370291313921582, 0.11941669293409053,0
-0.2237311725176268, 0.2668820278660307,0
-0.3358969129000367, -0.025188437512767555,0
-0.3709143595873977, 0.1723381012375958,0
-0.17392566876461205, 0.16533467055144263,0
0.31070442869384246, 0.1657691351460235,0
0.052666891423661336, 0.06642191804842389,0
-0.3024556385648495, 0.13308718264197394,0
-0.33140390788759344, 0.1977715053874264,0
-0.3441085629579787, -0.17587890066054945,0
-0.04415640868420674, 0.24427595205736716,0
-0.3488930099763793, -0.21623517586297278,0
0.20928443118054976, 0.133682600032559,0
0.6880569704198365, 0.04320131481744691,0
0.6946887773838468, 0.07229588369739569,0
0.3453647644259108, 0.029032029233610233,0
0.5553979555425971, 0.19372843770838935,0
0.16232326925260349, 0.29016295324684044,0
-0.34464664962882047, 0.15746560845801943,0
0.36457676200153644, 0.10492484090910284,0
-0.34586276778244524, 0.13400004575622967,0
-0.01161730639539761, 0.2213388689741067,0
0.17235845076440084, 0.141936793599811,0
-0.023837109487609177, 0.09605003210611991,0
-0.017277084106670292, 0.11880284295966095,0
0.6711425942869518, 0.08418024179028823,0
0.15592202685251821, 0.19551331077136436,0
0.36100299041471146, 0.11166956111124259,0
0.1862424219901354, 0.12010452685766539,0
-0.37291469537816796, -0.019903967556747323,0
0.061735124000993354, 0.18865867147175489,0
-0.03731849017973606, 0.08424558146062673,0
-0.3207124197428816, 0.09160181311739701,0
0.3170000426051843, 0.2607093362431294,0
-0.08008066048950739, 0.19089576147026757,0
-0.24096580128138143, 0.07341893235499053,0
0.14313055395582916, 0.20284638802523333,0
0.3211669822905418, 0.19492657954667647,0
-0.32659563224405985, -0.1691369288397108,0
-0.2768389174218549, 0.13986295796354417,0
-0.4258532385952418, -0.0019320634560596333,0
-0.13179074938049726, 0.08665735560013675,0
-0.1459023166282558, 0.2559633333038739,0
0.047654142640070306, 0.31236876863758734,0
0.008019036332639845, 0.24199381644072396,0
0.57607693935475, 0.03861762689856692,0
0.14270136326321503, 0.12216592904055434,0
0.4556293919951485, 0.07673967897923689,0
0.19277445604106896, 0.1437749527765828,0
0.00729009771874754, 0.055872724574187585,0
0.6555796725224432, 0.07520939415262994,0
-0.30818693429935, 0.19932440059149073,0
0.2774044728227744, 0.20598956376144223,0
-0.19752796933605488, 0.12679737379226605,0
-0.11377315049215488, 0.14902038943692383,0
0.6787336057421003, 0.030891135367520972,0
0.1365541282532913, 0.17625673902620392,0
0.09883377712170671, 0.24712550148554563,0
-0.25736666880763615, 0.15965820211986081,0
0.6984265156557551, 0.09834883337430951,0
-0.23264570085474606, 0.17643933664087694,0
-0.350978116551831, 0.18850848957260086,0
-0.358367296253491, 0.0311503431374047,0
-0.4100291041721818, -0.0016908074007613231,0
0.3256240091415269, 0.017987588762644054,0
-0.36661052126303006, 0.09580407353396313,0
-0.32225763747737185, 0.05314979007014053,0
-0.055439856301331567, 0.07753808871991553,0
0.28889181926514396, 0.12941034201265458,0
-0.31918235000993467, 0.12223470846144986,0
-0.22624172058323017, 0.2439629815941487,0
-0.06184630450905071, 0.13990612641697064,0
-0.34074057849542, 0.042048721700845115,0
-0.14441208272000255, 0.07624541470703151,0
-0.3687012261470155, 0.2820094700943764,0
-0.22304895123939997, 0.24534472518697278,0
-0.03373354488960868, 0.30553894505526596,0
0.683446165506527, 0.03787379639916091,0
-0.2488657810954192, 0.08373590957976138,0
-0.005223902303172745, 0.11384384096038357,0
0.22180484656817787, 0.1354315783821441,0
-0.21191439406340057, 0.1323223692440781,0
0.2347375211473632, 0.1657975047847133,0
-0.3035967791202318, -0.21239087063227174,0
-0.023837109487609143, 0.09605003210611984,0
0.22056675276690785, 0.22314819831414032,0
-0.14749632203528984, 0.16835706286352903,0
-0.23790743341402032, 0.15677847825972585,0
-0.37172695250290816, 0.06843594414059052,0
0.13926962419851283, 0.050803656371833254,0
0.6651460871161099, 0.00707176921713702,0
0.537648409375971, 0.0013779985716948324,0
-0.34267097784271383, 0.18962378952812559,0
0.18276016083459617, 0.21043659789475427,0
0.17804228669636946, 0.2928358134098689,0
-0.36819834756960856, 0.001580722161731482,0
0.08565413576002155, 0.19048907491646114,0
-0.3717966710709755, 0.033577361174192175,0
-0.09467627940623242, 0.2661133231312086,0
-0.3121934333029409, 0.07022761268876358,0
-0.41891634630529173, -0.002063596902636965,0
-0.31640938896870635, 0.055680430810953474,0
0.36251510642496654, 0.026381380381172936,0
-0.22592370363771702, 0.1059273331288116,0
-0.11369106051438245, 0.18332038644115717,0
0.18075103918213092, 0.3276633905689741,0
-0.35227529696726045, 0.1019402782562903,0
0.025418126404880084, 0.12902366221189712,0
-0.1892753679785568, 0.28025896679116996,0
-0.030488536283783615, 0.1519952667431849,0
0.4617974995585857, 0.22143428383714797,0
-0.02984245248039973, 0.19353300090746947,0
0.039770591663370033, 0.05776891913696277,0
0.023384040389621052, 0.24275017965043413,0
-0.3687985839526785, 0.019828872836336765,0
0.7093418115051336, 0.026568398109797196,0
-0.12436805265740344, 0.17660122066574718,0
0.12979428648773206, 0.18716591519165973,0
0.15691781501927207, 0.22856568879611314,0
0.10435664740418685, 0.19016074777388567,0
-0.3793760659315468, -0.011100935265513721,0
-0.30060395718692234, 0.10529453869704694,0
0.644796416712887, 0.026937131757247476,0
0.11333026368759162, 0.18273180789028315,0
-0.4012728187503749, 0.04158251267128085,0
-0.19186745910257563, 0.17662866841216185,0
0.16472644257065355, 0.12145719192111465,0
-0.02189322033186838, 0.18386341610856985,0
-0.3237750691548949, 0.1315525688475934,0
0.5235020526953679, 0.06974993809277547,0
-0.3356089336269477, 0.05556078999157078,0
0.6522183889292015, 0.027176251381040475,0
-0.39813662114060083, 0.10884655159298294,0
0.027947439237765312, 0.19719690472983917,0
0.0481825192887624, 0.32718732705182957,0
0.2816059801261908, 0.2639426622826798,0
-0.062141968054223146, 0.18310356606466036,0
-0.2608288580650793, 0.06756513634456907,0
-0.4108724278513219, 0.008364902590533524,0
-0.3556767597147717, -0.11803934679190796,0
-0.14285611186881023, 0.18044968338707706,0
0.685731317005818, 0.1709532332012745,0
0.24252094791465348, 0.19737548875003294,0
-0.36003743371171065, 0.03581235245728148,0
-0.3437696936846687, 0.11680881012368846,0
0.14165091761731677, 0.2372132033405248,0
0.1031409485835265, 0.1226232636092191,0
0.6214291292456163, 0.04353029282654655,0
0.020886555599385497, 0.06093105033821386,0
-0.2459866946572245, 0.19396928580255957,0
0.6406250156494087, 0.17873964863959052,0
0.009132822183496732, 0.3051680490704823,0
-0.2134077333620353, 0.2967902873984902,0
-0.33679480819666263, 0.02323225284060593,0
-0.41974149704883323, 0.11892702889041637,0
-0.1497770674998956, 0.2145959138799006,0
0.06729521258747113, 0.22593809655463623,0
-0.01550613940749295, 0.06394583284261768,0
0.2355379836041085, 0.20067916339479644,0
-0.00974363716829214, 0.22421252441901354,0
-0.14141117576713236, 0.15178493707310764,0
-0.3866565099885496, 0.24299949242910326,0
-0.3752099591760409, 0.020185015510248386,0
-0.2371742488184884, 0.1468466418703693,0
-0.2696262631924839, 0.1494642833115171,0
-0.3010622024679214, 0.14928441906270032,0
0.5986866875207103, 0.08317134259713889,0
-0.24732945605091983, 0.13446850326697132,0
-0.10628113943805698, 0.28345030206562316,0
-0.1676702852534051, 0.19735799029941664,0
0.1966422108402924, 0.12151956397622572,0
0.23598052857302285, 0.27897724781111155,0
0.5319025485444089, 0.18522720228017478,0
-0.26507742788839483, 0.19561883866043941,0
-0.09379953125837953, 0.26830599634441193,0
-0.33091467597542934, -0.2088863018449761,0
-0.39492490779238, 0.08011875276671411,0
-0.31727054665696186, 0.028189162735228517,0
-0.3275935902969832, 0.19160212483241584,0
-0.30195761598565596, 0.21133268971565078,0
0.00039133693099009827, 0.13970272590822191,0
-0.07434402662885643, 0.2367997784192941,0
-0.11732553285111666, 0.3238785277046025,0
0.04483453814944554, 0.25531019898723184,0
0.7022430741102901, 0.17605806878179384,0
-0.3813413499081559, 0.07424189137181332,0
0.4087490570073208, 0.1506288834050104,0
0.002984119437975066, 0.08854368320976205,0
-0.34326773789951803, 0.08924105663432157,0
-0.33724382911218115, -0.20169016614955373,0
0.06611883303627542, 0.17598628790377654,0
-0.3827977303708921, 0.022328680197366026,0
0.0946156074333586, 0.09416232678739928,0
-0.4495836029058723, 0.08614911967985363,0
0.6941592357958888, 0.03715009914104411,0
0.5122803260241845, 0.10979167868338095,0
-0.15234568502798737, 0.016931033394000122,0
0.2859578186312493, 0.035740272773633175,0
0.5744968524756331, 0.16541190775987438,0
-0.22120736356277035, 0.1416211168603731,0
-0.2364623346926873, 0.13666348399851067,0
0.32625368976468405, 0.1829048607398463,0
-0.3113019899647, 0.09855511741370432,0
0.03936457149794009, 0.24898402379424844,0
-0.352302162549677, 0.10138908988568106,0
0.5736774805542401, 0.26658688943327263,0
0.20773380567227173, 0.17361726392837526,0
-0.2538140971999423, 0.11011280593822421,0
0.190807208505444, 0.1102679573631206,0
-0.32655003240641817, 0.19384307013412913,0
-0.3687829298757185, 0.1849689804541545,0
-0.0949171268506501, 0.2531297647635478,0
-0.3431169462646564, 0.15572413666307214,0
-0.29881329557491937, 0.22481673469577637,0
0.6875723228580111, 0.040589803818585395,0
0.709027007270878, 0.12019085891537945,0
0.6510742921131871, 0.15590342235478016,0
0.35602594082994193, 0.10786841623430624,0
0.4367611951306071, 0.061966265412051046,0
0.3525988815864505, 0.12414923273239613,0
0.21719457547526527, 0.13517717144558686,0
0.20311455432362494, 0.2996679902380745,0
-0.3686655493087825, 0.09518577856622558,0
0.34453219231949833, 0.18817751621494877,0
-0.10723142390460434, 0.12702600437943393,0
-0.03261457641345977, 0.10444367776008996,0
-0.41749225286754044, 0.004592485239703102,0
-0.32236277077963854, 0.116915992652157,0
0.2242737331516804, 0.14455834043309754,0
0.40838586774428126, 0.1911770699078806,0
0.06736625468792441, 0.22507451813393659,0
-0.22085910769857414, 0.2837932765788579,0
0.4596277865574487, 0.2548733882352992,0
0.04776172384396293, 0.24287465584069154,0
-0.2074371470261843, 0.16669389173523733,0
-0.18278605063026923, 0.3076951938739191,0
0.1321569302587721, 0.23850387095170644,0
0.17098588418846672, 0.19483250400738641,0
0.1695497259026815, 0.2810246772403443,0
0.2185122335117445, 0.14788612918601726,0
-0.2786566714401285, 0.08957993167378045,0
-0.28838434132873536, 0.08720869363558502,0
0.5034115339408209, -0.01135092773768278,0
-0.09490804212944774, 0.14240795276301454,0
-0.3532606174729184, 0.033695125972476564,0
-0.06301793506523473, 0.23857638325758196,0
-0.2620501636552534, 0.11665455740853295,0
-0.35245304845325337, 0.05338820336176252,0
0.5351228477272588, 0.13294934232922026,0
-0.25106737297899695, 0.06575426802538827,0
0.28383918487438864, 0.25538731943330417,0
0.16028503782135856, 0.22771833026758057,0
0.025127012800100382, 0.07434309150404819,0
-0.26958983095529354, 0.24500547864785524,0
0.6252861098257878, 0.1612771053269242,0
-0.2930158265458983, 0.08574179151628505,0
0.20072741568819705, 0.2440951059454797,0
-0.3939442089256059, 0.0862989802754436,0
-0.3404063940150263, 0.13109496950600408,0
-0.13254854299944951, 0.2228849281570647,0
-0.3172051565400254, 0.1367183132402909,0
-0.06605665277386664, 0.05128326014310784,0
0.4470036348524973, 0.28055116092106425,0
-0.3286395413226175, 0.10085880913840842,0
-0.039271473506688234, 0.19929312024470192,0
-0.1510886309796791, 0.2837259870069515,0
-0.11436287337204636, 0.22307384927226426,0
-0.0643527771159143, 0.05710793699883731,0
-0.31744356439433863, 0.18062325139314694,0
-0.352300190676413, 0.09568157880237162,0
0.08182714100755369, 0.10915892322975768,0
-0.38116502538239966, 0.07234075455993315,0
-0.30398463709662993, -0.19263419610834695,0
-0.3734496981279536, -0.1428008820762723,0
-0.3435654471063205, -0.12235038240219934,0
-0.31339886852877186, 0.043762301911239206,0
0.07291912927146396, 0.1626984901237654,0
0.23999598243934087, 0.027340325751635777,0
0.564690192792349, 0.06775471003508854,0
0.13651676678994487, 0.22699444600448368,0
0.6197853259232886, 0.08334304652891386,0
-0.3423927849264761, 0.07983607643772196,0
-0.003314546302890057, 0.20295142871339347,0
0.5409907084212421, 0.12099740977906351,0
-0.11583714225151517, 0.20869547993756826,0
0.34052549317050673, 0.16807515816006607,0
-0.34317612877942655, 0.09847239647805812,0
-0.24397425405944728, 0.18413192177130894,0
-0.29481833331588153, 0.09799639737188216,0
-0.21107100023820743, 0.214726883317625,0
0.14650853091723492, 0.11204503889788213,0
-0.46350112488905904, 0.041189641187430445,0
0.024503530219629865, 0.25011201720102494,0
-0.25828780144540336, 0.02415374109659967,0
-0.32343378401301354, 0.07369650470860373,0
-0.007352970803871323, 0.31877817468127795,0
0.09709341583371633, 0.23215166006808372,0
0.6815659729271158, 0.0420721620569926,0
0.10510008151267886, 0.14037094109910858,0
-0.38251778709893597, 0.0012603063718279754,0
-0.3451006074094895, 0.05395973990260954,0
-0.039618360494321526, 0.2922465078801895,0
-0.33974233734402204, 0.21148106489079257,0
0.23996528564878672, 0.26723841850999147,0
-0.16091600577803916, 0.2534392611140461,0
0.1913544142114202, 0.24830753310349857,0
0.3617838263036156, 0.02793165153592798,0
0.6551671834467446, 0.0575861395908559,0
-0.5054618798472753, 0.09458801147422248,0
0.18484894449424236, 0.057468427064924145,0
0.18695642989055036, 0.14536599846000653,0
-0.4458715001439078, -0.009488328169281409,0
-0.30456650158477977, 0.16326833833688958,0
-0.39259217500034793, 0.0989212778938354,0
-0.1542141566102618, 0.15178278638613488,0
-0.3811654202476422, 0.025820755656371923,0
0.1159985707567059, 0.19932380175465464,0
-0.01834799653525089, 0.16668409442162743,0
-0.35421842527912034, -0.04304706869343793,0
-0.1380125717754678, 0.2618175878292474,0
0.2613645787374697, 0.2694039351574045,0
-0.2593891013789442, 0.18591094779257467,0
-0.034630998763124976, 0.2108257684634032,0
-0.19216619246874242, 0.17271980875672624,0
-0.24086103819901813, 0.19348238997074707,0
-0.37974131820153745, 0.03643138518706111,0
-0.006455939130922644, 0.32744286816450735,0
-0.01341565747641951, 0.2025457613047055,0
-0.21559624978459677, 0.15009000648928986,0
-0.3282307195422475, 0.053421141382467424,0
0.24420918550342305, 0.2898751827532602,0
-0.364971979746726, -0.02904365508038753,0
0.14186184023631487, 0.17740645570111344,0
-0.3352967970017481, -0.06359005514151854,0
-0.32858873868388533, -0.012573359333678338,0
-0.3195960390654914, -0.19417014465422464,0
-0.2516430029668606, 0.20694316958034073,0
0.07717198347383375, 0.07371928953180312,0
-0.0495323413882952, 0.31315770176180135,0
-0.23979436193772702, 0.02123726809546524,0
-0.21336514405380835, 0.0868460957931281,0
0.27306800822871374, 0.03359592040058727,0
0.5006729408299465, 0.23198879977513165,0
0.2131786338559748, -0.03977506438314778,0
-0.37787770051382574, 0.010273164533208196,0
-0.36067172079867404, 0.020689529808746526,0
0.22225417592382646, 0.3043167973504864,0
-0.1188005637265996, 0.08673425333351746,0
0.2484898151362594, 0.24731171980695787,0
0.23997511798067023, 0.008133957999646491,0
-0.07090202703926807, 0.0772387890569218,0
0.14803125555077296, 0.0029597929629685024,0
0.7022250906303734, 0.11833547445011221,0
-0.15100580168886854, 0.16177772016048086,0
0.06173512400099333, 0.1886586714717548,0
-0.38510381663622373, -0.09093266745941496,0
-0.04965499588854524, 0.12901777483990898,0
-0.3013944719500484, 0.18369306672516159,0
0.20910134532902067, 0.13600956759852997,0
-0.022555581128725067, 0.29643428666299027,0
-0.23924323776708728, 0.14826857420861858,0
-0.31541011157331583, -0.04995890808155776,0
-0.09459665359573492, 0.32167552584760983,0
-0.31803228821429763, 0.21502989467634226,0
-0.07780338074653131, 0.16793159793704107,0
-0.41964280627886863, 0.029557609170972134,0
0.45117067816006756, 0.037935917796187615,0
0.1109994194455133, 0.1086601140831061,0
-0.141384757796616, 0.11049124274479731,0
0.0279474392377654, 0.19719690472983936,0
-0.26730146163882607, 0.17518200184864585,0
0.1362323203352656, 0.10723161812259407,0
-0.015963255323243247, 0.0693839377283027,0
0.056558694260232356, 0.18599734801287443,0
-0.3242597107172375, 0.2079359409733926,0
0.26388141038759294, 0.1938363589041811,0
0.11792486867983107, 0.06965572077986826,0
-0.014672374826116717, 0.1896195882627266,0
0.6800294997843118, 0.16588054451188547,0
-0.15015701841300527, 0.19280560839230235,0
-0.14560347777895294, 0.17359629154927686,0
0.6669953786632399, 0.08431719846347756,0
0.25832205515916234, -0.02974439978067667,0
0.4174484077378984, 0.03759219559228563,0
0.6055354959455104, 0.14114279348056474,0
-0.14631883162960668, 0.14077233178816403,0
-0.3482742895139265, 0.16690694395742586,0
-0.28686899507854247, 0.10039854804513655,0
-0.293067241086852, 0.09698448617146121,0
-0.020145228238117353, 0.22968823564790009,0
-0.33953797779492406, 0.079328797454551,0
-0.26851248045389364, 0.05239035093060618,0
-0.44462043202441426, 0.12239149892925046,0
0.28715895090913857, 0.1595070783511195,0
-0.2509717833328523, 0.038933884509646105,0
-0.17575715250419363, 0.12098159981827368,0
-0.3383962541672515, 0.12378421807989569,0
0.09947930349922465, 0.18634239720333254,0
0.1924503634621456, 0.17247516921520106,0
-0.3754376849077335, 0.1541448206454373,0
-0.0315815105519734, 0.22274960751658354,0
0.01950287620272566, 0.14065846626137468,0
0.1506388962873622, 0.18921500172823802,0
-0.25444476350772927, 0.1728510867040254,0
0.26472883920900175, 0.08081087908249905,0
0.16913690511978152, 0.30920400756383765,0
0.00654773280365577, 0.23434209151086466,0
0.1310404323843096, 0.21587192746481038,0
-0.45244102119643176, 0.13175102393313085,0
0.4016966954977473, 0.013548316836734782,0
0.1335552793923143, 0.28429381946947846,0
0.0414481024759915, 0.0703413012278464,0
-0.4077330197886235, -0.02187492920024137,0
0.0794539255605876, 0.1800395948105875,0
-0.1100169344266071, 0.23065223313056826,0
-0.14543374827544409, 0.1881508721028488,0
0.2386140325119671, 0.21999511197294852,0
-0.2768288691798797, 0.14491167798668042,0
-0.32115483691799146, -0.21301378016132344,0
-0.31685017602780363, -0.22048547659512158,0
0.39330462179109466, 0.22894825805944757,0
-0.3434881009759315, -0.21879982863325456,0
-0.07401130234614568, 0.1457284580207821,0
0.06551935337009014, 0.17165824587125392,0
-0.3005856883511595, 0.2279447224713267,0
0.5217663157958609, 0.18567257814969895,0
-0.20027115571540635, -0.0837081217166772,0
0.10554392280801497, 0.07116176313694286,0
-0.13765241165660672, 0.15897886200883188,0
0.201053046881467, 0.06630882294147322,0
-0.18683204653376054, 0.1612931828782243,0
-0.2104830039576688, 0.1631668214515449,0
0.24062488561162393, 0.2602659026145322,0
0.20688371938321587, 0.19708609043573477,0
-0.30965827386835026, 0.18752594353239446,0
0.5486360869196861, 0.020607193934890577,0
0.1458440097050728, 0.1869853241740071,0
0.47982423789027123, 0.09269810142577699,0
-0.34166944016009604, 0.10874620851089713,0
-0.3668397910431519, 0.1792684725870921,0
-0.3168685774121701, 0.016632020578991474,0
0.2499226868925406, 0.1967852180427263,0
0.6271410468405728, 0.05340008334047417,0
-0.04509292468858761, 0.3261244862871775,0
-0.36748877630967147, -0.19501846319642377,0
0.22044278731230982, 0.11477699335409897,0
-0.3196336388849047, 0.12993871236778712,0
0.02776647443603272, 0.1583640399943693,0
-0.01778007738364773, 0.1859382500584343,0
0.06557235036542251, 0.2048934529482109,0
0.38463948346964427, 0.006899970314789525,0
0.6406250156494087, 0.17873964863959052,0
0.20176986405310238, 0.1163431753996487,0
-0.27940519361637783, 0.24359329502504526,0
0.5161991452043567, 0.18918864904354785,0
0.44588261184096223, 0.1730685886476429,0
-0.3046850958044433, 0.24705925517389088,0
-0.12361794451634632, 0.17505728178693236,0
-0.24640491289237276, 0.18613738133077742,0
-0.1539320780097166, 0.12071054638687914,0
-0.3330387416239793, -0.2144571267983288,0
-0.015700855538939008, 0.1796522406521305,0
-0.35838179068083775, 0.07118022423808847,0
-0.12673518311645776, 0.23282460454636442,0
-0.23544775690151123, 0.2916530149862201,0
0.20007138484478368, 0.15663544967632,0
-0.05621400841186702, 0.2073200283272257,0
-0.3210185851562695, -0.043257920350200374,0
0.503590318499434, 0.15558585796594612,0
-0.08818722787224868, 0.2958619117106112,0
-0.1915113246785572, 0.27427181089147434,0
0.05181018061213864, 0.21371262035024738,0
0.06216780222744782, 0.1985538916487219,0
-0.32103845138844067, 0.11406573857311157,0
-0.1189600540790374, 0.18502181078929508,0
0.5068500615196545, 0.10275801367804421,0
0.3838631238404685, 0.1523377395573688,0
-0.12696810926816382, 0.18082845222799998,0
0.00500588455350635, 0.14000169105525145,0
-0.11827921224673131, 0.12580900625878735,0
-0.19608439425305435, 0.15980224563855158,0
-0.07672689197333168, 0.20730243067272103,0
-0.13772248864567155, 0.1662469880815923,0
-0.145636684714481, 0.1653847692536699,0
-0.04624407823123186, 0.295176311094336,0
-0.11768297442509736, 0.1536209188501224,0
-0.3485403226758987, 0.02668789621289406,0
-0.11330866010915243, 0.052842331385752894,0
0.6859669083034778, 0.022302078370321898,0
-0.2154500098927962, 0.11077326885079046,0
0.05717300198941311, 0.1775071986980305,0
-0.28198776404116493, 0.0723656695229995,0
0.05709337302379955, 0.13942852473002806,0
-0.4518924276133031, 0.1329202186392676,0
0.37867372502412616, 0.04311309472046941,0
0.6138943572222259, 0.1496863646139158,0
-0.3682809500357953, 0.10456480924697001,0
-0.15966980759075455, 0.1623501640530357,0
0.17595940694624165, 0.09865205393710726,0
-0.086795534713963, 0.12857468353862733,0
0.08081572387256389, 0.06357544734003771,0
-0.0362322194829747, 0.10029595640190457,0
-0.08533569790588227, 0.3069198370175302,0
0.1314160616674034, 0.23580645569509318,0
-0.009987891486580499, 0.11249708306676807,0
-0.2661324589517139, 0.1980758796073035,0
-0.3141453498186185, 0.11894921611109024,0
-0.06887955250799363, 0.195171302448531,0
0.5907450686454525, 0.0903586008346719,0
-0.3957787411992686, 0.1394206753556311,0
-0.1514851976644544, 0.18873149905657857,0
-0.20748385451044127, 0.3385906424708997,0
-0.39422507390473815, 0.03788238351176965,0
0.1445453375987996, 0.2139006179303213,0
0.5255201872616718, 0.232147701730373,0
-0.4057822481851419, 0.0046771964416696815,0
0.6625725022234705, 0.04662593639077523,0
-0.3343550598119097, 0.0632497748961706,0
-0.25670732598264334, -0.014523728613502339,0
-0.38105594099539863, 0.09444453438655527,0
-0.3247502085149646, 0.16362389178058756,0
-0.3746674039294769, 0.02222355082522115,0
-0.2561220915544022, 0.14836724869774243,0
0.21642472885359554, 0.25691329333790175,0
-0.24773388451744507, 0.12192331826063031,0
-0.47067970318956603, 0.016966805197436433,0
-0.06460787789530953, 0.20960947695343968,0
-0.33645107054705037, 0.1833079317615966,0
0.3467621209346195, 0.035390304686200684,0
-0.4109232362397416, 0.10120990318852019,0
-0.12157273235113027, 0.19248359091027312,0
0.6873801457791877, -0.0016105030886437053,0
0.6564170461453677, 0.04327612952397911,0
0.1789118783609851, 0.19689428476513698,0
-0.37474499893845975, 0.20371154501019292,0
0.23790117744445877, 0.24290614158181292,0
-0.1571575525543979, 0.23966476238224782,0
0.09554816209861652, 0.3351462663501357,0
0.20105304688146686, 0.06630882294147318,0
0.67542166908126, 0.00010631686998629541,0
0.20787687216869508, 0.20122960739885334,0
-0.1821093182389918, 0.2046856896121011,0
-0.29105125880578414, 0.03124947231633937,0
0.6042075318386564, 0.11022619442740919,0
-0.18493676538836412, 0.12566752053315733,0
0.1861762046976787, 0.30224723306663526,0
-0.34387068589170344, 0.16042347499950096,0
-0.32417268536812843, 0.10977844519608045,0
0.1717568023515551, 0.2788520625563148,0
-0.331851615925954, -0.20345514765893782,0
-0.0518023743363059, 0.07416407057159367,0
-0.22113394786368776, 0.168597201322643,0
0.0628229644108917, 0.29718747543070057,0
-0.025988965220049273, 0.1774837471393893,0
0.6865850724905144, 0.026446503875278807,0
-0.27167808270670935, 0.039056388901355606,0
0.5890634373323791, 0.05551178541813959,0
0.3709600578996685, 0.024305486833291895,0
0.10985451177009964, 0.2158308052646066,0
-0.12027846037611438, 0.2847525640589533,0
0.09222485228837692, 0.1909420501392241,0
-0.24099910747900677, 0.1380726944533216,0
0.7093232379783883, 0.09745732398865514,0
-0.10781895294668957, 0.19116212698343896,0
-0.014373476032751197, 0.11871581767339259,0
-0.3108013558605741, 0.10022706168198747,0
0.08806563435857408, 0.23302660474485404,0
-0.2828418820160551, 0.04112138429428764,0
-0.35547804870631805, -0.09911697240119416,0
-0.15737762181214293, 0.18168352807475527,0
0.6855632813148295, 0.09324719006209674,0
-0.4246316874236336, 0.057948312977033956,0
-0.33350096494417125, -0.030087732003377485,0
0.14677176120782545, 0.13869549342872628,0
-0.37912953272768496, -0.01300411976988913,0
0.5412147568603026, 0.057102007799812934,0
-0.193669077584621, 0.2720561527269875,0
0.12315762919597475, 0.2050151086121645,0
-0.02598056585924558, 0.11436803268549722,0
-0.23542563215805334, 0.1167776272787307,0
0.08138933387671494, 0.26911741516979765,0
-0.30657404116913833, 0.18967263904947698,0
-0.14672925859955793, 0.1821088136148036,0
-0.25296128761489595, 0.14029707575434203,0
0.007537771494858865, 0.16646882507374258,0
0.2515026753452286, 0.21916512863789378,0
-0.3319970092212276, 0.1719735868675199,0
-0.22368012395853004, 0.2804093909916927,0
-0.31684095789146627, 0.08393611923436047,0
0.13514732011139027, 0.2120372175225796,0
-0.1917857205501889, 0.14377298116868123,0
-0.38816239225395427, 0.13622137621853367,0
-0.2909841637942649, 0.14257616533984457,0
0.20839365745584773, 0.14662208496404974,0
-0.32887651398020074, 0.21124821912787112,0
-0.005448428060246483, 0.24104046416348868,0
0.6610173276238656, 0.04354025966126136,0
-0.3075770605215253, 0.07363467021302154,0
-0.3238225785264603, 0.06484103598496352,0
0.07239668279639988, 0.22425045717193995,0
0.6414543787639863, -0.018006262102574652,0
0.6761522116312831, 0.10874489658649912,0
0.06173512400099333, 0.1886586714717548,0
-0.3992026204960506, -0.051286303292875035,0
0.03611085946016418, 0.12186052604058165,0
0.16401767719942556, 0.19427412557323057,0
-0.32211366347104825, 0.2076122076501241,0
0.010503381746496957, 0.22922810223253492,0
0.5663892043518362, 0.2450022341325285,0
0.7047643118367742, 0.024042122883232184,0
-0.015951116095340598, 0.32057911551210744,0
0.2300731332211897, 0.24742172422126404,0
-0.3901887621498015, -0.01992627902731689,0
-0.2218321695646934, 0.01101610233723137,0
0.18616441759575378, 0.15689001173239372,0
-0.3158267844077633, 0.11194643546237663,0
-0.05261273954197739, 0.30174205828049383,0
-0.2706536418183738, 0.21525388160426892,0
0.3073994179237547, 0.037499128969544784,0
-0.3412075430715648, -0.20056487892507235,0
-0.08974204704101578, 0.11110858885507946,0
-0.2365077728697263, 0.15355509151712815,0
0.028562895279667593, 0.2255090376844355,0
-0.4146747212179828, 0.04000361423180984,0
-0.40213828727743445, 0.1142970402358877,0
-0.2954115146904778, 0.1912392195982302,0
-0.257367921550164, 0.1688582518207889,0
-0.3404116198768761, 0.1582774100262237,0
0.022625727626692106, 0.19401178506738675,0
-0.26347642339972077, 0.10002444040990874,0
-0.4030505575189004, 0.10164453317272128,0
0.031998377498260136, 0.24481509129687218,0
0.08747333209466202, 0.15411082659762623,0
-0.3532937893920678, 0.04816533864109645,0
-0.1887346385941767, 0.23724026037094137,0
-0.31027147861242244, 0.05356748400418577,0
0.5434577841051529, 0.1659021551575959,0
-0.3143765392411969, 0.1738482085497882,0
-0.3332214254308953, 0.16336826464740714,0
0.3736218028501259, 0.1736921292995816,0
-0.3275679524352344, 0.17850699613100804,0
-0.3316516602406586, 0.03376322961396698,0
0.13704893381976577, 0.23825749774226193,0
-0.4834732561671841, 0.025711740389086694,0
-0.18873463859417658, 0.23724026037094162,0
-0.4092929346972966, 0.10295718915743937,0
0.21456778884194264, 0.24667025449497554,0
0.2723094885356035, 0.1873858323180278,0
0.19490460374586482, 0.3107011192478319,0
-0.037624030725999846, 0.17913207971283435,0
0.5964603540461023, 0.01083693994992986,0
-0.023837109487609132, 0.09605003210611986,0
-0.19605217563917948, 0.2190684249274733,0
-0.04213928094678862, 0.26001907028681037,0
0.4469229329490742, 0.26667252348314485,0
0.18477915929577232, 0.2531673724369899,0
-0.36863850722987457, 0.17894248564510523,0
-0.4088127335174901, 0.04797237029667709,0
0.30853676821911735, 0.15422090880684677,0
0.28675596076769067, 0.24377580335965063,0
0.36374839827230127, 0.10991273846283595,0
0.5462577135651107, -0.14979811999209397,0
-0.3746457575665686, -0.07037149771228557,0
0.22149519572322238, 0.1494273932514524,0
-0.13541929073997158, 0.18536064251034656,0
0.5171120389212831, 0.15376126237089502,0
0.0902104770898913, 0.08657694386810488,0
0.0910052179809217, 0.2561108108368955,0
-0.39243081294125043, -0.12493809695858198,0
0.08839234748933214, 0.2168546157736137,0
-0.19039904800994684, 0.1782103439925698,0
-0.36620085680045567, 0.03366347452949105,0
0.13374405426248054, 0.18332245060976612,0
0.6567016630637137, 0.03927964125742766,0
0.109663671934647, 0.23170116862571974,0
0.6612666039778056, 0.07989031418937635,0
-0.3803097411756413, 0.03812138020772646,0
-0.4185888078062551, 0.038150988187813414,0
-0.2542590409650013, 0.2100477716867395,0
-0.18780788295144754, 0.15683463917570734,0
0.18183832708439165, 0.053893465457215,0
0.13158038689020513, 0.1856936819201347,0
0.34477487621638836, 0.10014323874023523,0
-0.25181470172229636, 0.17633045312616832,0
0.125635815257781, 0.18785034040643872,0
0.3613085736940497, 0.03187354892070373,0
0.05807004541602492, 0.16278548605150528,0
0.2551124277262714, 0.16697915353780585,0
0.21670779724965167, 0.1843266569833046,0
-0.10981716563077794, 0.17284632928036445,0
-0.287652729143646, 0.07598415635871107,0
-0.2983318065703293, 0.16545175190200098,0
-0.3044434333170027, 0.11855986721693232,0
-0.20978806534995467, 0.07475628885644621,0
-0.39268508867126156, 0.005474545597171839,0
0.33351231326041275, 0.14811225039950807,0
0.12353589311488543, 0.24558310090168523,0
-0.12308180877844598, 0.21885313821114322,0
0.6746263453760492, 0.16984818069778487,0
0.43185432128618434, 0.11089558333669126,0
0.2606798205744767, 0.13731809559013156,0
0.08531411079468358, 0.18413158334941102,0
-0.33323062477602766, 0.20197494104525507,0
-0.4617842058228821, 0.055051892085485055,0
0.4974018173848721, 0.1769547767449196,0
0.5791160363685324, 0.23776359247723022,0
-0.24322047157094925, 0.1440647242290102,0
0.0945258746716068, 0.19881642143358477,0
-0.24657980565423235, 0.07727996354329185,0
0.2997956946582637, 0.19477588878748073,0
-0.4286960452136953, 0.08308289215022449,0
0.09229707300697004, 0.06821841446178953,0
0.21164312219616957, 0.15015417174791834,0
0.020886555599385452, 0.06093105033821381,0
-0.3347771556002817, 0.1297017932754074,0
-0.3254319456950816, 0.08306495435852959,0
-0.3660794438115402, 0.07628560830001402,0
0.3615724289488705, 0.10428696131915675,0
-0.23606547378358686, 0.2289989544567781,0
-0.3662549373905588, 0.059357873424664406,0
-0.29184049972454407, 0.11420644312952351,0
-0.3137851155417297, 0.11611521670226259,0
-0.07772597180318026, 0.18729997221751432,0
0.14166080080379584, 0.21660163239271107,0
0.0803268588971255, 0.16888003326561626,0
-0.08337165575838898, 0.18411821446793883,0
0.23332237762421967, 0.23795214810709486,0
0.2905981979245375, 0.2520085808478885,0
-0.005777278322180237, 0.1512298928229977,0
0.2415606513442433, 0.2886575244147401,0
0.46023244428005944, 0.24863284521754253,0
-0.3054233487103167, -0.20262047222808466,0
-0.42204211279798093, -0.011355657819352575,0
0.02685383483332493, 0.2193611855374512,0
-0.35668127152490653, 0.05493897822293636,0
-0.31770316613327815, 0.16837766352914435,0
-0.29952468591889037, 0.0831576867588915,0
0.6097299933526951, 0.03118255619565106,0
-0.31911239009174314, 0.18788150884545599,0
-0.3431884278072021, 0.0765011815897803,0
-0.20157677263845042, 0.28863581966103113,0
-0.015506139407492894, 0.06394583284261801,0
-0.36719031820244674, 0.0537173805170569,0
-0.2903212593107038, 0.10870707524559363,0
-0.4197120222029493, 0.1008822170259672,0
-0.30853912014087653, 0.1784796949499737,0
-0.386626574621021, 0.04603603438662798,0
0.12594680703189154, 0.2258589946221873,0
0.21456778884194252, 0.24667025449497554,0
0.18370567153739278, 0.2986640134028505,0
-0.3875005965476876, 0.13647720176789757,0
-0.33113795012920044, -0.0401674257589456,0
0.03352642600704751, 0.23370394934331007,0
-0.00960719800969207, 0.3087467277365159,0
-0.25743244172330537, 0.1736871395305416,0
0.3203185399507735, 0.24693426224304676,0
0.21456778884194264, 0.2466702544949757,0
-0.41178384530726003, -0.007472889690349715,0
-0.2941601015864175, -0.19697574715879082,0
-0.08307692697287071, 0.2289087785010051,0
-0.24649294613868442, 0.13832979357375155,0
-0.3952175034677478, -0.0956170014859698,0
0.07752313608091571, 0.17150296213009208,0
-0.3329842319440254, -0.029108680196077957,0
0.3379899235712623, 0.1886876106023232,0
-0.2125233080176659, 0.2358938331496461,0
-0.37916260272432023, -0.0023630045285668116,0
-0.3693878527959608, 0.019042849248880594,0
-0.07133256649796996, 0.3299971467835398,0
-0.021737081198438105, 0.1064838545078139,0
-0.23108486637766007, 0.2873364922032168,0
-0.3530894118381089, 0.08429134833176523,0
0.14941015999377386, 0.0927487775485888,0
-0.3944292414223111, -0.06396954457103812,0
-0.16315147530377846, 0.1625253540567941,0
0.6564215171870682, 0.08326102584288829,0
-0.2576704774408886, 0.11682682783717856,0
0.5454900288865681, -0.15015872517219495,0
-0.2811577467207188, 0.24322245506130646,0
-0.22737042972016117, 0.20583305854678302,0
-0.06451282947422875, 0.06102462873741542,0
-0.4016495753867974, 0.0007045777792326182,0
-0.10440449645891386, 0.18741077272432077,0
-0.2175329742386411, 0.0844840041868703,0
0.09103516063868992, 0.06126616800634126,0
0.027947439237765288, 0.19719690472983917,0
0.576199065276935, 0.2446668343483581,0
-0.3880886232203204, 0.05553917980969109,0
-0.3831936544364327, 0.09946258450000355,0
0.08513719739072864, 0.19645415874243197,0
0.6538539517054922, 0.14547354668903176,0
0.02239540319749399, 0.07944148349838019,0
-0.018198893836791092, 0.19793825701241258,0
0.22193911047602066, 0.2421457889070796,0
0.18416292955349392, 0.2980593157795834,0
-0.2885527753230212, 0.09975826633631144,0
0.10435664740418694, 0.1901607477738859,0
0.15201325284781123, 0.27194136392192986,0
-0.08617843918256005, 0.1969203633335093,0
-0.38354147043945275, 0.05731742835630779,0
0.18534974177915237, 0.012403415484974646,0
-0.16925930736532283, 0.17082391241127154,0
-0.4346101348107453, 0.12905554486143195,0
-0.3146808875834678, 0.06748718950954327,0
0.43993366949815454, 0.08874837570066745,0
-0.1337570070736417, 0.1734908943453664,0
-0.35772620350318624, 0.026163128532138796,0
0.027947439237765343, 0.1971969047298395,0
0.5062563869609874, -0.012892418967761454,0
-0.28550546963227347, 0.11194300886132173,0
0.12600605137410967, 0.32381944155630726,0
-0.1035380534967911, 0.1258070076865108,0
0.19771781331800783, 0.10634863354058717,0
0.0805934118082772, 0.07337600919505584,0
0.6879055817944674, 0.02732487860910885,0
0.11987333305988192, 0.1322899663923983,0
-0.3884625390684467, 0.18782000716139355,0
0.052290138241291445, 0.13183963207262972,0
-0.30874087229831976, 0.20745683334673476,0
-0.0870804342625487, 0.2677242560635922,0
-0.3274870567556503, 0.07034969639465781,0
0.6168915109079066, 0.030175215660074875,0
-0.30575590888408793, 0.09055734749643393,0
-0.1361373644244446, 0.3107232976894084,0
-0.20088130150702038, 0.23705118591863866,0
-0.2994236918094555, 0.18768254081413716,0
-0.2767858513401177, 0.25266764886781,0
-0.08767911220896189, 0.16882358448918222,0
0.3768706949002316, 0.10601825958104515,0
0.6498736465049668, 0.026329767658967804,0
-0.31173151094775264, 0.19821308870686472,0
-0.3867430434049229, -0.02254811492079006,0
-0.3243718372705438, 0.17796691665641495,0
-0.3571386222438994, 0.1820442770642949,0
0.44254910139627374, 0.14684374869797928,0
0.23644774932223558, 0.2425693033329494,0
-0.04597641926521971, 0.18203506644148196,0
-0.40577099436292097, 0.02703963277915999,0
-0.12635978716886406, 0.15909325250574527,0
-0.44762495534082725, 0.006219471360015464,0
0.7036161505071308, 0.11549881299815987,0
-0.31221012895167444, 0.137111924444952,0
-0.3638154789220155, 0.028606405122054646,0
-0.4216658798547699, 0.014483158378478625,0
-0.46537282254658013, 0.0570465271239723,0
-0.2828640934245829, 0.10137059152637938,0
0.02806872707368833, 0.14032715213620128,0
0.1043566474041869, 0.1901607477738858,0
0.09795749314147714, 0.15814486198747324,0
-0.30954236313556815, -0.21078846871281032,0
0.16506865031685566, 0.1999189729112602,0
-0.22934360501963563, 0.1415570232998235,0
0.05024618924545446, 0.3246432137539136,0
0.2925470398748436, 0.1610509915556947,0
0.6156962926597371, 0.055256740576721246,0
-0.2692341702861839, 0.02936579130331926,0
0.061735124000993354, 0.18865867147175477,0
0.21585178284241666, 0.19807283465504186,0
0.5276011690720585, 0.041538291813601774,0
0.028061123853478503, 0.12292442236233797,0
-0.37834927760237475, -0.007157220368216558,0
-0.19252230332925022, 0.18329117906442682,0
-0.3766748238579041, -0.018326153205202103,0
-0.3878680675749627, 0.08555430431583962,0
-0.20894510484511694, 0.06490033216675385,0
-0.2327118694346612, 0.16900608229161398,0
0.05618521529244144, 0.10708322427809851,0
0.693346658120018, 0.006398202373118615,0
0.5459908671070539, 0.02702351904654855,0
0.16942545629025907, 0.1926529988724525,0
-0.21984537041526214, 0.10593143462071325,0
-0.3762248445839432, 0.08817529959976976,0
0.005100633092082594, 0.14557901309975071,0
0.7059158382036557, 0.08765128046537457,0
-0.06451282947422872, 0.061024628737415265,0
-0.3735342080354724, 0.018572428638063024,0
-0.015790004816129903, 0.2286482112902638,0
0.0020777975510709447, 0.05943305981740292,0
0.09619575516956037, 0.182708141801858,0
-0.3100194212467963, 0.10924882345267108,0
-0.35001277509632345, 0.03358124431285376,0
-0.33358392133632203, -0.19773487472529755,0
-0.31410429139206775, 0.2095758108771327,0
-0.26976016168313266, 0.19405142014366333,0
-0.043325181604182715, 0.21223232752772386,0
0.1480275794529098, 0.2800496599423798,0
-0.19435532909029582, 0.21323729142939565,0
0.37235651774891765, 0.1780090530695304,0
0.2290867704310251, 0.13863775542815301,0
0.6466656534192606, 0.05109754610595328,0
-0.08951550098931522, 0.2201637156062923,0
-0.26046670932918914, 0.1098294892813777,0
0.3805962987485238, 0.01929390835259567,0
-0.153175214226654, 0.24893480986497418,0
0.1237266649220769, 0.24318086743134867,0
-0.11425695337854412, 0.23067110656001513,0
-0.3234601839896646, 0.25052561381947425,0
-0.39060223202604355, -0.019985058142693326,0
0.211606121436134, 0.19989292573194556,0
0.4716914790393566, 0.08595804497273249,0
-0.2045017162800289, 0.1699193133046056,0
-0.04248337969443373, 0.1545961919569019,0
-0.30886812560195903, 0.24680684269531517,0
-0.3810049264060205, 0.04981466019846342,0
-0.3129169758238798, 0.08062307067826681,0
0.2466875250479095, 0.23822538543602279,0
-0.0999013420863621, 0.20156560268062496,0
-0.11887062593501288, 0.10284492878642777,0
-0.33887148024275965, -0.022523733309079287,0
0.3126789957164861, 0.22730494539774684,0
0.13900960326929868, 0.1442056239475473,0
0.012270881604115538, 0.24584821800688048,0
0.1285170450496572, 0.07942182862506655,0
0.6705028814613933, 0.08705030227712801,0
-0.3351646155864333, 0.1285851227622329,0
-0.28286409342458285, 0.10137059152637976,0
0.4351217794203255, 0.08479490633174629,0
-0.40297893773361465, 0.05767999635875503,0
0.2944437732819977, 0.02851200804285919,0
-0.19586164114643198, 0.17771327149635208,0
0.18083531949296927, 0.17651953900930695,0
0.5565555608083397, 0.14507453019089794,0
0.34078882699935714, 0.050259773605142326,0
-0.22681631233763408, 0.11051920428501605,0
-0.039988546086374685, 0.1510890687984046,0
0.21433971304292104, 0.19269483000180082,0
-0.20946019820984313, 0.14932572085191623,0
-0.11889811473615806, 0.0917169813072487,0
-0.3130287652456815, 0.17399893343079623,0
-0.4246074074837641, 0.14540247690559552,0
0.23763306878572657, 0.01695809354573838,0
-0.04425647261364816, 0.2082190485918931,0
0.6220107485169482, 0.1474338291093772,0
0.24377678290575933, 0.028820147863507593,0
-0.3388704637482845, 0.10392877560341282,0
0.07934541679412425, 0.1417968626919221,0
-0.143307450998158, 0.2510576983462857,0
-0.21422000186759643, 0.22016549350835102,0
-0.0682109824926519, 0.212599825194707,0
-0.23955225610259145, 0.1822677879829545,0
0.1754237605797259, 0.22395740634942649,0
-0.22743553558668206, 0.1685975436539851,0
0.6370557548453506, 0.08781510967461656,0
-0.2316723139145244, 0.27390669219267855,0
0.28647871804240793, 0.1942603389527982,0
-0.37528353611590637, 0.09458069457557537,0
0.46428281455776665, 0.041878952425628356,0
-0.04018704428481903, 0.22690586322578227,0
-0.15236320898449654, 0.17715234759855134,0
-0.2847950278118745, 0.1694718712598955,0
-0.4195124298941543, 0.008000711882578315,0
0.5050667383866013, 0.0965895400838101,0
-0.30962346546583014, -0.19890562577701992,0
0.027744230014897255, 0.22203050757186524,0
-0.358491720856942, 0.10065002968330315,0
0.0970678547561614, 0.17886384430485322,0
0.4202964672618169, 0.0754726841626669,0
0.21177763528584362, 0.1335665362886715,0
0.7037713656614137, 0.11681420211088109,0
-0.3378048178912217, 0.03704691173509149,0
-0.28009331436725105, 0.1072093655818667,0
0.6294300783641618, 0.10724457858035254,0
0.12030576479553838, 0.2055292297106574,0
-0.31716230551811964, 0.18360328389872566,0
0.15670146775005295, 0.3203658185558087,0
-0.16038282720414865, 0.1957514231201749,0
-0.31024620357654187, -0.23491660884486906,0
0.6479888648096588, 0.15570941040318143,0
-0.09297629319835442, 0.15208982958175243,0
-0.3322840785215122, 0.1293830276988918,0
0.10934397812231351, 0.16382075972681776,0
-0.34051304319570663, 0.09004566010687647,0
-0.3094430102647188, 0.1767289458270602,0
0.1322342980847583, 0.18156280513848502,0
-0.3503808122203787, 0.0547004457030706,0
0.20897771056809789, 0.20045192372996876,0
-0.1969233552770042, 0.2397218728757693,0
-0.3064510968461773, 0.16277250472581511,0
-0.3443113449337372, 0.17125428869661835,0
-0.027399762459408037, 0.22539074363225314,0
-0.37711877830824003, 0.2285338613833566,0
0.17035588151752368, 0.27293793847103565,0
-0.2780341871525145, 0.10037214019859104,0
-0.40374573205577613, -0.019815919812113832,0
0.23219513565798014, 0.1848101385769087,0
0.3505815974108351, 0.1015718609743372,0
0.6823779276457613, 0.03636453676377806,0
-0.35741385683398386, -0.10683985543846292,0
0.13637301857790052, 0.19699016240494277,0
0.11297619738655244, 0.12802000689302714,0
0.08902455789068353, 0.0578908431561549,0
-0.1101034528382305, 0.07662662677636972,0
-0.1620110983788117, 0.11715843007428413,0
-0.11457504518612786, 0.11713131778651291,0
0.10064645481722657, 0.26475744672121315,0
-0.3669982685423123, -0.012899524103976165,0
-0.33359283569417725, 0.1370594214287003,0
-0.3370917759191499, 0.1175705864936308,0
-0.32892808633880655, 0.22089970162339462,0
-0.12573780163750412, 0.18424128051065328,0
-0.2738631690514947, 0.27934493246729764,0
0.026734831625481598, 0.21222437370094246,0
-0.3874298661001833, 0.026454994486501345,0
-0.34559565152341487, 0.11631907089959816,0
-0.33752413597582104, -0.041468016774283634,0
0.07940726550896622, 0.16426922104787245,0
0.146910106634765, 0.114442541026655,0
0.37121047817353486, 0.13546110554387708,0
0.21456778884194266, 0.2466702544949758,0
0.49449485619085404, -0.01027764264578924,0
-0.03699059661288147, 0.14217876188313386,0
-0.25435784494645025, 0.007531112160909145,0
0.11645466289041, 0.2567375101995588,0
-0.10397155910761881, 0.24219811597069757,0
0.36293398527486515, 0.11750063690211718,0
-0.24348782654112416, 0.1690982506121616,0
-0.2918404997245441, 0.11420644312952388,0
0.05668594022506124, 0.27850957694033873,0
-0.30490395071837006, -0.18537961372582745,0
-0.10306408031673604, 0.23060364768507724,0
-0.3370043169557147, 0.10380551582739717,0
-0.1993302436187933, 0.1553971191357185,0
-0.3155353274238487, 0.10611413972313186,0
-0.09150799834899838, 0.14674217104209406,0
-0.26173819054078135, 0.1979451292964788,0
-0.03643679583404963, 0.3256014282731596,0
-0.29888979907632796, -0.16541921078252453,0
-0.0006634742390692402, 0.1386673168111901,0
-0.30311550005792776, 0.10997407903312376,0
-0.38806706004773145, 0.060079775845126145,0
0.14687946949134223, 0.19266828236695296,0
-0.3992201693061567, 0.0923950508933341,0
-0.2373113923269288, 0.14873554391406119,0
0.5831474718334331, 0.08420882342016138,0
-0.32739358684653075, 0.19006772711969683,0
0.6534739077413337, 0.14527536686155673,0
-0.2137479700841273, 0.23792509802806433,0
-0.39333355918771623, -0.09227445619117425,0
0.3637173000206717, 0.017917184159417895,0
-0.1964990455218267, 0.19569142170609571,0
0.6376398205815511, 0.024156364975850796,0
0.07949995003651536, 0.12581090891196572,0
-0.2769374298179854, 0.03547337913678721,0
-0.14218904223923104, 0.16713534233600025,0
0.19470189279743746, 0.3342075986140032,0
0.1722144136368126, 0.2872771367469966,0
-0.36197818503888285, 0.17162565801551316,0
0.23477342016044792, 0.14786185989781228,0
0.044037565350934935, 0.13590532498164493,0
0.7047604659561009, 0.11934439586566106,0
0.0402873232555391, 0.2742264698421374,0
-0.34816037756959894, 0.09353313101473841,0
-0.24959150080845477, 0.09322202186819085,0
0.11270345476105194, 0.2289821487374343,0
-0.38613713833651575, 0.024693583310652977,0
-0.3102121895925557, -0.2303092771417943,0
-0.29790845077461203, -0.2207879281350104,0
0.49986320040597226, 0.22431119452777587,0
-0.07476264719660182, 0.19203145804465932,0
0.14477634961054228, 0.21675137462521793,0
0.6357565618687228, 0.059537290419212664,0
-0.3030636827809418, 0.06874627597747054,0
-0.35988541408935415, 0.061013783341632204,0
-0.24248776576059147, 0.10241858963158793,0
0.4816294059841316, 0.040647316023134046,0
-0.1669550353738979, 0.1815928181373078,0
0.32541097226411514, 0.16559667733129252,0
-0.17811129363130407, 0.22845082396158464,0
0.1818383270843916, 0.053893465457214976,0
0.17915071190671644, 0.14358736289963522,0
-0.47122595095311554, -0.0121516936635101,0
-0.31718901654869175, -0.1883995796176455,0
-0.3289280863388065, 0.22089970162339498,0
-0.30884851006781106, 0.15998038641420445,0
-0.05582763113405833, 0.05902199350053568,0
0.213829110042707, 0.19220266293708976,0
-0.35355237523984423, 0.1466888631521208,0
-0.11812563258936068, 0.149277450228808,0
-0.03110973108608821, 0.226168229585897,0
0.18110139795535354, 0.1338636902128108,0
0.2543467458032204, 0.1472287325590553,0
-0.43794803680446664, 0.05635291658290461,0
-0.22874289497634614, 0.1643550795165227,0
-0.16877124977884111, 0.0024204083110615834,0
-0.3304983178643326, -0.025836481373434538,0
-0.1843205890898815, 0.23280504870973048,0
-0.3172953111696462, -0.23560016700691971,0
0.061735124000993354, 0.1886586714717549,0
-0.29804765879491274, 0.1929289283699507,0
-0.2972848515437259, -0.20292031033435146,0
-0.3038548999723366, -0.22740103523668043,0
0.030019318512785893, 0.18608699752313318,0
-0.015506139407492977, 0.06394583284261765,0
0.23290598703113952, 0.12607064863578543,0
-0.49171078336124585, 0.04073797690472567,0
0.664318946260989, 0.07605013866089731,0
-0.3592769569895033, -0.047779347659962036,0
-0.17851668523241232, 0.1437264202458466,0
-0.409673536283695, 0.04394744294736972,0
-0.14356695269255468, 0.17026786398830385,0
0.011002718024562454, 0.22129517644774802,0
-0.3725063556212564, 0.06184993587200536,0
-0.20795877279078995, 0.08805603844587097,0
-0.2930400958851383, 0.16695815105968734,0
-0.15510901998115356, 0.17542999156733494,0
0.6987658387087756, 0.07542622972920608,0
0.6493528521353723, -0.06334861634663051,0
-0.14897577976993848, 0.16490414237527984,0
-0.0974314460368723, 0.22938675099772238,0
0.37270542050411654, 0.03290835045369637,0
-0.15223242142592994, 0.20599597333977684,0
0.2965019713404193, 0.1870982282312053,0
-0.3499227910287244, -0.03520200199197655,0
0.3240935598612443, 0.03814080500874822,0
-0.3497506400520838, 0.19181514723736864,0
0.19775360459813437, 0.12744615862151754,0
-0.10296747590081742, -0.005230888538901057,0
-0.1808308438319147, 0.16358050291413304,0
-0.2817846589518465, -0.07768609664798114,0
-0.20167682729176317, 0.1611434336440627,0
0.676713101174798, 0.06927325312570773,0
-0.15833459207509185, 0.3140457250019311,0
-0.3334491948567283, 0.12962532502261834,0
0.6428589573550857, 0.04054036019284714,0
-0.3128806409911263, 0.16921282528444595,0
0.03440882058281012, 0.2638593624981434,0
-0.07757714513986595, 0.3142630443521849,0
-0.013246158625505988, 0.09308605084846182,0
0.4068744014504904, -0.013679504646862479,0
-0.1752299791502275, 0.33891766766164616,0
0.18559703743240477, 0.3151525337812809,0
0.005206994418940722, 0.2495639355232303,0
-0.3396716200973244, 0.1890586806262799,0
0.5726626569539808, 0.17313914469260702,0
-0.35081481317955393, 0.14151158496611285,0
0.4456659744973309, 0.22130083455794483,0
0.2010672547612474, 0.12699631392860486,0
-0.05760013882133961, 0.08850541323300169,0
-0.11816993434273387, 0.10754282601084289,0
-0.015633334261991812, 0.08608026738318386,0
0.6308974619469768, 0.051803551222906925,0
-0.3550938999798549, 0.2011417656983917,0
-0.035366402760420385, 0.21293162775778363,0
-0.17468994571548474, 0.0028618697359761476,0
-0.37489451758025183, 0.02821140152397641,0
0.040059807569690575, 0.2999272042082139,0
0.2777264589842973, 0.19632003029899026,0
-0.15719747534949438, 0.09351207526939546,0
-0.4435252772236555, 0.030306053062307194,0
-0.12349035631506942, 0.16736798569380265,0
-0.12647077049768365, 0.25437197815654466,0
-0.3277508527063492, 0.2766363068369621,0
0.013095129956013887, 0.10956658838894474,0
0.24134036004990275, 0.17412018467329374,0
-0.447717087554078, 0.12279385144422514,0
-0.3693710109766696, -0.05357844360536871,0
0.15791296920938105, 0.2238306864363283,0
0.14768963141044364, 0.0557197074378728,0
0.43600397522135537, 0.005146322133601351,0
0.05698056115668402, 0.22571872781347652,0
-0.47848359203977714, 0.14297492230552852,0
-0.25551078449980774, 0.225620681123415,0
-0.3725057787282947, 0.022268965828608572,0
-0.017033657041184397, 0.3113342381834286,0
-0.2293436050196357, 0.14155702329982342,0
-0.09259648852402452, 0.23635107276412548,0
-0.029967509948439587, 0.2106995019413411,0
-0.3711198911185687, 0.0011538674615054298,0
0.2818126714257659, 0.24646972792666824,0
-0.29503182255285176, 0.06938043732542215,0
0.6819195029278153, 0.031272903746834044,0
-0.2477950076729904, 0.2588143405576772,0
-0.1947459124658575, 0.23961240366493122,0
0.7001014551833384, 0.08984637558558824,0
0.6377555905224498, 0.10965233193484529,0
0.09621105234194252, 0.15428109676183988,0
0.16984369251335607, 0.18154406229191494,0
-0.39832746670859187, 0.01944407657074077,0
-0.4549674229441379, 0.08514567849524732,0
0.22433886148037793, 0.1807978473328508,0
-0.3754841123893017, 0.08744318078213723,0
-0.34876676440546533, 0.029400203391376282,0
-0.2532664365842036, 0.020966536263325918,0
-0.14388812151097807, 0.24658682134643778,0
0.21315123599941854, 0.21212276352639184,0
-0.3612216922356163, 0.044440567985072225,0
-0.06451282947422876, 0.061024628737415196,0
0.09489489362747672, 0.22544892640621084,0
0.5205035726632263, 0.24421939398991094,0
0.5442096975773297, -0.04358524461752528,0
0.061735124000993354, 0.188658671471755,0
-0.36731101345153894, 0.1121408576314525,0
-0.09662192819733323, 0.13924667347299347,0
-0.025833756568513663, 0.20649515532975668,0
0.2347438711571226, 0.20395124172402712,0
-0.04568232737910952, 0.09220720347209642,0
-0.34075008951271446, 0.012573266772632437,0
-0.28823729362813416, 0.15814897644940665,0
-0.4328533266777498, 0.12404056317634807,0
-0.38853048928901324, 0.030584464032161206,0
-0.0022391222971178066, 0.061002425974900555,0
0.5395983762424515, 0.18766154164354742,0
-0.28863722462720054, 0.03895676943633986,0
0.13704893381976568, 0.23825749774226163,0
-0.4249307697490765, 0.0740205205243614,0
0.2778196290076393, 0.20895454881584513,0
-0.4072228324384917, -0.02072793903220321,0
0.5038141198490119, 0.24290309978510854,0
-0.32566338306331194, 0.1425062798274877,0
-0.12526095407153764, 0.2261699740387711,0
0.25484375000640247, 0.2346767227075437,0
0.04533648036326318, 0.1994936217786931,0
0.6829494288511277, 0.0011598711682968838,0
-0.1938552707298745, 0.20529793336264401,0
0.6752242871062667, -0.004260810246659121,0
-0.36767208454233896, 0.02714797642492639,0
-0.3542124059833675, -0.08741357665148156,0
0.5444767308500733, 0.017292057077234073,0
0.19893751364606066, 0.13075157021877493,0
-0.13275998117126056, 0.18341753445181494,0
-0.21834733317556515, 0.23336209829247267,0
0.1218510148405004, 0.16053907513274257,0
0.7053553072048498, 0.10420279059562476,0
-0.3304641206827192, -0.20417195749112277,0
0.24618121173063973, 0.19347008785740558,0
0.060018019878261816, 0.25451608897572964,0
0.45378487708803944, 0.23167876272967097,0
-0.17628979851621848, 0.3523947548629021,0
0.2810008316027362, 0.05651433476210443,0
0.6003537430820461, 0.0581180622999919,0
-0.324163876397985, -0.02130286912550409,0
0.34342876083462387, 0.13540725739525053,0
-0.1284090450650953, 0.15490221367652401,0
0.3769317087345444, 0.17078960384593303,0
0.012590565738102497, 0.22521196778592686,0
-0.21787546446389466, 0.21202179784204175,0
-0.358810149573552, -0.09050369418360306,0
-0.06451282947422873, 0.061024628737415515,0
-0.05177141016256059, 0.19066061060187256,0
0.14459871764276008, 0.15762101542147214,0
0.15246365093012676, 0.09875544248546277,0
-0.3207629439448866, 0.06774074998412914,0
0.7094016213104425, 0.1268102569337685,0
-0.018052576086321492, 0.15252012617239794,0
-0.21414661599833887, 0.09556646553817659,0
0.3659024684336186, 0.16400895901132462,0
-0.14824206179458088, 0.25081249184398097,0
0.48511938634921037, 0.26101211498095395,0
0.30564961465911117, 0.19133823629253074,0
0.1458383976015675, 0.17426724929013307,0
-0.42465622628740957, 0.0837557535909228,0
-0.3202978017420079, 0.12476695719871085,0
0.4024186119358518, 0.013810327420297454,0
-0.3273224207397101, -0.21054567237480043,0
-0.12217802400001551, 0.15109490030931125,0
-0.18665006886253582, 0.1456861476796234,0
-0.02050667740687807, 0.13723021850737324,0
-0.27455600180077483, 0.27635898991644914,0
0.6328507141194895, 0.053166167659269854,0
-0.4528073423076921, 0.12338045346897303,0
-0.285595210821632, 0.17447616435645213,0
0.11289710880760337, 0.2731065860286877,0
-0.1465950753709862, 0.20205104399441398,0
-0.38159753181715605, 0.07947563946576103,0
0.1361568440740866, 0.24866855198038482,0
-0.301849658799474, 0.0201888852502041,0
0.508150477332796, -0.018883309367926395,0
-0.3482504567277217, 0.054940992159747425,0
-0.26449095491413993, 0.02840255725448501,0
0.6701413681113201, 0.03535596041773352,0
-0.43872158581366155, 0.19992346133276095,0
0.7015843804260018, 0.1220070707043269,0
-0.18723968034570174, 0.17839458055163848,0
-0.343513208940235, -0.2203220551478637,0
-0.1533399098587481, 0.1892569697291874,0
-0.23905048845758792, 0.29529002715178493,0
-0.38459959285242656, 0.04441929243247112,0
0.13563083979115628, 0.21385266921187723,0
-0.2963734003208169, -0.1936516404018909,0
-0.32996997975115333, 0.07558661110548068,0
0.7036758769132333, 0.12500496852886417,0
0.02222450841696189, 0.08477611331753154,0
0.5018452136736611, 0.11343216341763844,0
0.2482221425363707, 0.2437855512667741,0
-0.3019156095333286, 0.15813961679825775,0
-0.0506342702516655, 0.12529275745041824,0
-0.41981834516502975, -0.009032824418706918,0
0.2214708535150547, 0.15956453628297315,0
-0.3121753599427455, 0.06368491549588323,0
0.35048956618364363, 0.10061506284404681,0
0.2037382763525847, 0.06582010601014791,0
-0.0581718150718998, 0.12539887440526287,0
-0.2221181232921973, 0.1753149720503807,0
0.18373217689447788, 0.2892762351315381,0
0.19431961086947866, 0.20148274681981784,0
-0.34493114014093296, -0.1301277910572999,0
-0.3388961787373877, 0.11351768595466888,0
0.13772861137455117, 0.2801750773339277,0
