20.181076522014376, 14.40264765340862,1
16.92441625640753, 13.615788668699416,1
-7.947107523688997, 16.24094616340598,1
22.17314197663245, 12.302537900729249,1
9.802911667625349, 11.76643965953993,1
-1.3025114407130878, 13.142367464910468,1
-2.362102415195939, 16.176542163869197,1
-2.206000270096272, -5.365255724052508,1
-5.425323493551168, 13.602368002456695,1
-6.851532545556677, -2.7632742830806687,1
-9.396969954881625, 14.205815038328847,1
2.8261942647229863, 23.73103427658227,1
21.604622320375704, 11.70003710024233,1
15.524452549392436, 13.665732033731954,1
3.3906552042740645, 10.979318703935323,1
-0.47677804637525295, -6.364675408119624,1
5.660400057964331, 16.500027447522637,1
-6.851808175629507, 9.00002272390586,1
18.792505233491994, 14.219644925354373,1
21.51133304364852, 14.04950472285725,1
41.235186907952766, 12.179418942835479,1
21.251413264481386, 12.768430350993203,1
-5.667880957933864, 1.9200917639084492,1
16.83112268295935, 10.871408244176038,1
6.118435645216437, -11.170281871649172,1
21.36794368465867, 12.534783134788286,1
-10.638756658760842, -0.8417308625049176,1
7.608631861229234, 13.449643971869827,1
7.555913512725801, 14.010945531591945,1
7.518462019869899, 13.818658480988981,1
19.307355958973176, 12.982311683098986,1
20.85044311009987, 9.734920042841981,1
-11.508864680581315, 0.31768610371642475,1
2.6692381572357298, 16.11959484661689,1
0.9134061287373109, 11.918104299430249,1
3.2300032705943327, 9.543388377056603,1
-7.466954657859136, 15.146619741114808,1
10.814899417055827, 10.870249051807694,1
8.586281029089303, -12.692223091777024,1
19.596336488435718, 11.570035307210304,1
-0.323999617833162, -7.061336036022832,1
-9.742218712127894, 16.942679310934945,1
-20.357487526482995, 9.671671366528987,1
-9.233314958751837, -1.2936515608715176,1
3.6126614724656467, 18.332576136787107,1
13.00175162264201, 11.62249421559756,1
23.468783322453426, 13.316352608106351,1
8.675369722470897, -12.610040582542846,1
13.39746997855018, 10.722422118668984,1
23.832446354833312, 12.540831043339958,1
16.519752634682103, 10.819925617293608,1
-0.9539402305744741, 15.779385407744988,1
-19.811268043800794, 9.29263110036634,1
-2.267142556572724, -6.162913950064608,1
1.104542828341719, 16.583908448278297,1
16.360150191578, 13.075989045535714,1
20.510561212469817, 13.321664170371063,1
-27.06380765879636, 12.971933532971068,1
25.83197403836534, 9.769873567875656,1
15.278336293892192, 9.741389461052833,1
-13.102196720611236, 14.754175880884475,1
-32.83277969364089, 12.607753953753818,1
5.292684762313976, 15.537963534754462,1
15.921852049282075, 9.715449759514746,1
0.3533353766804213, -7.343166221822937,1
16.587601746616674, 13.128552914770212,1
-4.194926570441034, -4.737781361923251,1
5.823000298153064, 9.168157211477872,1
33.16449442443018, 13.207264828481325,1
16.911894212159506, 15.609796047827482,1
19.964147128548408, 14.262164572190263,1
3.975709325718127, 8.418189703109581,1
16.264165480923705, 10.899529103671627,1
2.2064293125216152, -8.920737479983103,1
4.932996944073374, 17.06446527636031,1
-0.5419843267553175, 16.911371689176892,1
-10.067082423335082, -0.5623483398456469,1
14.772731800456317, 10.370568875705755,1
1.5942086040932122, 16.962308595912667,1
-5.836939612830245, 20.849490217291535,1
6.186453755298731, 15.689555788467574,1
-5.830151493867044, 17.799843970688705,1
20.02791291368814, 9.30484409639735,1
16.575208826390547, 10.40275425640433,1
8.195042018947918, 13.599758259279593,1
-6.785671248034688, 18.159681412377623,1
-0.7213093609360254, 16.352808107118108,1
41.27008591889761, 12.316038859179336,1
18.11909143378163, 14.39886021699682,1
-14.031347342099139, 15.37633409122526,1
4.354424557100493, -10.331731345641398,1
23.173040248130224, 12.48108286359717,1
15.192052694596434, 16.77896591644431,1
10.655650643982144, 8.843068479318699,1
-8.841071015950842, 11.928748685600112,1
-13.254578250606782, 1.160026881234468,1
28.81472880722631, 16.725339292511624,1
2.573846404170151, -7.734116717204322,1
1.6742466570101904, 14.931843785091177,1
8.247827899342337, 13.766239489270395,1
3.0549731194941505, 8.461372033215335,1
-4.978410362119848, 10.094748841040278,1
20.55886689267515, 12.925826619453355,1
-7.927224703453649, -1.6924028117203964,1
-7.276105782453767, 16.953520722903118,1
16.674444319286724, 13.85224783619163,1
28.790983991930233, 11.207063954423532,1
-26.13113267109232, 10.028440657686879,1
16.910693084989546, 9.870150672137779,1
-14.688876557773606, 15.35785878345964,1
19.137337580144568, 13.13826585696426,1
-12.712429620318263, 0.7602352847266093,1
-19.764615923652777, 4.865381326504776,1
13.09301950047449, 20.152062101505166,1
-27.204339867957522, 13.339206073934225,1
-0.1875745972459984, -6.902264835356807,1
38.65657071212281, 15.81136853566419,1
-16.766586556291603, 11.95268677442677,1
8.501110033774822, 13.336403095325947,1
2.19800728603414, 15.232592749390848,1
30.787765645195517, 10.4811538266563,1
17.035101954135822, 12.6526789989493,1
4.051509960799181, 14.706590074055665,1
-11.13536563134095, 12.019991809052708,1
13.364065248688094, 8.96320669479387,1
-1.4820955445079353, -6.043933747390697,1
40.70943929818632, 11.939508304561976,1
-8.789886058210925, -1.3500422105876853,1
-15.073414501368703, 13.067480978009801,1
8.977984342641026, 9.97234739263976,1
13.849335547574615, 11.063064523142135,1
-5.16368196701705, 17.387431044481247,1
3.685924308007228, -9.656418351682051,1
1.0025032052414709, 11.542243535766712,1
1.5507952547721078, 12.157020667610722,1
0.23170677230612566, 7.888406000832542,1
13.011238630099397, 12.4764679063626,1
47.553618594243964, 14.212919637911606,1
-0.26422518785749305, 14.615882915051571,1
-8.405996763279452, 14.403493329865954,1
18.153320416279456, 13.252686368761596,1
17.23364368429688, 14.930198626487586,1
-5.193560811028919, -3.76479804096871,1
0.3185622330992223, -6.432567838473574,1
-0.330317678401989, -6.05580351283088,1
-8.29804477012437, 15.730484789560728,1
3.7047182761123376, 9.153645614689905,1
18.181753539906026, 17.225623801008656,1
8.492088758080858, 13.794511275097651,1
5.093576947771216, 9.835388596477593,1
-0.1497801420991366, 14.71250266207812,1
7.928125902343683, 10.380617662753012,1
19.615688218544978, 13.358213772857328,1
-34.24620270045743, 13.09620626061476,1
-15.155187699072782, 16.23198520430916,1
15.049936275959784, 16.71505490639332,1
21.315143731296548, 10.456952370968448,1
6.776113177506833, 15.069907373004831,1
11.990032924264538, 12.473995773359329,1
9.539672708533377, 15.03957220590046,1
0.6439178832812935, -7.993976528712287,1
9.438842388800614, 15.046449364412464,1
17.709331747238043, 16.611309454114178,1
4.021664147536053, 14.11412611759721,1
2.2336093415576928, 15.010439928178132,1
18.95295578963916, 14.0362103316958,1
12.291800060471433, 8.811016359429033,1
-28.081008689757564, 13.560400347308736,1
18.84159048747516, 12.867145981475632,1
-7.353771062126366, -2.621939040500383,1
-4.443018496310804, -4.64286762732868,1
3.0217830436360593, 10.746492170698618,1
40.81647059626474, 12.02009484985653,1
41.81843243352805, 14.089094096050452,1
21.03237977976891, 8.866706842966734,1
-21.841141963858785, 17.260868395117818,1
-0.862356684770884, 18.941807263239095,1
10.017970564450271, 10.521292784153326,1
23.539306066432687, 14.416001533355718,1
0.3631630519028416, 9.040447927295016,1
31.548138515308896, 12.820784220988223,1
-13.304870834558377, 0.9671940544222986,1
-10.919659210748023, -0.4510795155492016,1
1.045148673922423, -6.696637032834988,1
3.7254378107804444, 9.39347577434708,1
21.28679748435762, 7.086756161528729,1
21.984016512456638, 17.15216126790678,1
4.704158313298762, 13.690229706906202,1
31.646362865626543, 10.573433229840623,1
14.096252627037554, 21.09652187787295,1
16.504810525987985, 10.406056315464253,1
43.40445365586715, 13.15309285240769,1
18.585792044214166, 16.17270517664445,1
26.64389601933435, 12.880951038195217,1
24.80465297418435, 17.788422914784423,1
-26.94960183963752, 12.87431085301116,1
8.79106090139414, -12.83390731706805,1
15.315244892444685, 9.1428538537966,1
3.144500318771142, 18.460180818080048,1
16.234700080184272, 8.947099463322107,1
41.051736834482895, 12.29436917729938,1
-11.428328460899337, 17.68518372639542,1
21.10462708870116, 11.63194158330421,1
18.946516207434694, 12.619707366042846,1
-7.7657786277801115, 13.302187155754705,1
26.945372259412153, 16.147114896086233,1
12.816405344972216, 12.253737813096372,1
8.996493295679063, 9.699845547075965,1
4.892469977537571, 10.243856540285812,1
20.791540656748708, 14.228417576093472,1
-12.17593923731757, 17.022768904659923,1
-2.435307226387087, 5.942794113266241,1
12.439935964012392, 10.106551820593866,1
17.785821931106206, 16.57778088739241,1
-12.154042617859218, 13.462995988933995,1
16.334554469748532, 13.312657512101895,1
18.433626395156317, 11.655672617689437,1
-6.739144201343317, -2.8618538368445092,1
2.9929395495081454, 8.535641272941906,1
12.26558751240483, 14.01745761385301,1
2.7511083308610433, 8.779472826861607,1
2.9727042915297783, 16.582912336602217,1
0.830770663611732, -6.872383381057902,1
41.15718493348198, 12.277337545920263,1
-6.271618793845447, 20.468766818591686,1
16.366759373329238, 9.605709745842494,1
6.2487500528878535, 16.375880694843275,1
-11.317308041110444, -0.03707907697315102,1
2.8732758323802887, 11.072229567274135,1
-1.2483215919795876, -6.912972514917115,1
16.44028895976327, 10.705190025483532,1
-3.4984296882553303, 13.623332239182824,1
-17.46406496033622, 13.364370312135867,1
16.17028336583424, 13.915279794330452,1
-34.41009480338702, 13.112611404945206,1
17.390415637307743, 8.90538243628598,1
19.537686825435753, 12.987917151943657,1
2.4384473372063415, -7.815682487735764,1
17.372852590421694, 19.86693133217387,1
18.773771916629478, 10.436333573050796,1
16.413045171737302, 11.067227583783204,1
-5.060925123873701, -3.6358529890318017,1
-8.914598119801774, -1.3268298380840853,1
-1.4411461158447199, 16.634891132005958,1
0.2871615538459683, 13.817522561826468,1
21.51170198726589, 9.728057824645813,1
18.127667446405187, 14.06468610543195,1
2.109398520330618, 9.398496807852158,1
-1.318135851145092, 8.924991413510895,1
-0.07835672124593449, 16.80397294179197,1
-5.673817564657045, -3.0983355107231736,1
-3.0068671851510054, 13.782118004610624,1
-33.73935990009516, 13.153017446134287,1
8.19032108121209, 19.697812648537116,1
-33.98171852147073, 13.225825455600173,1
16.713655022772436, 8.900287518376054,1
-17.796338068668287, 9.371137084830329,1
-23.372366283684638, 7.584289887281056,1
14.177839809165766, 8.407929782788571,1
0.1556168428412572, -7.139267520034477,1
11.324750981858145, 10.444660190706173,1
-17.383824572816412, 12.686302510794492,1
3.916542582847222, -10.104270152797701,1
41.67884550320943, 13.449938977078496,1
-9.843079302511814, 0.07460804515384692,1
-17.386564997160523, 3.8317955297991886,1
-0.20625092487477065, -7.487618396987789,1
17.678505925909942, 14.708258365639125,1
30.75811300754918, 15.049800561528171,1
-5.674014099428716, 2.4635480850277185,1
-13.460234201008605, 1.7653329131438842,1
33.70630860545448, 15.422295124922078,1
-22.71477061249107, 15.120731671874463,1
8.30865341330292, 13.551724944729717,1
-6.027888076243538, 16.50409586495107,1
11.504514633188066, 21.23818817088458,1
-0.5826968013380327, 12.360311575449268,1
9.892438293971, 15.050316632350336,1
-34.41009480338702, 13.112611404945206,1
21.699064819220055, 20.10887870638748,1
20.59665137113145, 13.481330313474851,1
-31.981760019515807, 13.480513226613066,1
29.836465307177857, 16.5776679334799,1
21.786135823359924, 12.026424655786897,1
3.519700480100415, 11.566765348471687,1
29.068798098963086, 14.657550949901207,1
3.379809501152595, 8.237452118551312,1
20.786331049372436, 10.521874376457312,1
-8.992281432885116, 14.50211798806075,1
8.082869471542677, 13.64658077920699,1
18.124452188715022, 13.48952381179128,1
36.85805630134944, 14.258263472507657,1
-1.1175404751756828, -6.059729544764644,1
-1.0445028454904999, 16.64343275299621,1
22.957694956695804, 11.587421637842313,1
18.67549541384429, 14.613799426164299,1
3.483768677849661, -9.507773019223727,1
5.294836605248693, 10.995838854109904,1
-26.171433815912103, 10.341373575930607,1
2.973080194174323, 24.199068864314768,1
8.292377847288765, 14.66569874109087,1
-0.6805622988368507, 14.377198823706687,1
-16.73843294588571, 12.271526758348138,1
9.509067849858988, 9.583704750997708,1
-0.57332166886981, 8.448444200624218,1
7.6241851127297435, 14.331482170132412,1
19.31613256344203, 11.014797365747016,1
14.609008391134832, 12.021362279776767,1
4.181611030588878, 15.077555438608782,1
-13.528894494113722, 1.9306158355200822,1
4.778643601204557, 15.46030386800548,1
-7.739648057844497, 13.565999392343851,1
13.303471553931551, 12.24640215107748,1
17.78093158382444, 12.81565893193322,1
12.47482283992859, 20.705959543135773,1
2.7019931206077854, 16.315850211247785,1
-5.290690717375851, 13.152163544026772,1
1.8929815371550287, 11.720289966423254,1
0.02472261736454106, 18.808216937947346,1
3.3686403486973004, 17.066673694272694,1
-26.989059426990686, 13.035274538808956,1
0.9970584100499514, -7.844478890598475,1
-17.68090076898386, 3.821154225706092,1
13.175397858149589, 11.548161830167151,1
-6.379749985747719, 18.631097733618887,1
23.88838469172725, 8.108753416073341,1
14.809732025276844, 9.959975400875171,1
9.09920196317237, 9.66158694577601,1
6.7898877064424195, 15.466077940038932,1
19.102139212110032, 14.049549007748544,1
1.8523932048735892, 8.734821767077397,1
-4.05486375766895, 11.655214535655153,1
-0.5054539011233498, -6.8339366874163066,1
8.442786364694308, -12.684309549367917,1
4.897896575744972, 12.02854745786781,1
12.171588469576315, 11.736339321743317,1
4.690061452551513, 15.94701799436072,1
-5.459369661842272, 14.860668548614195,1
15.891494675634993, 18.921308788550096,1
16.194467134043336, 14.016411291055611,1
10.954462388291127, 7.817128318316541,1
-12.90178910717421, 1.0388373555563106,1
-1.4544113702314463, 14.794149528229445,1
44.14899920687279, 14.430185503568902,1
7.507838795626193, 14.092548405139887,1
13.893441753821193, 12.985499961185782,1
-0.7325615029835338, 17.610730004072035,1
26.301561617472675, 9.844969770203376,1
25.45340116186535, 10.523943947721833,1
-1.9189777594692077, -5.497522241542705,1
1.9984009864498664, 11.589466667185924,1
26.923229569165027, 17.45776289633749,1
6.208337673301845, 15.6168954190383,1
-13.871240571883128, 1.2115907144724498,1
20.872390404728595, 12.588875730586789,1
-8.925439568241137, 15.930727552142535,1
40.86459870933142, 12.277154383229428,1
3.23519882663975, -9.087317706586635,1
-27.860464813798586, 13.613932995495407,1
20.704530916926576, 10.530121586986313,1
27.243798786426254, 19.484952500604237,1
-12.514563553871916, 14.807405708963264,1
-17.26862285387133, 3.8170789179506674,1
40.94530739135691, 12.287540920876669,1
-12.471157419275825, 17.48624240821292,1
14.701964330453421, 17.832134412464928,1
-12.648695381679989, 0.9845468210786678,1
1.8416272983254791, 16.946257442016773,1
44.64703077646317, 16.98364177521377,1
20.70749238433916, 13.965518200022569,1
14.674399552401916, 10.07864136861556,1
14.6552360310789, 17.195673234410403,1
-5.735365732314703, 15.68943393070709,1
5.392076526971179, 16.02587531627762,1
20.798153402330623, 12.928160973976803,1
16.44122178739034, 9.164279999220481,1
-18.234714471091802, 4.350134103848883,1
19.266236504553426, 13.642812907376852,1
3.2117388283567228, 18.74546702587623,1
8.092909046425447, 13.725596739296867,1
40.59216342747041, 13.200204345500733,1
3.32369483769975, 8.622887127252367,1
23.191650763837803, 16.915734651641998,1
0.062468968389021856, -7.201388048048081,1
-3.975787581769846, 15.997654311913646,1
40.72157583964041, 11.915820730547905,1
-6.900857267238657, -2.520141013752705,1
3.1219984905449545, 18.51445713392978,1
19.516980008310743, 9.887423417126612,1
7.170877872717734, 10.791651824314846,1
12.917088555696244, 18.466123637734462,1
-4.403868511989432, 12.659201261694058,1
-26.70148776631602, 9.190274320756453,1
21.673027419680977, 9.597244168524275,1
41.08923945608188, 11.98867441526566,1
21.163256151168444, 8.945363464793097,1
3.5681947483623104, 8.691607269612565,1
-3.5413108832173075, 12.015883636189288,1
4.3184290294478895, 16.295869188890226,1
41.33015914538076, 11.861420166859274,1
-2.8478956149136687, 13.802213529153367,1
16.369297733408025, 9.319757437713724,1
7.911684112651219, 13.837927481535793,1
40.76761178194322, 11.620893412270624,1
20.11092322958338, 12.31932099235421,1
0.24238352000829438, 11.201512976488425,1
-4.2996799179069605, -4.50242307328118,1
47.461426122167744, 14.312669965352939,1
16.477818600834684, 14.449219625486734,1
16.1346594110874, 10.536762017732457,1
7.538785757563527, 13.899447627506968,1
-8.432839559965199, 7.776104363408637,1
16.62142030302517, 10.599181287353797,1
5.254354561046672, 15.45786726113875,1
-32.82711976065899, 12.402735182619914,1
-5.501683554924239, -3.146384764915534,1
-5.805821121002751, 10.523349309206127,1
5.2714707755211645, 15.141762692710817,1
-3.4707826817463907, -4.99066872577128,1
5.141838368006864, 16.98548040339561,1
11.595004615766065, 13.971722491057161,1
19.179816241561483, 14.841078035601265,1
41.113269144685745, 12.36074429394683,1
16.425746772605454, 13.599204888511595,1
-5.193560811028919, -3.76479804096871,1
1.7388893077979908, 14.042698109551782,1
5.037344734974183, 13.859501712338453,1
9.577628197731766, 18.93454831755812,1
11.37049188615184, -14.913252629128811,1
-34.41009480338702, 13.112611404945206,1
7.703988181621308, 12.848392213711236,1
7.752857735149213, 8.427150923013157,1
-4.681600149274888, -4.266869063688067,1
-22.86368899547534, 7.316218204494874,1
3.2304045586483277, 22.290169704422418,1
21.67604841357952, 14.40134781583456,1
49.346315525653836, 13.008292013597696,1
21.808283943610117, 14.576859954494898,1
2.963757974614175, 8.295120051039294,1
35.95555763693281, 14.51703323286666,1
29.3770207827813, 17.443709125512726,1
-6.536906770458666, 11.316668126814442,1
-9.122423119254002, 16.252141960819838,1
40.77958192392385, 12.382124950499133,1
-3.368266740569507, 16.39280667860593,1
-26.151038599668425, 10.642597446609253,1
21.785824131336636, 13.795914549352204,1
15.031818549155865, 17.115668483290133,1
17.99200229150501, 14.968667067569822,1
9.539672708533377, 15.03957220590046,1
-6.334738623301724, 10.993300790413493,1
-6.013012223873157, -3.1555997803477966,1
-25.77004646569852, 10.33360675731503,1
18.89456960004663, 13.228817119703926,1
-7.111649286497011, -2.9791308910972525,1
-13.219674383746074, 1.66531223797407,1
26.254379709236456, 17.04925559081476,1
5.012767503387621, 11.127572465973474,1
4.2436321393480565, 16.767844736124314,1
-13.357442007905542, 1.1610155065083265,1
16.50329945713378, 10.95528129659622,1
-3.749217625946001, 10.579899575070892,1
18.844054677146197, 13.416495265406773,1
7.606801536544726, 20.720171721060403,1
30.705400684322118, 15.033311022794178,1
16.12425479684157, 10.981260534766024,1
9.406305946961632, 9.474382782749943,1
49.2230839630026, 13.065792711133412,1
16.57269449396957, 15.257329560899562,1
21.180617501475332, 9.791680008361775,1
-1.3025114407130878, 13.142367464910468,1
40.93303641381934, 12.590970968038782,1
40.8959283775986, 14.349258281807902,1
-9.200115512419883, 12.700665791453567,1
23.068508394449832, 13.487194987275558,1
16.558070432849505, 13.247371833172096,1
18.61178187788152, 14.092498712411448,1
-4.621803501900143, 15.172724919767893,1
17.33685447601602, 14.967818192591434,1
16.168957643900164, 12.276258433284275,1
11.121832135640696, 1.3153259435748446,1
15.1175737798616, 9.10013947017034,1
-6.150659366808151, 15.55926338339145,1
47.4317454381828, 14.125874246853606,1
1.5758165099174117, -8.541661309780268,1
12.929884071355852, 12.444531881760565,1
-0.43177445528732533, -6.975457005247615,1
5.766054634838277, 18.062482497354306,1
16.379257115066835, 12.694091600179236,1
2.9667072920666464, 14.396826766878815,1
41.076545575450865, 12.105894844563508,1
14.007766908159354, 18.946754606028307,1
8.267562422189451, -12.111724343116457,1
21.12813298907872, 19.05350401104225,1
-25.18819668736135, 13.656472707042496,1
0.6437687542336733, -6.9040537238825825,1
3.8803388395565763, 16.040750495265424,1
2.130565851337361, 8.620640072184443,1
7.933006868152364, 8.830216569241527,1
49.23800259572911, 12.972150556355263,1
19.150016751906872, 14.120674152628316,1
-17.66051421855757, 3.57455538114796,1
-18.149670976594148, 13.475869337503886,1
-16.693291934510203, 6.4269196130894946,1
41.29748998817659, 12.180602767048178,1
25.39396059144551, 13.961318109116432,1
20.422940109912798, 12.756390937351041,1
16.038934353382004, 13.602208885149148,1
-3.000286086300171, -5.343017221358856,1
0.07345672039329493, -6.1907943787901285,1
-3.819868853305803, 14.623177098344932,1
9.38853731037121, 9.484799298522436,1
-2.2069291454216935, -6.240169990231385,1
23.883547771773625, 14.781559492850517,1
30.05616418871528, 16.87948152601403,1
-13.870319718525431, 5.17363818545137,1
-1.1887236505978382, 8.249698721443256,1
-1.8086131874614255, -6.445971407342578,1
7.1056088430004065, 14.771312814202767,1
-0.6750899032871904, 16.73902200369249,1
30.743955015989386, 16.521522278155224,1
47.498871446853975, 14.099714763419664,1
3.030607697489957, 23.270222533983922,1
41.55298140736202, 12.73041034402693,1
8.039166392363027, 14.204593741772555,1
-3.1700402599670148, -5.544669696813632,1
19.248428811864592, 14.9255015404796,1
7.131125659317408, 14.327097575930047,1
35.89674339250134, 14.35535583455177,1
40.71530629216885, 12.18942204818727,1
-12.71642542246153, 17.597827400515264,1
-20.695303973034306, 6.14731923477969,1
9.734233524098489, 10.110219280170247,1
4.1318803728837405, 11.32425235982921,1
49.143457369545615, 12.981496686259813,1
2.697503779627847, -7.425609752693088,1
48.958708858795035, 13.197019294215313,1
-18.33204791688474, 9.578979081798476,1
-5.987966410184764, 16.48504052398635,1
-19.283332370802643, 4.974876865049049,1
11.544176042124763, 12.535109895583231,1
-8.431642074144484, 8.236718716742294,1
0.0872884688258446, 14.61395865957959,1
16.98150592630241, 13.564936491382815,1
17.839354265326474, 8.918167036806718,1
15.421082856099094, 13.868670849918752,1
21.497218642519343, 11.66919975576603,1
4.561777569544771, -10.344397425710772,1
20.423240054105612, 12.723206861156996,1
-19.40929527422106, 4.674290832638108,1
2.854543762691741, 14.063477951626592,1
47.59199576309936, 14.09696867000229,1
15.243677992304631, 9.427019763639986,1
5.658627154782846, 16.90708299079529,1
3.0163117148452474, 12.656409412250662,1
1.2236280799970005, 12.01454547213635,1
21.700306813793368, 10.676415149101668,1
14.042214533762243, 10.872563083801293,1
11.653616996032127, 10.582608474937372,1
25.05460987901067, 15.357143601020114,1
34.111809359910275, 13.437486569611766,1
-27.030059801515495, 13.061496956138711,1
17.501080239687145, 9.827417288075411,1
-8.539533632168364, -1.5089493336598263,1
2.749339481776279, 8.753586399503288,1
-9.55179225051185, -1.3451090718650316,1
-5.704140205429886, 16.129306045964007,1
-17.804785838156995, 12.643496444317648,1
27.545252442148268, 15.032386597969017,1
2.791352646206796, 12.621430542813284,1
7.022776253203337, 21.330807361094468,1
16.073916112335777, 14.75773903471905,1
20.739706014480333, 13.680915218988824,1
-4.339631245024334, 11.138258450912856,1
6.377144962175336, 14.175790033554707,1
-17.85433898592023, 9.45546282918005,1
12.36862839289692, -15.625768853380109,1
24.896444848061126, 18.582182619321408,1
-0.18602837107426862, -6.811821136995943,1
5.037094292363872, 15.083518376850758,1
21.00260060538129, 13.083361563568628,1
5.383408930580092, 15.37867192998964,1
28.664426139579597, 9.154531296785082,1
7.699433822892766, 8.932894690993123,1
-13.145342912313895, 0.6799750393323679,1
19.72930679361881, 13.278497923510363,1
11.291798357241467, 17.916172870224933,1
24.04024352252446, 8.73208821993531,1
2.1668674257139036, 9.134509169026412,1
23.806145718980886, 14.22327338991733,1
4.405067288922078, 11.445535499895312,1
-0.09066241368270933, 14.88353835672009,1
13.064577779500135, 16.970641083761635,1
27.627617933651116, 15.420368325043432,1
4.097931621634074, 8.569217601719076,1
1.0556440523125505, -6.44559186525261,1
8.500120832956803, 13.730959219336494,1
-4.9136858204417795, -4.092030727331963,1
0.34981996793819076, 7.890898494294289,1
14.772731800456317, 10.370568875705755,1
9.730808926471006, -13.17946486259073,1
15.572807372075316, 9.773812260042027,1
2.9172366510723675, 8.63661859586447,1
15.084253944620427, 9.737661414240602,1
21.458277197225904, 14.238336112571801,1
9.224022562989935, 9.911307492079748,1
1.7152229266142798, -8.876054496057218,1
34.10087535951698, 15.821346522616887,1
-11.505334017985692, 12.120383542703138,1
8.090298136979579, 19.962875027252014,1
11.932480313881824, 17.8260412397511,1
16.77621367787282, 13.560788495769712,1
29.81605510106457, 16.88952482969619,1
-10.015973161226333, 12.60359042550557,1
17.638040849624023, 11.652983327393429,1
49.1496827042781, 13.04090358835725,1
6.86000452447297, 8.65105153557383,1
13.003972679209765, 11.943697786698786,1
-9.238753263433862, 15.278449916353066,1
-4.81256395970589, 11.209787436961172,1
20.84337715250365, 14.114563906060717,1
15.64344393109657, 9.883548747197477,1
9.522939808918302, 16.887159639324818,1
-10.73892067302412, -0.6590509841865599,1
8.862860667338792, -12.886661780852402,1
-8.1669142746196, 15.120211894101452,1
-0.9516423527511596, -5.931534081823271,1
12.83822496736046, 18.43402844473669,1
16.423373921635708, 10.923804385678388,1
1.6710913086784667, 19.921502323985205,1
8.014476539466402, 13.769434620846596,1
-11.316342542213079, -0.5910252233662815,1
-4.769196593985778, 10.501261137785402,1
1.080101480407203, 24.672334328104284,1
2.826357799479233, 16.373262947003294,1
7.987977708814904, 13.265785067655827,1
-20.759637803930673, 9.777549623634345,1
-25.872731170590846, 10.1650021062491,1
-8.81606378737753, -1.6521037612367078,1
16.532816477133892, 13.516692019603095,1
9.160095919238953, 12.695599367486334,1
-18.718785035159698, 5.037149562158404,1
21.317502336662386, 11.58632583359589,1
9.753220961766413, 18.596567094419242,1
2.6582298459449323, 9.209682805872632,1
-30.51127240087274, 13.499260031275055,1
-3.2768335538179003, 13.464251451985088,1
2.8587763305645275, -7.3941191821754355,1
4.8843092170598785, 14.978431605211815,1
0.4626926924132042, 9.396819784157259,1
4.425749528651593, 15.698267541391623,1
21.680206733623173, 13.063741676871272,1
2.217460170484424, 8.87414235719641,1
-9.785635765521203, -0.8867868945664108,1
19.256995615112725, 14.411246765753846,1
17.906383428198307, 13.983699728172951,1
9.621039029281025, 19.682911217097654,1
4.965976633046527, 9.620527194617575,1
2.3297652958216344, -8.346708736006436,0
13.611711908831264, -16.40324671832347,0
-0.4733537576927726, -6.646666120546308,0
3.5472519978807093, -9.649108152424185,0
3.5969577999059177, -10.232799109079393,0
-7.370474395954673, -2.4226316496546603,0
9.497002067210769, -13.68020168125002,0
8.392245913222986, -12.457972300533834,0
4.054951474720758, -9.501247354505644,0
-6.167653264302226, -2.8398797783645375,0
-18.311743420777553, 4.576861152456045,0
1.4291255656467874, -7.864432243308193,0
8.723398473292153, -13.281019797907529,0
-11.060507026546084, -0.5904992259693643,0
-1.3857251070323495, -7.087775502817035,0
-6.5745635523136166, -3.4469503110553,0
-14.159004301241206, 1.5652085187696456,0
-17.321002646565503, 3.9989087189429187,0
-1.065062773296762, -6.756472895987983,0
-0.9064817981317055, -6.853703762077138,0
3.684875019790244, -9.866693918501975,0
-12.741453106122142, 0.7436786854319084,0
0.9307198456766695, -7.344984566413055,0
3.1406438028370687, -9.68721248824722,0
-3.015855958861702, -6.105761368884827,0
-1.831098608937801, -6.2041675591758345,0
-18.429317344413924, 5.116639124936716,0
-25.259893394269795, 8.31661812851235,0
1.2311458705926963, -7.860297225747152,0
4.081108860274638, -10.19386656151695,0
-12.555315661639057, 0.5504648366818647,0
-17.62288812913595, 3.9208177487233655,0
-11.289686767940397, -0.02338285915124079,0
-12.993375743555553, 1.4134639552785084,0
-2.4025594683296405, -5.6479191112721985,0
3.4183755656041592, -9.182558428237465,0
2.709853998777185, -8.569106206669465,0
3.9013885481903117, -9.912625787421893,0
-0.43264776496913243, -6.530394003664675,0
1.0805722377990632, -8.120903505399815,0
2.8740189613414304, -9.298009510765445,0
5.622492901843628, -10.975359125684125,0
1.1482736339022275, -7.737230717484881,0
-5.434850052172227, -3.247326510926173,0
-1.9643922209180529, -5.6215443185627265,0
-6.019677458131997, -3.4124382973448424,0
-11.056805317909719, -0.13217314476648817,0
21.411507341326082, -21.987371353429154,0
10.591730844899411, -14.213443639010157,0
-2.9101146450839583, -4.3633488826661955,0
-21.10106368303859, 5.954978442912728,0
-9.787753186673843, -0.8612812163277886,0
-11.766282899265375, 0.6118732532328955,0
8.526966174818211, -12.780477069971143,0
-3.399588593423684, -5.009878296477517,0
4.508321427707991, -10.205047253552829,0
9.439307540078481, -14.125046661616524,0
20.182623409466142, -21.333593071509256,0
-14.845638810494881, 2.1458859891100475,0
12.211941924047265, -15.301915765006392,0
-10.788060368499533, -0.36100071828228775,0
-4.719261080954264, -4.226104020960401,0
6.9215281525335905, -11.477677977009805,0
1.250991570376907, -8.118028120416152,0
-14.22718829634202, 2.0344454795003837,0
-1.8547503571448896, -4.346598774932009,0
2.508578412170822, -9.075895193423646,0
-7.547269408592943, -1.9661664955021712,0
3.143913883344127, -9.848667562470864,0
19.18281323349271, -20.16774721155809,0
-21.500625560003737, 6.828959895816559,0
8.347170581382715, -12.929788137829618,0
-20.55048329908159, 5.574302155472612,0
-11.342312746960957, 0.09456845709785933,0
-4.92238406705024, -4.427634098373121,0
-9.22235286924471, -1.1846528508590644,0
-0.47437534326089614, -6.864368371832154,0
9.134681796343855, -13.237109695356152,0
4.388706243983016, -9.84529813467412,0
-0.5161476156988393, -6.959576257668568,0
-13.192814058188668, 1.3630802548479715,0
-6.7795042938435985, -2.6102736816432994,0
3.3057804460817226, -9.21146463912249,0
2.8475723771084955, -9.243288434450356,0
19.23712695883752, -20.001533225702282,0
-4.334022305347527, -4.352329589263374,0
23.04767201404901, -22.381762348571183,0
-11.065109594597892, -0.2274723444690361,0
-25.2836106516046, 8.312416276100054,0
-24.281877587342724, 7.610358898525223,0
-16.77293988416936, 3.1945003994615853,0
-18.212451416817917, 3.8630154612767775,0
-8.69004113648041, -1.568182598536782,0
4.108083683108558, -10.065658838104692,0
-15.373815545036727, 2.966112780705919,0
4.465037486276904, -10.214494279682615,0
-4.896700670387583, -3.5839683662065545,0
-10.073233219572, -0.6797296413527134,0
-4.513723373318053, -4.691892277082136,0
-4.368617175431001, -3.6001324640099424,0
-23.355462109766446, 7.3973504888920285,0
-9.186761023057787, -1.396290847998884,0
-15.386615069365243, 2.8124337994335873,0
-10.726148451068386, -0.7472954798618637,0
9.997791341525826, -14.161863176533169,0
-6.86774519926071, -2.784190495219269,0
-3.954353872695376, -4.711266751456835,0
5.054750388211646, -10.030249628638988,0
-12.38010149153278, 0.2967025622968885,0
-3.260389454878617, -5.141243671226288,0
2.7241591769007325, -8.87358456563692,0
-8.720010332984769, -1.3468762954998588,0
-12.757817656606388, 0.8754314775286137,0
18.356952656412705, -18.58388862073368,0
2.5052503219777265, -8.725223982107991,0
10.939707594176966, -14.469425111132436,0
-0.10896990176854872, -5.407930458696645,0
-1.7639758856135543, -5.315153073441791,0
-6.397709925457545, -3.2081993906020014,0
-5.479380386383857, -3.7021448329754922,0
-22.745163994146825, 6.720348018247492,0
-9.335558277473258, -1.3690653551243586,0
-18.726116830344136, 3.8107185930487044,0
-10.287942053183082, -0.6841619696136096,0
-5.118601055569992, -3.3922313865625933,0
-23.02999737357105, 7.238652451763449,0
2.4840920308943244, -8.767053995932386,0
-11.978955471206968, 0.4599968096368078,0
0.24624636520522988, -7.6946961605212865,0
-2.118883392304173, -6.327663282815892,0
-25.104662693526027, 8.93233936537052,0
-8.705201677270146, -1.4618300479982438,0
-7.598006170270096, -2.3434787943359723,0
1.7199373157615503, -8.227304674020367,0
-23.18112776885062, 7.393058310861439,0
0.7913329602549909, -7.464379481678764,0
3.629713913676817, -9.565310966807628,0
7.633517406800319, -12.555749202501195,0
10.460039370316077, -14.425169411564635,0
-16.591688429012475, 3.411144851959659,0
5.99233087836173, -11.325908698595718,0
5.525289557940697, -11.739830916199098,0
-3.3717879491590246, -5.32600318349979,0
-12.885577903783034, 1.5173402438382253,0
4.181919266743186, -9.663261749967623,0
0.022093008987986995, -7.075238357874042,0
-3.3457148978912676, -4.66224850018213,0
6.698685491387266, -11.48783553111992,0
0.014394750216981764, -6.820743877573957,0
2.1635100792641033, -9.257866195300332,0
0.051934660725075535, -6.588595928852621,0
-4.252690088163562, -3.2391567027427235,0
-24.919354456616254, 8.778642939338042,0
2.8971246964730724, -9.388651559663785,0
-4.9478362952389014, -3.799752100736939,0
-11.093475344482313, 0.3544462619966605,0
1.2764946485510427, -7.134772424662457,0
-11.395487771066122, 0.31225038962403456,0
21.568412856846, -21.692975481798875,0
-4.513723373318053, -4.691892277082136,0
-10.45875169198589, -0.6290480666328397,0
-1.180378072917475, -6.257669290689413,0
1.1743543030684187, -7.793042870098935,0
6.91948813220457, -11.827355295983159,0
-9.860661377122122, -0.42492979582905094,0
-25.69581032689281, 9.429536962629497,0
-23.193896732531794, 7.015839374716724,0
3.381458035013605, -9.254136483408947,0
-9.730633636174195, -1.0190007573164792,0
-8.958951891019977, -1.2674819159472148,0
8.97390523265615, -13.716219706460716,0
-6.5280177263131325, -1.320828665820173,0
7.9343679520891435, -12.575590219824905,0
-3.169499676717927, -4.954559771987933,0
5.077031831054607, -10.8009625265488,0
10.61891501724541, -14.584666527360206,0
5.6986766395876955, -10.973259551977312,0
-17.471792773963404, 4.033187058042774,0
2.205499401919827, -7.71301470679008,0
-2.2197218119829194, -5.415454737608694,0
-8.975275129258707, -1.5282744533441792,0
5.538876494648075, -10.291162044639275,0
-5.761485111221577, -3.108139722873336,0
-1.391692300127833, -6.474090745895026,0
-4.298640229321611, -4.258028954795468,0
-15.516087308996719, 2.8693123224769166,0
-4.409119749856959, -4.213248017156507,0
-6.424356390535531, -2.7281448201867176,0
-5.601072174020445, -2.9972639887018913,0
8.403863457211594, -12.813386122300429,0
-26.56597751557849, 8.924346054443866,0
-2.0657339256958664, -5.934967524696799,0
-8.686754259559734, -1.6683376807477304,0
-9.17815545158279, -1.6167171463161625,0
-7.873652024047416, -2.1502968120065784,0
10.42767410078541, -13.343604386429266,0
4.0369973095894744, -9.694944415832902,0
-24.526913713723495, 8.553565156462378,0
-8.42618169268916, -2.2411146818675935,0
8.450405780875824, -13.124696245187042,0
-0.08496197715903964, -6.94364546934882,0
-10.10438654210269, -1.1803250791935977,0
-4.626160239760009, -4.100651565346013,0
4.004517738936864, -9.5771147736289,0
-20.035770898261745, 5.987991169516973,0
6.0854909404952515, -11.283068883231024,0
-24.988727120574424, 8.30050848711084,0
6.273712794195429, -11.662313474231293,0
-6.019677458131997, -3.4124382973448424,0
-6.309913644583963, -3.0692417950602744,0
-11.423866571020477, 0.1521349832163161,0
-3.0902479508286005, -3.973916064465106,0
3.3964354249173008, -9.813233576479906,0
10.305178020027311, -14.201224979106353,0
15.487251247709429, -17.617910342147873,0
-1.4592758024552017, -6.304666512583633,0
-21.004454173390297, 5.788512310901142,0
-11.211921695529778, 0.17332171052342008,0
7.467570953589568, -12.751964891325354,0
4.8231960808740215, -10.277237489141202,0
-8.28294489087915, -1.2164680127809935,0
-7.847639360354859, -1.7187055064328671,0
-23.18059374268344, 7.790012775589602,0
-5.935659514376319, -3.9425489781034035,0
0.8301946278903565, -7.605199310036887,0
-19.683590349669185, 5.613014457307593,0
-5.560309691167852, -3.646211714087327,0
-0.8167798831791014, -6.566110435395858,0
7.265064738573887, -11.804186235945423,0
6.377578445061605, -11.852227499816344,0
-1.88536877683571, -6.476261608926114,0
-6.926903140022152, -2.671389726072284,0
-4.646571714557126, -4.7580810056904665,0
-11.022326600331832, -0.025258269150599377,0
-4.871285300590318, -3.769542810298144,0
-1.0693765999747247, -6.112819250377126,0
3.685283788941723, -8.665324992472257,0
8.669822217801624, -12.646147674622167,0
1.5451116578735762, -7.874705140415798,0
2.2784436687939897, -8.150894873211223,0
2.9074365139515193, -9.136934654626337,0
-21.313911798526362, 6.599603516957809,0
2.0082479074875823, -8.150988914288485,0
-2.9881259151766297, -5.256968431469958,0
-1.0874508478943716, -6.711800557247903,0
-10.901363847333977, -0.4109341127830284,0
-10.420082611596184, -0.6260283630873648,0
-17.671695707393855, 3.82912337269814,0
1.5413482216582801, -7.784764621318478,0
-2.783495305572012, -4.239200874587191,0
21.89533741668317, -21.89534271954723,0
7.006043679687091, -12.143837536323575,0
6.518518854471644, -11.356981265856508,0
2.947769736134318, -9.403806790711181,0
1.9486937757349088, -8.40352076925462,0
-5.041635459190833, -3.822558791855052,0
-3.3061970753144045, -4.3960860886277064,0
-2.998564175325362, -5.178078039932721,0
-6.378204137188882, -3.2935965111645245,0
-21.459076305835648, 5.705075868295233,0
6.850254673481569, -11.81781006035665,0
-15.633741247215921, 2.9823621058717977,0
-5.2332029387396215, -3.8471645571296293,0
5.423769896284359, -10.598527119809484,0
21.15552474381341, -21.777691502004508,0
-6.751163276940657, -2.3183614644761397,0
8.600978787422322, -13.2779815495203,0
-8.15797128694447, -2.387576065626303,0
8.50037496741417, -13.530928492940625,0
-25.395450660245533, 8.741371598026324,0
-19.246150720415987, 3.938962447918979,0
1.3375440714185938, -6.67769093905572,0
-14.324036386373654, 2.6594940581365654,0
-19.148329795217176, 4.652929516473938,0
1.2745785226615656, -7.885639413434922,0
1.5962891584722638, -7.708430190071024,0
-13.290959045170291, 1.1799812556788203,0
4.415131084846063, -9.908390446071285,0
-6.068434060413072, -2.805623685527645,0
5.758717942618364, -10.984680056382105,0
-16.77275511979938, 3.4213198306641406,0
-10.60738652292864, -0.7251665497760514,0
2.7318859015303834, -8.884843888228879,0
-10.776557094314517, -0.3997916286602866,0
2.960704969772881, -9.025857233550163,0
4.011792497486952, -9.804387873338959,0
-2.8935502035257716, -4.64489994345705,0
3.9060418919602644, -10.194632523316328,0
1.8162077351413946, -8.06024581336785,0
-25.40961607878218, 8.372728756951068,0
-22.925493557564575, 6.847245949146812,0
-20.578328384031803, 5.715209065247083,0
-15.35712979451796, 2.7361920415977066,0
-18.691960341511578, 4.391762877238209,0
-14.95167622971774, 2.455814579966287,0
-10.98981628414098, 0.14621997682739626,0
-9.685725431784636, -1.2795592674043899,0
5.924027682689983, -11.264906467678546,0
-13.299666492916607, 1.3332847369289098,0
-2.01919019490152, -5.758660793314566,0
-3.775181113492913, -3.911154733480135,0
10.375131809368503, -14.421576071685525,0
4.125664587771811, -10.638471612998734,0
-11.37854586854737, 0.11783890665862609,0
-14.45669919429474, 3.0429147338234115,0
-7.0112452216432875, -2.995452144996996,0
-0.7655814918223031, -6.949067105016917,0
-14.90460794738348, 2.465906444667882,0
-6.452677900957479, -2.9762326438117017,0
0.337362821313603, -7.268616955020327,0
-1.7368272443913038, -6.443171011759902,0
-8.459647559377856, -2.1220974970026307,0
-9.709293740889358, -1.1982235573164044,0
-8.575572431761493, -0.9071091232321186,0
-10.913886813624238, 0.258397517296617,0
3.624685284355504, -9.17342459166445,0
4.143861054547276, -10.065717379145322,0
-22.880641331948546, 6.780136960017267,0
-2.745125888708162, -5.6762986960662705,0
7.43178308608742, -12.37113948886145,0
-3.7848807173118115, -4.620182491106539,0
2.850583423267549, -7.7657265271543485,0
6.824883291390387, -11.599377955992932,0
-18.042713269322217, 5.349875860951956,0
2.9809463368735596, -9.740243597776205,0
-11.246982627680193, 0.32258422974254586,0
-9.239898715821347, -1.53762056282276,0
-5.893327440603172, -3.6336792473888315,0
0.7522461906923756, -7.949910681944863,0
-20.03106855109362, 5.206067311679045,0
4.180514560045083, -9.939457676820506,0
-9.462044904024204, -0.5559851010714438,0
6.904727676949949, -12.031141127867793,0
4.392371930271009, -10.075942616725117,0
-1.9887090895721773, -5.8697984549468245,0
3.5362317904565432, -9.835078525816272,0
-2.87949930975156, -6.23947413828918,0
-14.479396157258293, 1.974455682620475,0
4.993157923170957, -10.255492031422238,0
-4.274854225330348, -4.486523121733055,0
-1.8253365080744655, -5.243556097229751,0
-2.352215677026545, -5.205313817691862,0
-2.482468592777029, -4.966952018281988,0
3.1309024139928106, -8.856410233834046,0
5.556458604055105, -11.135646513931684,0
-7.601988595582284, -2.249005717306217,0
6.803408632740013, -11.851709668159778,0
19.157889900948867, -20.526683478380804,0
17.287204451288222, -18.93240800019334,0
14.524240545392837, -17.7234266233869,0
5.61156541610662, -11.553567441598327,0
-6.985137133135451, -2.231984034037947,0
-13.07894842448647, 1.9129733246262584,0
-20.535037760881515, 7.090025804153918,0
-8.410320398790944, -1.4968531283036026,0
-22.32529616687252, 6.69041251195376,0
5.6855179028653255, -11.220036050936104,0
-5.187868338852348, -3.819492845114197,0
-19.446218312630876, 4.364564555108541,0
-2.224861527573825, -5.060049666012593,0
-13.75884121993006, 2.0458091620969014,0
5.289171233615392, -10.553434359431972,0
0.8503232908001042, -7.949846818619242,0
3.776285979493379, -9.863700553697194,0
-0.4153105740183152, -7.4047674823048215,0
-9.599153349907068, -1.3264020664762228,0
10.198707911542124, -14.14108449794149,0
-5.788723390046097, -3.173473478775773,0
4.685017230873334, -9.764117346473574,0
5.2548883977117615, -10.712487601521264,0
-5.006069136115636, -3.302903949750879,0
-7.693573928345472, -2.5018572009101465,0
-24.962734256397916, 8.292024317428671,0
-8.084086177616847, -1.8926994465805733,0
9.622739027299355, -13.725180220690124,0
6.345450091207206, -11.760494151309908,0
-4.082235506895046, -3.341012265996768,0
3.0576624386300004, -9.11308162300949,0
-10.493993551241973, -0.3682793247017111,0
-1.4458354372686413, -5.58494155551364,0
-9.90651593611424, -1.3142859589810882,0
-17.219468194685753, 4.132820808155682,0
-23.155653259263282, 8.129854378517456,0
9.609232484199472, -13.510579430435874,0
-11.581259632854339, 0.027898816004513383,0
-10.721227879585594, -0.6962706590897612,0
11.840885750736144, -15.136991145728736,0
2.719820121422783, -9.399072505428153,0
6.465093615932096, -11.599339369275567,0
-0.9323413048538179, -6.274195230695362,0
8.46992034883419, -12.88402876862053,0
-8.155509926414245, -1.8677615737685258,0
-4.741756519703248, -4.229587240389672,0
10.890402945371662, -14.568918397430197,0
-2.295877733791142, -5.780451599784862,0
-10.87293914589483, -0.23055801253822142,0
1.178081651091672, -8.689158340343294,0
-4.18034618884179, -4.007992478359282,0
-0.33471218599917735, -7.338685363333019,0
0.7171389519415629, -7.916020922046723,0
8.052930625368802, -12.810342062495351,0
-5.036751110719673, -3.3153357513776855,0
-4.910229762503946, -3.9809676900211697,0
0.9752776010453932, -7.20145086603007,0
5.785367673957398, -11.545412620091588,0
-10.51437982626305, -0.6016766597603262,0
10.066888502796786, -14.142740382748366,0
-8.895137500925598, -1.3247938477789558,0
11.427954398861656, -14.678349336770584,0
8.572169962895815, -12.709490251782658,0
20.1265089126528, -20.888287104771514,0
0.8521805505047961, -7.8548882705803535,0
-7.699824784029109, -2.265727084547122,0
-4.15833334085271, -3.8858137168835776,0
4.169341094275742, -9.418902300082538,0
2.0538804445579064, -7.946505049075136,0
-14.519731033474017, 2.0778555342996907,0
-15.971137647784373, 3.079151265507398,0
-14.517837638555726, 1.8453571402329156,0
8.991530294774785, -13.200295968883065,0
8.049028159711963, -12.588435763006405,0
-9.706390956495696, -0.6961445357132903,0
-0.5512088516811735, -5.14229646398941,0
-10.91683658884459, -0.4701573391857683,0
-14.048938544149937, 2.3791117535707986,0
-2.655502478165366, -5.378517632521188,0
-10.628236021822499, 0.37628269479609383,0
-22.937683607709452, 6.693439070355471,0
-0.7938646072144099, -5.961353766860433,0
-6.86774519926071, -2.784190495219269,0
14.66458110575769, -16.87433128453882,0
-3.577462944297538, -4.523766481869302,0
2.5026522417342907, -9.106115321501957,0
-10.938203262581656, -0.20857262789049694,0
-4.85999912961737, -4.128309977174944,0
1.1400087977642412, -8.677671468883112,0
9.032122190088053, -13.895841132958708,0
-3.227785151974282, -4.571700498596769,0
2.2712129294535806, -8.85751736670649,0
-2.6805624835690858, -4.6434944888361995,0
9.416494538555964, -13.465330931607252,0
-19.536777222735417, 5.463298091151598,0
-8.432271237667875, -1.629329408284227,0
-0.40455670955696876, -6.35557885924079,0
-6.019677458131997, -3.4124382973448424,0
2.02543802504168, -7.749264647664234,0
-8.440271526729987, -0.35543241249320034,0
-4.580902032049978, -4.529154644366052,0
-6.948015056530341, -3.0995609069231533,0
2.70843464686737, -8.9086422061296,0
-11.452986807445521, 0.4805450433261423,0
-9.246214482482449, -1.405558087180887,0
-4.863578614993954, -3.998254532919017,0
-20.96092185210357, 5.746410817212175,0
-1.4313971208167622, -6.364187409333072,0
-1.341991624421851, -6.126840610196005,0
-23.305574096845223, 7.231189715923009,0
-16.153597699690913, 2.7434288125901087,0
-18.314194071185135, 5.138886223534263,0
-20.181302506168922, 5.50324665260842,0
-0.9274426383424841, -6.576361515260669,0
3.4000611263405958, -10.209266582760161,0
3.7044839069708284, -9.374637171022385,0
3.8149158746236096, -9.919825375966225,0
-4.741818314285989, -3.886183562511363,0
5.604650663950208, -10.639461279911325,0
4.426848468959149, -9.767295139170258,0
7.258470812279131, -11.784527382215362,0
-12.566980009789068, 1.4324817972941095,0
4.022606700335478, -9.365581883439209,0
0.1595897028864034, -7.291506505514678,0
4.564093186271566, -10.23375535365159,0
-7.688881957652479, -1.8513649848832425,0
-10.207719229250618, -0.7677685904478577,0
4.778571477792354, -10.36975237635837,0
-4.389546379191935, -4.077495122374819,0
-5.8275719763738705, -3.489442798787598,0
-8.981558506240313, -1.3439876019914099,0
1.3788502328162369, -7.869790518296019,0
-13.294401797396711, 1.6049275720090643,0
-8.755999904619157, -1.4951279042299337,0
-5.419342006453399, -3.483534681236342,0
-8.652496592253076, -1.9733352513708862,0
7.120120538551353, -11.967143993637144,0
-19.07972266557477, 5.031698788765894,0
-7.8762556925968426, -1.4950750482465687,0
-6.164132680524812, -2.5763151283085506,0
11.329618473366793, -15.037254825413967,0
-7.502888027433109, -2.7419060346054613,0
-2.4703536673859747, -4.813980357371852,0
-1.565762994320003, -6.243000087334018,0
-10.945209240442315, -0.2900857218327112,0
2.1992299114519307, -8.70074755571287,0
22.107675167469413, -22.12654486396056,0
22.673911261650296, -22.731411843749612,0
-13.943014029834599, 1.880843069679405,0
23.160175854039903, -22.99606781334412,0
-2.94739127543791, -4.721425143054194,0
-7.0303330009515985, -2.875906205987485,0
1.7552479848044342, -8.537761781416673,0
-17.28150024891825, 3.843559793336656,0
7.318884677023205, -10.207233050170096,0
-8.86303111890594, -1.9035634174586373,0
-1.2932376326887436, -5.948492012763425,0
-11.874187114041566, 0.3586094396466363,0
-0.47606683746734646, -7.497123504580258,0
0.4891449040955936, -7.217274593289403,0
-10.42415563541162, -0.302107904428105,0
-10.191246611337135, -0.4734742498409683,0
3.0001619982991596, -7.896266840756652,0
-22.85633271292334, 7.032139725917212,0
-8.740116485599232, -1.0971439599921948,0
-18.645576022041986, 4.840284465061885,0
4.84881784824705, -10.783407944511863,0
4.088161518771073, -9.915198176661098,0
7.08045678031448, -11.723615933226904,0
-11.228808139046377, 0.38433946332004043,0
-23.036266114832255, 7.4864102235603385,0
-4.79564789986926, -4.752848106511438,0
21.326710754634668, -21.894453146631264,0
-11.410019936165972, 0.043306389931326655,0
3.8912089804881385, -9.98906442755091,0
-6.030652431763938, -3.2915827678601657,0
-4.791755338460798, -4.028674269015494,0
-6.803068720811268, -2.5596207859778173,0
-18.640835269656577, 5.184158202680607,0
-19.683590349669185, 5.613014457307593,0
-11.190311403374483, -0.41734852268595346,0
1.1142329210936137, -8.076161807852156,0
-17.177578676171958, 3.6815131059363155,0
-16.243017935306565, 3.0177783166414303,0
1.3721998248258014, -8.710061026450848,0
-1.7312130845688076, -5.355260352418244,0
0.8775182183378074, -8.338772829321215,0
-0.36924680815131977, -6.69508825225637,0
22.495951038201145, -22.044790746091948,0
-4.81877978274869, -3.988952998470826,0
6.462388923591983, -11.887758158815632,0
-2.159183537394152, -5.48491155755471,0
-0.3426950688907503, -6.937091655798433,0
-10.597465236130324, -0.7845252828227396,0
-3.614647027605305, -4.304133614314254,0
9.033033735797645, -13.558876495532001,0
-17.31900693605691, 4.174386282174694,0
-3.572409343846039, -5.024154063011715,0
-1.2305185249307375, -6.568844992159783,0
-6.44527246305742, -2.7952472547043032,0
-6.657339926244597, -2.40556170802415,0
4.602032549814019, -9.825771463796645,0
-1.855842489990671, -5.351183791276692,0
-18.678313972902323, 5.304487747786077,0
-14.708296890750207, 2.8063040439113824,0
-1.7897109458455083, -5.525589948400149,0
-5.293333320492092, -3.6355086489956587,0
-1.7395039110748527, -6.152075076286675,0
0.2723620094003122, -7.113220488763561,0
-2.9322640696424083, -4.3708556027587635,0
-1.524301051924681, -6.096382936482869,0
-1.1015688192783841, -6.093843939199219,0
-4.405297427974066, -4.402900252776432,0
-2.0960431561759605, -6.0296245987451265,0
7.718445565755241, -12.0008237590153,0
-1.1734740030891522, -6.717774560222685,0
-25.895940203905052, 8.852524063792073,0
1.3497996683819853, -7.911506113386819,0
-6.7931673992833765, -2.8237103863156823,0
4.063680948543411, -9.996884984111714,0
-6.842445720092726, -2.8205905733596426,0
7.019998756093943, -12.2606515877651,0
-17.10616691021531, 4.523151809572019,0
-19.580202069316883, 5.839580176899746,0
5.606697476041759, -11.42360686982811,0
-0.6810772297863731, -5.818865678236947,0
-10.735224222646288, -0.40873934445574117,0
-2.4372792716198353, -5.27650174654006,0
-7.966752062334241, -2.132846857569602,0
-4.14549777803706, -4.891659716355889,0
-3.448997097163012, -4.623827618969828,0
-8.323277608901684, -1.7278509631788934,0
-4.868391659513022, -4.215998069720015,0
1.2751312575793496, -7.961815279680427,0
4.022757210142543, -9.721691355300832,0
-2.989089219070263, -3.988536201572913,0
-21.444349512105973, 6.270466995451284,0
5.671899321685305, -11.124136104700408,0
-1.12694559006246, -5.774562528563398,0
-1.4415363341115555, -6.264213605681036,0
8.472140390890168, -13.122523080446381,0
-8.77456909857191, -1.6053090804201406,0
-16.568591293130993, 3.416420077002938,0
10.175501005621197, -13.556595383620381,0
-24.354491007093706, 8.167317798408785,0
5.8291179254654, -11.373520300963992,0
6.0426486774716075, -11.036848169162432,0
6.429036800784313, -11.381002925937263,0
3.430871065871111, -9.568587581868961,0
8.77623404547004, -12.605763713113625,0
2.0392982300600697, -8.521604562694131,0
-10.102373977239806, -0.7779187194396093,0
2.4675123676659165, -8.270666335774948,0
11.320539288805548, -14.839099132532358,0
-4.12685152550217, -5.1859893119886005,0
3.1522844658194433, -9.8302453277274,0
-16.630941745237592, 3.7039311720071817,0
6.892235863214096, -11.90636248129059,0
-1.80661443225237, -5.49397382763919,0
-26.551564986359253, 10.12067648314748,0
-23.55441189127044, 8.799914199540556,0
-9.564543686031303, -0.9533502131479622,0
3.945236240099037, -9.653890523169325,0
-10.611512063519019, -0.22559901127395468,0
-1.6561755116277033, -6.0010725803880645,0
-7.348756613360097, -2.5232228675647375,0
-11.874187114041566, 0.3586094396466363,0
-26.711421437295726, 9.397507658240988,0
-10.38196790617245, -0.7149546970303169,0
-0.937527557918076, -6.960552996701145,0
5.010275654538535, -11.250976524658547,0
-21.237656728307243, 6.005854296487491,0
0.0019791960223594918, -7.774102584138286,0
-9.07985568116796, -1.235869543774723,0
3.468223968874385, -10.165561178511407,0
4.413910116393973, -10.339761220660787,0
-9.208637276566787, -1.7067846891425573,0
21.508708981498707, -21.738260916955415,0
-3.54091285392099, -5.374199321641321,0
0.615763950729729, -7.2609118649808195,0
-6.435243493324853, -2.461546524925233,0
-4.713903365511424, -4.225773606218649,0
-25.966214663122074, 8.643176931471752,0
4.251266690379771, -10.663711478782826,0
-22.566250214233154, 7.070514355188412,0
-17.885460663938613, 4.23259095465813,0
-8.060714237311323, -2.1462071893723222,0
-2.692510696609357, -5.227285791773134,0
-7.651982377513802, -2.117092643208379,0
1.8379382167358245, -8.41776457885354,0
-23.66395906899725, 7.2555845079193,0
-2.3960397073444395, -5.501848634785339,0
-4.827976699662627, -4.100755721693303,0
4.480510839303946, -9.495100213294329,0
-6.7862542730562625, -1.6651648884777328,0
5.136742504355332, -10.11286487322555,0
13.49123410256956, -16.458695280620255,0
-1.08683736766741, -6.4381172796390915,0
-23.299653100876448, 7.139106698573271,0
8.729088765330944, -12.997916252667334,0
8.910306792009667, -13.530535579474265,0
-9.315577730932956, -1.297441051115795,0
9.92867061995788, -14.036513772350908,0
-21.11742655459824, 6.615987494205309,0
-0.9678551918009978, -6.269530263458924,0
-8.426801083779061, -1.8239763027841187,0
-4.1793773630290945, -4.068348317839578,0
2.0251010649871746, -8.75485638449657,0
-7.136949636742248, -2.789272748609377,0
2.5422399760011793, -8.977908945870492,0
-1.3885409247090987, -6.323024590941091,0
1.9139397693652374, -8.792557012450464,0
-5.217809228493981, -3.5076867386262633,0
-11.126775493717519, 0.13178019590169004,0
3.453409079206812, -9.286416623497866,0
-0.46455977973423723, -6.660987508519337,0
4.8533289484076825, -10.250276401145182,0
-8.512763741211579, -1.5282820783469464,0
0.4856083318822643, -6.711890411718809,0
5.181111092123004, -11.22406683615029,0
2.8801711391860474, -8.711247467854538,0
-10.857678898995688, -0.025824586466425575,0
2.447696203500701, -9.757174344099697,0
-4.926338068687065, -3.4309317848529512,0
-24.486428337136054, 7.878606195771746,0
4.5087424202948645, -10.838780972612682,0
5.611263575776204, -10.377522940801635,0
-7.0248471365013225, -2.564180385274651,0
-26.86476398292176, 9.435242203991514,0
-22.286332805493636, 7.079646271724417,0
-6.86774519926071, -2.784190495219269,0
12.698113799698593, -14.94976798288795,0
-6.118548959207502, -3.0618981909723684,0
-9.53643981534371, -1.4847585632843168,0
2.734895958970038, -8.479581982984264,0
-5.433611208662971, -3.4445575725583275,0
-17.318695603714122, 3.285902260841853,0
-26.311288395912705, 8.926882310525519,0
-4.669255223931268, -3.2263124872538174,0
-10.327247676894949, -0.30315587320894577,0
10.477834883405013, -14.392970483286458,0
3.8873835576209284, -8.800770926673003,0
-10.403448827739895, -0.5821300625974918,0
4.194253902838988, -10.043392016724564,0
-3.985847679230794, -3.7104867074773473,0
0.845267484090332, -8.210401061018683,0
-15.376876565908967, 3.395683097411549,0
21.430021766804952, -21.6735143734579,0
-2.506944382386361, -5.438806711059273,0
1.3323918810259474, -7.762114708491649,0
-5.963191683471445, -3.259453523308382,0
9.125580394000982, -12.84712201206583,0
6.252938333418664, -11.650610372519735,0
2.2650510829606816, -8.498601188511701,0
1.585344079087197, -8.126231039280935,0
3.4236956062235837, -10.071813590125972,0
-5.815491448227395, -3.35742737259368,0
3.4395053508623974, -8.708328282943107,0
6.747886633892246, -11.610250704860315,0
-5.828064639052675, -3.0619186369558373,0
-7.475721685133755, -2.214046025704472,0
6.929566826403489, -12.079161971010496,0
-0.6419850575301982, -6.08386507955787,0
4.9242361169552895, -11.18407489712905,0
-17.59991965458333, 4.76999923453641,0
2.585072599370641, -9.270209608913843,0
3.1420815119420946, -9.767109912083173,0
-14.671355652357702, 1.8856638463505921,0
3.2441782839300415, -9.047459461371554,0
6.945201588172427, -11.747089663056606,0
-8.356511062482326, -1.550789622085952,0
11.730832642009936, -14.566055543886614,0
-0.6419850575301982, -6.08386507955787,0
6.752086279071752, -12.031108184347628,0
-9.552098998922574, -0.10588347367239759,0
-12.177909862915268, 0.24644240216532345,0
-9.15108293584287, -1.0871326235162073,0
-4.499161014234445, -4.66599391415519,0
-24.047300765525055, 8.406641098984581,0
-4.513723373318053, -4.691892277082136,0
-0.24594926235964826, -6.203423200842244,0
-4.683296041802392, -4.64982568628778,0
-14.667427148842927, 1.9529666660217129,0
-9.401020209987873, -0.9582742403295985,0
4.148501937591657, -9.71330273796689,0
8.52812633698974, -12.732684364837775,0
-13.348844991996005, 1.4070448970653087,0
-11.688835299791549, 0.24413749326274703,0
-15.59944998261541, 2.7662406564119237,0
-34.360158939586654, 13.13356738072314,0
12.334472555466231, -15.866684453550246,0
-11.237923011742671, 0.028398096476351567,0
-1.5954398418217837, -5.859012914653173,0
-17.523667562083677, 4.425127942106738,0
-8.109365084445084, -2.001771405754471,0
-7.278241345890317, -2.545246942491526,0
16.49092560509165, -18.566314322590962,0
-7.431866720768428, -2.526574569380172,0
-0.2586347825234697, -7.357572262675566,0
7.905650876831675, -12.54552922782234,0
-8.78411858877986, -1.582300668511326,0
-24.294365203725413, 8.10376284228473,0
-7.2502914606726705, -1.317879193243793,0
-23.324638526695942, 7.2997062403565005,0
8.100790858157756, -12.93640964091737,0
9.108732859646965, -13.058334553346658,0
0.6400371883853807, -8.050042550534453,0
-0.24779015017274802, -7.028045871647679,0
-11.552833957424115, 0.013924591205456013,0
-8.418391642763483, -1.4507347035911833,0
-15.085419539388978, 2.6183542006307188,0
1.3366681508498208, -8.243223145501807,0
-8.35960627777814, -1.5956757792067198,0
-17.231889001880656, 3.941593995928288,0
-6.442430463511266, -2.3598665656615054,0
-12.05765294222604, 0.2708810011616518,0
-10.412025239546026, -0.16638306015230073,0
-1.9681727300040721, -5.260592375999789,0
4.131696291877536, -10.080684948600892,0
2.7904748137503073, -9.281251902371164,0
3.6619370691605773, -9.848354063378205,0
1.7801198829124028, -8.415346088001133,0
9.528289738561208, -13.63733896580112,0
-13.94507585297309, 1.9481424534841245,0
-8.407023634049716, -2.24934237870734,0
-2.455006410138226, -5.891889545289367,0
-20.58553161554644, 5.773780087184527,0
-16.983643042544454, 3.895619622525533,0
-11.34694791599315, 1.6412863789835672,0
-7.3202118790606745, -2.3100435283969896,0
2.9383490822503986, -9.02982570133808,0
9.740590131934857, -13.91390018249917,0
-17.113648727418987, 3.489242179172228,0
-17.54620742277718, 3.6033581121592038,0
1.323408583160675, -8.676100315297715,0
-7.849481853384428, -2.6697901632175767,0
2.952352759861216, -9.27552755239086,0
-12.617730300830507, 0.6322739773823502,0
8.073005291566563, -12.848685775639634,0
-8.334509542306376, -1.691711613436434,0
-11.021425653617204, -0.2640008540563317,0
-5.935659514376319, -3.9425489781034035,0
4.688082092402918, -9.20274736898332,0
5.0787150534244665, -10.607755351448828,0
6.529295861367052, -11.537676579604224,0
-15.606029516769786, 2.8851493594252555,0
0.2291345468681697, -7.475922927613542,0
6.798299763306398, -12.222825057148926,0
3.3784318334557293, -9.249583449536877,0
4.055561134208223, -9.825086850437263,0
-3.190705248496488, -4.989327618015717,0
-8.797414869520962, -1.7315011980287898,0
-7.541428965632247, -2.725617526914339,0
-3.0390556144312546, -4.878058286772385,0
-10.382158541703186, -0.04018892747286336,0
-11.913173206658696, -0.02695268946920544,0
-5.0851943917449836, -3.9516120906540424,0
-10.4611455472051, -0.5918384800956553,0
-14.994180048489946, 2.3925096390925424,0
20.29866705318786, -21.38123907224903,0
11.253754440216696, -14.565021221018538,0
-5.923533736318047, -3.252561095146667,0
6.772323152767131, -11.680284101678954,0
3.3132221566502986, -8.934243718326522,0
4.835544103650692, -9.907003051052126,0
-23.277244908316682, 7.879229148604436,0
3.133442564972532, -8.774060669178514,0
6.010064289149831, -11.233389589045954,0
-1.064073115465453, -6.548552178075412,0
-4.646571714557126, -4.7580810056904665,0
7.168261911092507, -11.866940399788637,0
3.58669886116736, -9.639010356525882,0
7.115427413533881, -11.8279123269704,0
2.5780354433867316, -8.93562269420287,0
7.856622479108737, -12.66944493106348,0
-8.427903361966054, -1.957425780908571,0
-9.552098998922574, -0.10588347367239759,0
-9.09152498554199, -1.298692581867616,0
5.627215658476465, -10.56245766894256,0
9.083680639342198, -13.950570920017908,0
-6.234747569383911, -3.341858154010632,0
-4.873519474059722, -3.2288326060405854,0
1.3580582304924607, -8.312284683346293,0
-12.315487245983526, 0.8516508022873751,0
-9.552098998922574, -0.10588347367239759,0
10.763032813944315, -14.72996827857482,0
19.6230836020181, -20.29189819362383,0
-2.956009144282046, -4.372533622101635,0
1.7605808631969402, -8.35440575856579,0
15.027990712716406, -17.490085205682607,0
-7.453882391533401, -2.5480090841120604,0
9.453792456824319, -12.964172713596831,0
-13.302015161554175, 1.0395780709185436,0
-0.1242308854563375, -6.6699031561435165,0
9.52944530851843, -13.727960931065871,0
8.706722194047154, -13.270889086662953,0
-4.196986858084969, -4.950739626614977,0
-4.550877164324377, -4.317849679693512,0
-0.4705694132913373, -7.042978409979857,0
5.719880454602704, -11.08824186418801,0
-9.944521195086326, -1.2982695297372695,0
12.652941172652387, -15.969404024227691,0
-0.8543739992619849, -6.391910095610201,0
-22.990030402618007, 7.276765192911057,0
2.7644514843432835, -8.930822993854385,0
-34.41009480338702, 13.112611404945206,0
1.0820375853133823, -8.112845405422071,0
0.051871435110992736, -7.64185121412208,0
-3.015855958861702, -6.105761368884827,0
10.098611399167728, -13.948155287802912,0
-2.6259330392954117, -5.535690817333602,0
1.7913355224041685, -8.419027690356527,0
-8.353157358547254, -1.9512911934381878,0
-6.019677458131997, -3.4124382973448424,0
-17.50154592505213, 3.5575321204045856,0
7.801259933762711, -12.313202108017354,0
6.077869718957751, -11.45194292591675,0
-6.5004410572027345, -1.3580232442737559,0
-20.88828603064748, 5.941958683771442,0
-5.691845412600032, -3.203456256186655,0
-4.874173924267051, -4.099118689240673,0
-10.32658992307366, -0.4997431061477583,0
-9.09084208219291, -1.2931972394110445,0
3.847274203739645, -9.340056795216551,0
-7.873652024047416, -2.1502968120065784,0
-8.570965655925292, -1.6300381969721223,0
-3.321341352457352, -5.488399288734134,0
7.338572116102314, -12.328888597298203,0
-11.544097044177937, 1.0455276228646242,0
-0.8001896502667261, -6.221285205569618,0
6.705110241289898, -11.929832950271896,0
5.282992485776046, -10.682748013205606,0
-17.9408511040363, 3.3394388242431132,0
-1.4037517019745627, -5.53911359749142,0
7.849812504579245, -12.601327636874268,0
-6.019677458131997, -3.4124382973448424,0
-22.97002278776077, 6.930194390649025,0
3.7999223703630016, -9.010225607139075,0
-7.963675329168373, -2.1089363205429206,0
-2.060454780635149, -6.169062273817279,0
-10.618021446866342, 0.2258775178725263,0
-7.826583395235789, -2.1627630006307372,0
-25.61393925820121, 8.820937040350742,0
-8.487612688131158, -1.7397224370934476,0
4.546648711344096, -10.480762145060133,0
-6.551428166723573, -2.896670060782028,0
2.324235750647166, -8.479096854654415,0
-3.400450394131104, -5.086913435711066,0
5.744466666117306, -10.642936713538782,0
-24.023772620761836, 7.867376649156541,0
4.5601352750069575, -9.754875581172515,0
-2.319667268498491, -5.050795614284996,0
-0.4016456975386409, -6.309487904376928,0
2.0857607890512093, -8.765967810099683,0
0.8472388688683685, -7.960683809458631,0
-3.089870825063855, -5.3741614250315175,0
-15.8225014289926, 3.2487316704612494,0
-25.032122460370495, 8.273757766018534,0
2.545519524234142, -8.652670982554246,0
10.784572498195553, -14.419747066099767,0
3.1189143153425913, -9.108088477868531,0
3.4240608006605053, -9.988343052885247,0
-16.428438667733605, 2.7516930432160693,0
-10.55111097505258, -0.24305208277786647,0
-3.5538979150255456, -3.883198673181581,0
9.137879052951991, -13.559755489376784,0
-1.797544313552661, -5.964925856837415,0
11.064222299141706, -14.804646604123397,0
-22.696639337007863, 7.058104661707497,0
3.4556566756295246, -9.76856338212277,0
7.81529335792137, -12.633148740429498,0
9.913132459164258, -14.236080986512095,0
9.714485940674967, -13.41497705498267,0
3.439882352127976, -9.386695200637462,0
-5.814654092802621, -3.251254693162692,0
-7.873652024047416, -2.1502968120065784,0
-7.820418876135726, -2.0819183889707906,0
21.556083096486198, -21.599443215526026,0
-9.511485737067733, -1.3226791597981784,0
1.340703201505124, -8.0526502583592,0
-6.29315712716655, -2.959741160871728,0
-13.060897444932575, 0.6971946229253964,0
-22.60702184859249, 7.4423932619845266,0
4.989043975311223, -9.89668106602288,0
-6.86774519926071, -2.784190495219269,0
-10.365903084474771, -0.2354848935454325,0
-21.48693084524476, 5.899276726570312,0
-5.845643442688624, -2.928701615465753,0
9.535045800278787, -13.773920593534127,0
-0.3951702994073038, -6.850082725528128,0
10.204501870314935, -14.366959021572017,0
7.094954286053443, -11.48106442144561,0
1.8078937435956324, -8.776103534281392,0
0.6582003011045804, -8.403356023310442,0
-6.864226757881686, -2.735536675581877,0
-26.31712945243181, 9.917247258267585,0
-22.720964247008354, 6.433963906083394,0
-9.188961265012196, -0.7738489490770003,0
1.9714501570979623, -7.905772199980098,0
6.603774058421643, -11.239997107274094,0
-5.413329754134598, -3.798093819178479,0
-23.538592177508274, 7.9297884567961345,0
-3.015855958861702, -6.105761368884827,0
8.736539038209742, -13.046545487197765,0
-4.742621641146961, -3.7862310642483052,0
-4.8629321166226545, -3.500350296536791,0
-7.762888712460233, -2.3034964164878726,0
3.9917254143273357, -10.325369370359931,0
7.5675107400631525, -11.50989798131408,0
20.796576775443256, -21.332581197555875,0
2.247650212032305, -8.725069575818438,0
1.4218985839240854, -8.019632028218725,0
-4.246318067851806, -4.5212083907160565,0
-8.391015418720022, -1.659188643816236,0
-0.301541354641038, -6.222429981610765,0
-14.616442757625883, 1.7965123623543258,0
-11.699135352087485, 0.1603115460568893,0
-23.864620347954457, 7.783433213007702,0
-2.8843438359078575, -4.910198187697166,0
3.097587282332256, -8.848385246970349,0
-18.428753302096162, 4.411165715346403,0
-1.7189949298128437, -5.825446433148127,0
-7.975705772546174, -1.6726221914620685,0
-2.6442595468925965, -5.213139786127848,0
2.066236357758508, -8.370793022942271,0
10.737626737929158, -14.241547318835135,0
-10.469810664308323, -0.35984058887510567,0
-17.937507461430407, 5.313594779037354,0
0.2815681373147674, -7.120230859777642,0
-4.207501436676121, -4.7749794130539,0
1.5720815297983777, -8.278135615794252,0
7.942574206523749, -11.649272521097517,0
4.82415035749769, -10.708940051816612,0
-10.846993174220932, -0.07354895199327384,0
-2.8542245818777863, -5.34624503349729,0
-0.7793475624755103, -5.064086462559231,0
9.173915690139786, -13.17126614420214,0
-12.448354061484523, 0.690454850680486,0
-8.873883506251145, -1.2873282760176064,0
-5.7346658253613745, -3.8190954418954566,0
-9.464333822860638, -1.252364314342482,0
-23.408878408783632, 7.097431193549518,0
4.240891322145986, -10.421537670095093,0
3.439882352127976, -9.386695200637462,0
-17.965847419896885, 3.309080749177841,0
8.009313974712423, -12.505329340103858,0
-14.788338092272253, 2.9651068196054053,0
-0.3056833557239078, -6.865558309337657,0
-9.916355538209999, -0.9943893569065126,0
-18.906887719115947, 4.854995122903748,0
-16.174526520008257, 2.695689379172533,0
2.034866631589546, -8.227190922264649,0
-4.116756816577984, -4.32646623012619,0
-10.551239991743254, -0.20806204689364677,0
0.4352568722023785, -7.63093886989939,0
-0.674326963284892, -5.255746092931172,0
2.8345873234350694, -9.175225283862448,0
6.351889818833608, -11.276576836796483,0
-13.545621910096447, 2.024259432198182,0
-3.7255119826694454, -3.719796544005164,0
-19.98136928863578, 5.776567764518035,0
-13.36524666103422, 2.06836498336659,0
5.138386806319489, -10.365741375401077,0
-7.557888502831711, -2.558723581252449,0
-2.08737156363202, -5.856223026861286,0
-0.1640763723642888, -7.245944662793277,0
-3.4627985957966474, -4.581059844060408,0
0.6145865321415358, -8.174378653087553,0
-9.453387471471624, -1.1118211936958355,0
1.1426277465318406, -7.552173933797701,0
-22.19537041419223, 6.703421644385535,0
-0.15723863821016992, -6.67555772242221,0
-12.027715322271575, 0.4140765009606301,0
6.4671438839893955, -10.687077851141801,0
-20.168697127414095, 5.054419779332754,0
-4.3303891681420295, -4.448753682234668,0
-1.2009059301245477, -6.403275288888916,0
1.9740858723793062, -8.964983803231345,0
10.260794664997926, -14.264888010883917,0
-18.530627592776717, 5.355979208931541,0
20.044713772440076, -21.225131898735413,0
-5.977239712077744, -3.2621261408352114,0
5.56897835030219, -10.996685207799494,0
-7.714456019302027, -2.1929086620109954,0
-17.272584637831123, 4.491400045913871,0
-11.038939250217854, -0.1164648815731778,0
-22.749499327006482, 6.909075057305284,0
6.840617803989066, -11.805192595603808,0
3.746181480559582, -9.408020492355462,0
-21.606217986988014, 6.1020665026702545,0
-8.056793291723956, -1.6993279148096043,0
2.730205953083361, -9.066014526603581,0
-8.533338415258875, -1.8042075590705062,0
-1.1273048758071174, -6.381794279292157,0
24.032076084873207, -23.002365461391175,0
-20.677596736628473, 5.5435566563351015,0
-2.5035655287622243, -5.163528547140092,0
4.092841376492537, -10.101801417002834,0
-8.251556345703891, -2.094327672197859,0
5.363966907593486, -11.110305775393654,0
2.5392169521897743, -9.204572048852306,0
-8.829791582420569, -1.8947158910996262,0
6.605332118418459, -12.179266350377768,0
-10.451091790993317, -0.462505559422173,0
-0.9944536714569194, -7.091566273476585,0
2.5710027420413524, -9.556127462692757,0
3.7255609410826764, -9.438245574651729,0
-4.70596310081989, -4.369358755814419,0
3.598847366238163, -9.275768932983194,0
-8.959385746835332, -1.3886369381418548,0
3.7933594000299204, -9.163002122025418,0
10.846610677774112, -14.863160861458546,0
-11.006461850099283, -0.060981646666533246,0
-15.10519687596394, 3.004443060128423,0
-24.883120103447276, 8.868345679819756,0
14.165273980377892, -16.761704563131147,0
-8.311505126478638, -1.1055331956303394,0
-8.60528611595603, -1.9873535809711813,0
-8.179239551551298, -1.7705210327447898,0
-1.0965999563874165, -5.871032041564424,0
-0.24797616134782247, -6.9847756359077655,0
-1.584253541219819, -6.398797171697766,0
-7.695775330194015, -2.4991676689016917,0
10.037005471208733, -13.627030027639366,0
4.187390147242168, -9.601115181325488,0
4.798566930844821, -10.124006646425007,0
2.623257210461163, -8.899978784708923,0
-2.039976331669268, -5.931504695111229,0
0.4508411228214425, -7.724125703708059,0
-5.85400303077552, -3.2384413391726676,0
8.749055200914523, -12.913372033293397,0
4.791830145582165, -11.181863370138531,0
9.48200606708761, -13.890487554015888,0
-7.387995242225365, -2.425308240884261,0
-9.703292278960019, -1.5489970910022768,0
-15.145928406790043, 1.900273477412231,0
-9.552098998922574, -0.10588347367239759,0
-22.96202483233061, 7.20875531542764,0
-4.048444862449701, -4.3690519830306505,0
5.140962990193779, -10.595690585225274,0
-8.362402126827625, -2.529667067177321,0
-2.759507552731075, -5.029139267157375,0
-15.226069399122528, 2.8708017766259526,0
1.46529298088123, -7.266908692759871,0
3.3784318334557293, -9.249583449536877,0
-6.368177741356247, -2.6488105845475594,0
18.74641669597914, -19.964807377140964,0
-2.7274191905160063, -5.2572199020722294,0
5.016905262471762, -10.24649287492157,0
0.271547493688323, -7.2574129319339695,0
4.325613012514446, -9.981138029161059,0
-2.815213501247009, -5.528742371583054,0
1.1128118514418444, -8.511071719056078,0
-4.347825225425624, -3.463399343946228,0
17.1467136037387, -19.06481228254531,0
-5.006429592893939, -3.650332773917107,0
3.946876470521592, -9.543179438590082,0
7.466363146304938, -12.485432415854902,0
-9.140620819294863, -1.6056574233160208,0
6.8865352223266125, -11.707429534542728,0
1.5151333685262875, -7.806989440473278,0
-21.310304335852482, 6.195469079915631,0
2.9854323275475556, -9.054006309044604,0
-20.881560105957497, 5.985302681799435,0
-0.4912579532981916, -7.196770459091552,0
14.327758686036763, -16.828619743155045,0
-17.57162912182195, 4.551230428330908,0
-0.4206994696165767, -6.890507604621116,0
-24.468025072713406, 8.534275766270381,0
-7.4011812576104345, -2.3356546683612507,0
5.021398073496245, -10.102483101351448,0
-1.6933492966995773, -6.666894338043138,0
-9.251490799775034, -1.3391026463961964,0
-8.939278168867908, -1.4818432325138646,0
4.076544716831829, -10.061727138915034,0
-11.601187346237838, -0.14214656090599925,0
-6.449375411452517, -2.988069158853187,0
-22.84638790253497, 6.871232300047379,0
-6.116696352747002, -3.006030000621598,0
5.392760367768444, -10.82489877253075,0
2.4606330728127404, -9.088812303730338,0
-7.508494573441965, -1.531116537536591,0
8.723398473292153, -13.281019797907529,0
23.52451764806785, -23.131975472821928,0
22.22517087920958, -21.4591963042283,0
-16.229020057282753, 3.1443594532557766,0
-3.1566359209567194, -4.800095870486558,0
-8.63687433802398, -1.3137890299364614,0
-23.03988680562152, 7.389231354935759,0
4.757644220418936, -10.54763273454812,0
6.621352052934657, -11.915820385225986,0
2.3581248393024716, -8.541686871003897,0
-20.338293466077793, 5.648484067058327,0
-0.8491436105140828, -6.626429475105332,0
-13.730954460277914, 1.2586772015292005,0
-0.7447348604639754, -5.881488904708589,0
-11.552833957424115, 0.013924591205456013,0
-10.087477183815599, -1.0818117525576618,0
12.629207467226857, -15.475147085839788,0
19.730392534101295, -20.37135963509475,0
2.623257210461163, -8.899978784708923,0
2.803920503368192, -9.943855328063428,0
-3.171262208466232, -5.534467391791484,0
-10.71399178101626, -0.4038897511989764,0
4.301314321196974, -10.695621496156248,0
-1.9665185510745786, -5.830877622419958,0
-4.494115043778971, -4.017818870749576,0
-9.972756416805852, -0.34063747330067917,0
-11.964136079430357, 0.8026801018580938,0
9.00067041618552, -13.024767157167345,0
1.1889947320279828, -7.110798314973584,0
2.3017802834624668, -8.140977279564513,0
9.023836234988428, -13.043537883687017,0
-1.2569749091777755, -6.99903541764,0
24.327167104611036, -23.24666037473707,0
-6.86774519926071, -2.784190495219269,0
2.071221292483789, -8.840602884845575,0
20.359516151701126, -20.734985963981337,0
23.0911029554455, -22.227775912311422,0
-6.002135255757388, -3.200771454020653,0
-4.646571714557126, -4.7580810056904665,0
-11.762857418156637, 0.2827724902815998,0
11.261850483626107, -14.628095185820285,0
-23.59889320672681, 7.33194052852996,0
10.771941851786352, -14.43575306269255,0
-0.28036384616367516, -7.467943844421829,0
8.681207426440817, -12.874344392861131,0
-1.2263983662169085, -5.900069095328045,0
-5.646999309409963, -3.7480981515872043,0
7.28538160598986, -12.186652696282614,0
1.9266963673725792, -7.912294192417243,0
2.491651494070902, -8.90551198874961,0
-0.9881226638436872, -6.236722690914684,0
-24.297808385843577, 7.51751771797589,0
-29.360967821741415, 11.478644953544286,0
-1.0725877985269012, -6.314476680688275,0
-2.604506442553111, -4.32430490282412,0
-17.363068320980997, 4.2781974277403405,0
-1.3968923254710615, -6.023600358128735,0
-12.718345455587519, 0.9190548140369691,0
10.33191770296942, -14.446301092117695,0
-15.884290827039296, 3.6320733055348615,0
3.463017572899642, -9.346064136655965,0
-11.032699921895784, -0.6325118318337304,0
-0.29008360515260107, -6.619512558587439,0
-0.3668178958516441, -6.64507274512952,0
10.567606544625919, -14.10702319440248,0
0.20286221009103406, -6.915299762301565,0
-24.0667112602534, 7.639046443456184,0
-2.1401357836527373, -5.806789278651072,0
4.357733990784306, -9.57021351995426,0
-23.794859609826617, 8.103079114955385,0
2.630250691695186, -9.416301819602703,0
-5.951266234399024, -2.999363258528275,0
-3.6883177897571535, -4.600962667663354,0
-4.602019317237061, -4.16571468000752,0
-19.465684005634476, 6.100697295746473,0
-2.1506406244348484, -6.191292922797203,0
-9.140426884704173, -1.485235710230467,0
-5.498704260924624, -3.6647503516032494,0
3.287681814957544, -9.612106331691555,0
-18.932011244921682, 4.565679348525961,0
4.475667413015808, -10.217117895015008,0
-15.302639362397588, 2.6452892709584526,0
-11.084995456403721, -0.5414367053145911,0
-3.409887252073707, -5.4979857937121634,0
-0.7762437526792801, -4.844927669769463,0
-4.555240892671413, -4.4685422716996905,0
-23.082367525955757, 7.699768967734184,0
3.2410488847011685, -9.843498182414708,0
-4.388768751247319, -4.300206208762223,0
2.8392953729003785, -8.31728444364361,0
8.131293396959975, -12.889999492861682,0
-6.1583407059976345, -3.0992608812492257,0
-12.422858899508581, 0.12419978644433127,0
0.008414497229065697, -7.02363077453747,0
9.890028344930595, -14.305350115546798,0
-1.8472611595378698, -5.861300186570714,0
-2.6018850890888054, -5.795201254250033,0
1.7020589729841011, -8.294588682358203,0
-5.521684705915173, -3.4964484043877375,0
-11.270648407120028, 0.15107784546394173,0
7.235886797875312, -12.0624509193081,0
11.389231827171583, -15.02766045149807,0
-8.990758523734543, -1.2700088547430366,0
-9.557997946339066, -0.3950214819471656,0
-19.809472822453774, 5.975676918198165,0
-6.637405844424818, -2.923881736418503,0
7.411174244608102, -12.590538902195165,0
0.6294798604613969, -7.848341721813534,0
8.400565610337571, -12.841451705133409,0
-4.643593730923864, -3.2939745863650836,0
1.340703201505124, -8.0526502583592,0
-2.9491494546474804, -4.896505925019331,0
-4.564701774658182, -4.268552348803477,0
9.119566237813656, -13.359506739618427,0
-11.622838312665975, 0.1515793662389164,0
4.159220969909705, -10.617960253320366,0
-25.57452610115589, 8.563470563727607,0
0.10996738495858059, -7.536778720179068,0
-1.0575226695588766, -7.108060575746754,0
-23.789009210030258, 7.313136074403883,0
-21.63072004500369, 6.210253880906336,0
-7.8580434404461, -2.2081918352983587,0
-9.302342607802204, -0.8723438418698599,0
9.247710455604096, -13.52157140818888,0
8.580566689962245, -13.257533655602527,0
-10.69519567686235, -0.006776899721075591,0
6.329094386095263, -11.126238097775577,0
7.587658045505377, -11.764587637783993,0
4.874960626668478, -9.08339945483075,0
-2.096819432286577, -6.033842368642258,0
-10.236496986048513, -0.5506616514844016,0
7.199526638211784, -12.26521215901755,0
-3.015855958861702, -6.105761368884827,0
-7.403227895979803, -2.042774788209552,0
-16.3813340355453, 3.081455486393381,0
-25.61199306319115, 9.155913523074608,0
-6.86774519926071, -2.784190495219269,0
5.448771341797189, -11.106242619936078,0
-2.395065904602974, -5.590755240708216,0
-4.6616477305145425, -4.254456975796601,0
-10.955247701006192, -0.009263726226696821,0
-3.862243938299882, -5.1765543805786844,0
7.71870460572986, -12.012143788843522,0
2.325573502113285, -9.107039187337888,0
6.842519858510809, -11.90541286035996,0
8.591300662691824, -12.806931528563542,0
-4.810281873384033, -3.7582902533119205,0
-17.208325721790757, 4.354323227416938,0
5.251651355656285, -10.602496678581106,0
-8.356511062482326, -1.550789622085952,0
8.351375391014285, -12.582874615715385,0
-11.85601463060675, 0.3665532444526133,0
11.25345500094519, -14.74185850326685,0
-16.200841576654657, 2.791892120472549,0
3.8503088624333914, -9.563457148658596,0
-2.051150568344007, -5.075168261043696,0
-10.965884347857095, 0.13532507044058284,0
-6.252748490704279, -2.8833798874408223,0
-26.62355871939085, 9.733133266489324,0
-0.193770902130536, -6.565965386487193,0
-26.928024380839684, 9.536923443165108,0
8.061655525493649, -12.629010967978473,0
12.687248291978987, -15.736764086483157,0
-22.878757136841845, 7.084177074832327,0
-10.954644246035924, -0.5652231535477334,0
-1.6433324025012945, -5.601597874283223,0
-0.3848346275009265, -7.329064271861521,0
-8.463803474718203, -1.689725184989957,0
-23.160690248802105, 7.1888056794585085,0
21.243061617494757, -21.73894848843876,0
-11.321250385831144, 0.17557727358121164,0
-6.891210385184167, -3.1737757390567585,0
-15.42969548473251, 2.48506675931081,0
-1.9283698211352505, -5.741118854582498,0
-14.093115956808596, 2.6969105497832895,0
-22.18899362598026, 7.120460839255093,0
8.557700221196644, -12.898000458693993,0
-14.304545262999124, 2.27019457963485,0
-1.4731278763784785, -5.78048598265489,0
-14.778289962493805, 2.2466406455519583,0
-5.491383421601674, -3.4654080293312197,0
0.10570392824165926, -7.254224021372863,0
13.45011055770234, -16.145609520929423,0
-3.015855958861702, -6.105761368884827,0
-3.9228607907027815, -4.623317580161927,0
-9.056771732605943, -1.3800211270252687,0
-8.868791730992163, 0.10138951508944855,0
5.421916923531842, -10.848007977643602,0
-22.71423997038339, 6.77190744962429,0
-4.936826382542864, -4.316562713523471,0
1.885082815780532, -8.078639534687854,0
-14.243034228565692, 2.2668441566773487,0
-1.5534539977714605, -5.109620657273391,0
-15.20951034205311, 2.8005863716172623,0
-12.532358478975508, 1.1618303400486216,0
-9.044151867589452, -1.3406301042524953,0
8.010831377858302, -12.467179664480355,0
4.0193096904933485, -9.752274324900036,0
-18.927205428576926, 5.23657103822503,0
22.029193060455597, -21.544952827601087,0
-1.9575029714086298, -5.990862053410059,0
0.3978150388204997, -6.9808058107787625,0
-4.477136253863135, -4.064226797949983,0
0.7423564418783462, -7.327006817184639,0
-22.531411411224546, 8.382957626249091,0
7.424772625142968, -12.104468446768031,0
2.392652053161575, -8.199983093430312,0
-8.036542656150754, -2.3674943820757366,0
-1.6386711220838817, -6.017147436896518,0
6.8429718033130476, -11.462218555067295,0
-8.751837921680725, -2.09294623135077,0
6.390149558466614, -11.256529840753345,0
-23.783088513353746, 7.7825983896391575,0
6.494308919175202, -11.663191640098724,0
4.655158332980835, -9.976491913630548,0
-25.248988079768505, 8.22526777014284,0
5.533305698119971, -10.683958864350348,0
-22.644057743821538, 6.830936148868621,0
-0.1172066859357608, -6.644111815367836,0
23.319638434328052, -22.116107530230867,0
-1.3756069215175941, -6.505169620873091,0
-0.35374061887555447, -7.052671284124506,0
7.864373586083045, -12.854785097988218,0
-8.541954500143609, -1.572609870694299,0
19.041395067295817, -20.515347478930465,0
5.478519569546524, -10.841818665430635,0
-22.734828271954274, 6.645586201667484,0
-5.573176013928491, -3.037346394030256,0
-18.35016609701841, 5.069559200752521,0
-10.935576037968241, -0.301547546881038,0
3.106482505630023, -8.505540209103364,0
-3.599874091792768, -4.694496930156777,0
11.028931490204263, -14.704901278711302,0
-11.054089942677335, -0.004744905018406589,0
5.015999048579, -10.906757522927103,0
-15.4169398013427, 2.7139906778216893,0
-12.051336274749454, 0.3578591273220273,0
-3.355449628766448, -4.641337296220461,0
0.8188449187430114, -6.924414417779146,0
-9.371323385118922, -1.5600756049676072,0
-10.036852666938753, -0.9010545185355235,0
15.142589882218244, -17.612765778854275,0
4.729747444619511, -10.392433147989399,0
-8.507864682165378, -2.018663395740884,0
