-8.39033270416324, -14.113831041791897,1
-0.5263061290463518, 2.060246994358779,1
-2.911051370411415, -12.644913931693727,1
-50.067490288322475, 1.8783367814229586,1
-8.641084620748282, -4.152286140537273,1
-12.678108581547665, -10.473248110281602,1
-24.484454073605, -23.581733215194937,1
22.303689585076043, -9.551959520130437,1
0.712450773162248, -6.617809699888455,1
-4.54047389883428, 6.277332152188745,1
-20.84114701482854, -15.434233003993532,1
-16.211200370711154, -6.959297589400065,1
-19.757455812144745, 12.730232714929688,1
-18.846616033311985, 8.128734686886231,1
-16.2594748091225, -19.97983030441404,1
8.584911673362898, 8.613712285292943,1
-18.642212802077196, -25.17533275739318,1
-5.503529385517181, 10.255715404307633,1
-29.24314917817083, -7.406432906450573,1
-28.840147484244827, -11.830950038652771,1
-37.964646542535064, 5.299525735139705,1
-35.40564117899567, 5.9269706188310645,1
7.35417963881275, 6.364053562376333,1
-33.52265540511513, 0.9045724271036826,1
1.8268814261234123, 3.983564953117753,1
-38.84738505756703, -7.11030701471273,1
0.2709175176175613, -18.043363734955996,1
-8.935488059332668, 2.0821644182392554,1
-18.219716761191933, 5.69560483188175,1
-24.256638425267067, 1.6938227437334057,1
-16.622533625242195, -8.036931518328544,1
-26.876375082522323, 17.02343881795866,1
-21.507729626574164, -8.491700868569222,1
-0.36997098313338883, -13.512787823899979,1
-15.778320608232224, -12.073143662921389,1
-17.13614872566458, -22.6298542137363,1
-8.155085953178753, -6.795313244261481,1
-9.383238717578134, -13.720399200960397,1
-0.24761353029578081, 2.18426233696802,1
-21.85044553051917, -4.129957615176113,1
6.242611257915934, 11.656312500641615,1
-2.114740509014625, -13.419719745232076,1
11.517738769164172, 1.7902662979433437,1
14.244919260405343, 9.485802264039672,1
-11.088852495984899, -29.721516452968913,1
-12.498564440948329, -3.421479594818913,1
-27.418699175749044, -35.091341728417234,1
6.31312813895051, 18.07813473315061,1
-3.514551943942597, -6.864124655013741,1
-18.692362463338938, -20.825977413444615,1
-11.431313649582638, 10.0249779127597,1
-37.71989304161639, -31.69628119524778,1
6.190719827847899, 2.3526013875081304,1
22.075838247056325, -12.244701497082563,1
-2.66711144933687, -9.900187211923715,1
-15.419124356787679, -4.052931864898127,1
-21.295474118181733, 18.11106419316969,1
16.968340695186573, -18.15353372337054,1
-16.08907104417808, 26.10754880338049,1
-17.161126559815223, 0.7105926217563656,1
2.56678673741969, -4.9187057216563534,1
14.598763283268358, -13.10385893620705,1
-1.6348120075004569, -15.063461709243306,1
-11.89790363500668, -0.43835763070748224,1
9.427430762311907, 4.949502709228046,1
-17.930889904246325, 12.939235699043488,1
6.605612069548951, 32.26124421032955,1
-26.629731824671126, -19.707480834324528,1
-48.27018500862759, 1.4896214738371876,1
-21.565685667443162, -11.324732321236317,1
-31.252503675248093, -19.557071646772723,1
-10.01763782344939, -8.932993888251936,1
-10.636808430640333, 12.740067208814015,1
15.625712448411981, 5.587329643681722,1
-10.16499686830075, -11.127308553053656,1
-16.08241042781314, -7.964976723474258,1
-5.205325216436124, 3.467748934691725,1
-28.797783029133633, 3.2712050542752027,1
-9.446028276845151, -16.403940361962324,1
-3.883839654146626, -9.986764921683108,1
-13.85401424685031, -9.935115526740653,1
-2.0137708154487264, -6.853723119930725,1
-12.182006445708796, -2.7082018250594446,1
-10.865562240820749, 15.448481328476664,1
-15.20539076148514, -0.47437939459631945,1
-5.191847421014153, -21.992453983782987,1
-9.045107716375327, -11.505164880717631,1
-42.10266038098197, 10.577139111681692,1
-27.262794630488838, -32.69811856841758,1
-7.316255993500646, -16.15340442004967,1
-11.262119035380143, 24.834716033138207,1
-17.13359499292949, 10.879972300116146,1
-38.45780197976707, 11.361506142317037,1
10.795510948238627, -26.5488350625588,1
6.9036149113388605, -5.018580829155121,1
15.799058779757697, 5.018187607093267,1
-28.818297831204085, 25.54356103930875,1
11.401368435578352, 4.8686304175917785,1
-25.525302112422587, -21.22662464542189,1
-20.737661625196736, 3.559975446632486,1
-2.0244880591394034, 0.7606707653000516,1
10.996361451851545, -3.840215035684904,1
-21.152819077200355, -13.233882301247561,1
9.840555187558842, 7.163104468360071,1
15.043955871945343, -10.236240471756812,1
1.7362095629709784, 1.817288822205783,1
-18.215919678386793, 1.8526926979899998,1
14.728998188678412, -9.298099421052948,1
-35.89005026836411, 2.773789737700289,1
-6.67476926971081, -4.8407802655484335,1
-15.804761479959215, -7.927756759636102,1
7.907979394372348, 0.5472408333534711,1
18.235434190939728, -0.9800911766459579,1
-27.815654286194302, -25.831176405525373,1
11.427879421992088, -10.186374423524715,1
6.345637406469129, 16.348101425447588,1
-42.924463636008056, 5.154261299510622,1
6.858913052099732, -7.740176949039406,1
-19.819535118257573, -17.453046839873366,1
-9.311760384066458, -15.033598605420496,1
-45.58109655910525, 6.2163436567160835,1
-24.439135542673423, 5.146405462299544,1
-7.481801174223181, -13.752099948730425,1
-21.787223027660016, 4.04210604241808,1
-19.767004485916154, 13.482868155499695,1
1.7492760964961929, -12.501320588227738,1
-42.574644116062466, 6.640379454652652,1
-3.796696470604833, -4.131451213745147,1
-7.69292019048916, -10.629049730256801,1
0.8517035075508788, -4.231616030325384,1
-25.71413583852898, 19.267440324310556,1
-16.51447764363598, -13.843099589975719,1
21.823807167036975, -4.18442088609903,1
-33.86479612731869, -12.369072008564132,1
-18.644152388127075, -5.358585065258782,1
11.785669622065976, -0.0626842874875293,1
-29.270057642437298, 1.6027428251839462,1
-47.28362383811373, -1.8952234750862986,1
-14.14429170588368, 7.307153089003426,1
-23.840260080217554, -20.321239554725164,1
-24.378817332401827, 16.328501096654946,1
-37.667703796634875, 9.832980009998312,1
18.530224091445827, 9.212158084490886,1
35.66575109844448, 12.148836395401627,1
32.26138968809558, 12.101038650188654,1
-23.507742277468534, -6.903615803999955,1
13.413471872298372, 20.26464117285983,1
-42.40049199294795, -2.65056309150342,1
-17.371979158211968, -1.29636849601571,1
-27.98216083799252, -7.985714638641763,1
-12.407510722985998, 11.931244703210568,1
-21.630240722078106, -16.66486670607283,1
-18.800750180486382, -19.56129218689763,1
16.60596862798344, -11.214953334696197,1
-3.409357884303438, -10.113446141673471,1
-8.872368932146642, 4.186848974265587,1
-34.35296138697791, -14.94801206113917,1
-23.506544989403427, 7.719808704497027,1
-34.0870715590095, -9.044114071854759,1
-8.512205068403077, -14.348505999781922,1
7.739955942516075, 4.739539184742012,1
-13.33575758714016, -8.547535621977255,1
-31.56617163021353, 2.3106028549101776,1
-22.54323257059955, -4.921184273556604,1
-11.434962122698035, -10.290344000969856,1
-4.585201411331977, -25.65778603234466,1
4.867597658208678, -3.556384430559385,1
12.644274924687075, -12.990560959685398,1
-15.263940252953544, -6.4038548703036025,1
11.327931474986741, -9.453170221982848,1
0.2771592086904001, 9.90501655579326,1
-10.110068737839029, 15.133318010713483,1
-50.395362016187434, 4.213170681194581,1
-39.1033449026935, 4.046513494763833,1
-28.351226376797396, -21.385211386263848,1
2.083612693454362, -17.752127790018875,1
-17.56669795332004, -41.552326815400995,1
-2.4232580990846873, 0.3765803239917018,1
-8.62629675651145, -19.641124083387155,1
-6.996132325478622, 8.820333890180281,1
-40.06626891358158, -20.7249673072756,1
26.83383082894734, -6.777247507397653,1
-6.118684106201299, -5.563030430287836,1
33.571923324492346, 10.414432886752948,1
-13.180770922290588, -13.552627540345506,1
-29.755767941065987, 3.3362976113289795,1
-31.461736602292742, -34.03783283667516,1
-18.819722151231353, -13.130753022307491,1
-25.44524145791428, -0.2319522215798352,1
-60.297864013389045, -48.35704130061159,1
-17.059575302948804, 9.81119540313886,1
-40.507485283215956, 2.4019036775453997,1
-30.023796035800835, -3.1098019436447037,1
-30.63560032077441, -19.727085524162234,1
-30.467203783083466, -12.182059511620626,1
16.789672760966596, -15.524979430267608,1
4.427977808967972, 2.0535123241929907,1
-23.991900833112087, -1.083049068532975,1
-36.90788924821402, -30.118164577243558,1
-29.08917005771328, -2.8978537925767887,1
-41.824498603513064, 10.170103996405956,1
-2.78891589593429, -17.74039054972523,1
-28.461933328673574, -31.9720845113278,1
-37.043369924492495, -9.430077467562409,1
-7.387650420634751, -0.5567075779964257,1
-25.23732488087081, 4.032245934677933,1
-10.093303123743146, -5.455407888968342,1
-0.37192832936772646, -5.11839591958964,1
-8.933322021840723, -6.396621170292777,1
-8.263668557008502, -18.65155088899827,1
-3.7718082062036684, -26.004069411167386,1
6.3363610242133905, 11.618287768236243,1
-18.085302698606245, 2.7528354266393205,1
-34.07220774808067, 3.8868379039281296,1
-15.948560207889688, 1.1140792572279679,1
-1.3436653767988402, 1.0682442452601837,1
-22.229914175417345, 21.82348650327029,1
6.852832397752123, 9.240447096163631,1
2.2675417237424096, 8.008225516594752,1
-25.225689490979246, -3.529942444605496,1
3.8078621451556756, 4.2038976463637345,1
-8.518623146869553, 3.594108247293227,1
34.350743754092704, 5.093414879996367,1
-38.791576698777476, 7.676556267584267,1
4.323910940361231, -7.9946937222482415,1
-19.834299946391162, -9.782608769607634,1
-18.247211954472426, -0.8734288265754564,1
-0.048081135699216904, 4.92557683996828,1
-5.078456972140794, -2.581741003947312,1
8.770706636752564, 12.609399363170954,1
-8.739086487897627, 13.43233023720272,1
-7.2538026603888355, -5.317326761744351,1
5.638336852741302, -3.748628496059457,1
17.8626098679346, 11.708531801244916,1
16.7187673625617, -11.01110052588721,1
-26.044997246284844, -0.4658052601329386,1
-7.927884581629847, -8.71958460988313,1
-4.1892706795078, 6.373980013551625,1
-42.17662341724394, 6.249270531133448,1
-12.2055219090619, 10.095202684240224,1
-11.43181333964191, 19.684302704547903,1
11.526565551570108, 9.298705138313156,1
-4.806596748809542, 4.96690162161183,1
-10.126962028577315, -39.794105037155056,1
3.717570921312885, 3.096883776714836,1
-40.60357760690759, -18.94532241896836,1
-19.433408678035242, -0.7817554683696419,1
7.1557182636770715, 11.624112094910277,1
-4.126525627958781, 15.362744598132837,1
-26.11233953810279, 15.412244434655582,1
16.204960887810014, -6.573316129624299,1
-13.266399098258558, -13.38406407989954,1
16.406410715481037, -11.533414373313327,1
-22.122655596369206, -4.874756177800408,1
16.079795364057112, -11.351185873507362,1
-15.33464070470772, -1.8489103243128047,1
19.89119513549681, -17.328137807554555,1
35.3687332344603, 4.192546461105594,1
-25.573177818162666, 20.23215020025716,1
11.788060053679732, -11.695982624904826,1
-7.652245265494554, 0.36180963961489887,1
5.649164471892908, -1.1834031113541919,1
-6.989178112073684, 19.571522089383187,1
-41.647741890217894, 5.5673918934854125,1
-4.968464179500663, 1.1618593579247058,1
1.9999403348461624, -1.634538781630589,1
8.136974631297003, 2.370366425166146,1
-31.39449167896869, 9.824885752160162,1
-39.129162781606425, -6.670485950190125,1
9.662471089667232, 10.244945967996843,1
13.338632502421095, 2.4940492134955763,1
-39.896860312516345, 0.7353379563742601,1
7.424746616768013, -15.758501393453443,1
-19.366650761043108, 4.764163289338936,1
-3.6454020680388313, -9.120840254018013,1
-24.921397842846964, 22.33372340120809,1
-8.442773818034903, 4.6169320891882775,1
4.151540290165228, -7.401931766308843,1
16.7187673625617, -11.01110052588721,1
-29.291720635834597, -8.375991471788534,1
-21.26390379577068, -18.854237389079444,1
14.317778526686574, -11.275361307492831,1
-26.91041142640376, 27.313238474879814,1
-28.25586364223701, 5.694939834703737,1
-7.715512905948138, -11.581219683969438,1
-5.1407441313463735, 6.063014432394603,1
-5.358955953075321, 0.7998672546930171,1
-30.078370933874417, -18.36878960884506,1
-12.81553364230675, 0.9911950092049943,1
-21.309088972645252, 0.6219909891294036,1
-18.77533166051554, -12.088238372847657,1
-47.375026727043284, 9.7819294715733,1
9.622791921893441, 5.188789427228287,1
-14.587026210636932, -21.954223620973334,1
-47.080124138473, 0.2560355525093959,1
-28.8264902043713, 12.30689384577927,1
7.652830336214289, 3.8782867151981324,1
11.975373834927957, -21.609599714081632,1
18.58178986543969, -6.657593546709045,1
-15.359077594816501, -4.82770920695582,1
-10.272466365122746, 5.457757320313401,1
-14.466653894630335, -21.090353930140655,1
1.8656308533615722, -2.818602473252228,1
-0.5067019095501895, 4.361291535241997,1
17.114911160342018, -6.7765701310844,1
-27.58152116681834, 0.8115530937836734,1
-20.42902388311879, -2.786119659416894,1
-32.23664119145977, -16.63733561305213,1
-5.415690668678801, -12.3692762644308,1
14.727832567905491, 3.3180480306526174,1
-5.779069012383139, -9.972659718063914,1
-1.4425233737086403, -0.5274785837161144,1
-11.46926627334283, -2.7799272918153304,1
-22.681095223114685, 12.274409457688185,1
-38.1568695936093, 1.7917229024892034,1
4.963296190720641, -8.660945777366715,1
-0.38375153993256284, 2.4106265783071397,1
-15.884042769934332, -8.460228592255195,1
-34.94360937717406, -29.444068263893048,1
0.08037864147428864, -0.6879707036296168,1
11.224466692862366, -13.207482838607316,1
17.36690220955593, -0.23613725248339376,1
7.1506320895361695, -0.9574823164330618,1
-17.22268522069529, 9.637711640345806,1
-0.8897636831669371, -7.270404324015616,1
-33.10110124250592, -21.87967521825798,1
-24.878992360383943, 4.634296415269146,1
-2.622801779250766, -2.2807837504865747,1
-25.660351773300413, -7.8642204119825,1
-24.453014680960294, -6.474013312828621,1
8.740081332029895, 8.692547563528407,1
-3.786100710570757, -14.946343332492287,1
17.14678996443167, -1.1609388201188942,1
-0.5393429987998635, 3.999593930351382,1
2.328082795146555, 1.9106629603022793,1
-30.94528743900235, -9.15246263064253,1
-12.275391955492255, -15.287000496608973,1
7.068831204541733, -25.171560805883335,1
-42.066535536882064, 8.310845530142865,1
10.5284207390404, 1.477580483759953,1
-20.05082747414302, 36.61120449651208,1
12.988469217782612, 0.5350328637977664,1
-9.503710593009512, 17.970942793946424,1
-43.885479843925694, -6.505258184009427,1
-17.64706781328786, -0.6772957278416861,1
-34.318585180258594, -7.030284427625045,1
-9.739169633017926, -16.321589781310603,1
-17.767141114472157, 27.310221466462377,1
-36.80179013408697, -3.848235513556389,1
6.523542988240957, 17.21589117754011,1
-5.59408751412518, 7.528637149524557,1
-30.46830907763415, 10.373806676022914,1
-28.40772623350991, -5.1957661649602525,1
5.418817240444477, -4.409152487433532,1
-22.51618340339644, -19.29830002899561,1
-6.3787209107518, -21.041059378943856,1
-45.52656143711605, 5.952861031040349,1
1.9692952999605837, 10.385937379463636,1
10.936540455086796, -13.265628916285783,1
-23.252609052421462, -0.4297800329654353,1
-32.525614830894185, 22.5339226861309,1
4.2300487225584105, -10.910899305458782,1
24.02318661900188, -8.100811130838697,1
-42.15564261474296, 8.00343669017452,1
-0.8040195889133778, -16.72355309075935,1
-40.455566782431454, 18.050933874544516,1
21.04345269335045, -2.492652479995479,1
-13.589445491422671, -4.608041586884343,1
-48.0909386730164, -23.776257354567832,1
-9.863225705753514, -9.587052055681713,1
-15.322143666318578, -16.688381249537176,1
-51.56492693590715, 27.35497287987385,1
-19.30631895225148, -11.129623605549149,1
0.8411694910691436, -2.612677409177487,1
-17.863203392372373, -19.487701504430504,1
-21.906990779760335, -0.3182885029146332,1
1.77017989720614, -2.446608734663748,1
-10.559913450807649, -23.202594321683335,1
-5.040096325928701, -9.471809675340445,1
-28.226716458678737, 1.2043645770364184,1
-42.354194313438775, -13.496870176944345,1
3.223100634606442, 10.613383891936152,1
-28.16855320359454, 24.62584150918029,1
1.8547800199725826, 2.5799862061307466,1
-13.762534922235854, 8.161118812255888,1
-49.02453833150876, 3.088602539380914,1
16.346014859138776, 10.999739620894033,1
-32.766326542656905, -33.59794549408084,1
-4.004836171774585, 20.558558695593675,1
0.21685246889503096, -19.231955452701953,1
0.2834800665946253, -1.6719296808110435,1
-19.94163410677371, 6.2438490726543,1
17.293189702824446, -27.23900664708606,1
-27.935876528886727, 13.852585634700574,1
-41.480751284440544, 3.7028367492929086,1
-28.122322234518105, -19.417563551281134,1
-17.504896021104873, -1.581008475286582,1
-2.2474749485455554, -12.156027285231792,1
-17.92297001663809, -6.626648162368196,1
-37.51734520346144, 6.051718937892506,1
7.237554585176525, 16.51573269351241,1
-5.6399509273256285, -10.702423975026244,1
-21.44712353113002, 6.786335956017772,1
-38.373480998601224, 5.228097999412963,1
-0.947879234968958, 6.1708925357753825,1
5.262269999050128, 5.894560769713891,1
31.094101903409513, 16.650836514504356,1
-46.98593301482891, -2.733935848041189,1
-20.657332666513053, -3.477023643305435,1
-30.51676329719705, -1.2799274789880852,1
-21.212102474027752, -5.835982787564617,1
0.7228898534160939, 12.287071988898397,1
-11.70236082194455, 17.793067222308547,1
-5.612880431467586, -4.6568993046611,1
26.72975390201313, -12.679820230864175,1
18.508175320199552, 2.7372865245368527,1
19.28581911587554, 1.7288418976569897,1
-10.959745077136615, -11.016051093591518,1
2.4012457820488504, -5.435296562610627,1
-20.0927158827575, -1.3705321933809247,1
-25.124688823461646, -5.4373639780981895,1
-34.66815883460279, -36.47451047906574,1
-41.48793683293273, 10.020268008098427,1
6.919421939333294, 6.1237584252964306,1
18.530224091445827, 9.212158084490886,1
11.874994307593086, 5.645674927640033,1
-12.555749822682396, -11.313602330406813,1
-18.881428149348782, -15.511165279843283,1
15.836730686353402, 11.459095664904629,1
16.7187673625617, -11.01110052588721,1
-3.952288795755302, -14.816454004642491,1
2.505607188180477, 2.2454929161006625,1
-0.584674637806894, 2.0429493408573793,1
16.24398924144568, -10.15043752175001,1
-23.093358427766162, -25.4429616027541,1
-26.804745097137012, -10.663911830720176,1
-43.57454859169239, 8.410781556062823,1
-20.173363006672005, -25.077656580015883,1
-3.298225621624604, 1.851321981604312,1
-36.640172675226964, -14.597106144316978,1
-30.4318404991799, 25.580781460182372,1
-11.906315922462273, -18.23768935415982,1
-20.822834401152477, -2.401738684821439,1
-38.2924946688995, 4.339907955518583,1
-8.90650555375024, 4.524274006913262,1
18.97422732829404, -9.627531262469962,1
-21.670858255380566, -16.311471145619794,1
-28.838050922177143, 10.86595158680876,1
-26.503724761081937, -27.84116573539826,1
-8.512205068403077, -14.348505999781922,1
-6.663732057414722, -27.35515189307567,1
3.4954435979888365, -3.3106107400736575,1
20.20749551155422, -4.432331038450174,1
-28.94879721468083, -15.287671034064667,1
3.9286690540895823, -1.1825156506741896,1
18.50895544164587, -11.160207360706893,1
-30.04149071752664, 1.7643770457742125,1
5.261799087096187, -27.2568014839802,1
-16.10457596918376, -13.471674947122366,1
30.44700151627493, 1.2176161443107325,1
-11.6328523043709, 12.954747740362842,1
-0.7600537943030139, -3.050183162763291,1
-24.866521948280322, -17.38891837304754,1
-21.056620955222684, 16.79259639400724,1
-37.9215235454038, -1.129606291915855,1
-10.101633646165595, 13.150171156159407,1
2.846912015802383, -3.6824620814632447,1
-44.2312559325304, 6.306515904149351,1
-30.67356343365096, 3.6802069566772664,1
-22.75093812692195, 15.042530820351514,1
-12.678108581547665, -10.473248110281602,1
-41.73987955059488, 10.189382553707894,1
-44.24016042375734, -6.897935840653018,1
-9.273442653373515, 3.7952039502946997,1
-27.33492290726623, -26.758768187314786,1
-30.829174802715507, 15.60289300881972,1
-34.42882973128227, 10.30454101229439,1
-32.76717386077339, -13.990079259495054,1
-31.720524454997726, 11.436532561941185,1
-15.209545088728252, 3.748239410645314,1
-17.99387996591134, 14.696228083164533,1
-14.786372657561442, 3.494308733519397,1
-1.2196228091170223, -13.857327268577919,1
-46.281140999556044, -1.9185733735466062,1
-8.625414632616295, -9.155592304069318,1
-16.963412144642955, -3.346825570613379,1
2.51510204148463, 11.913748981681548,1
-8.077618313212298, -6.533331294987496,1
-24.479275824091108, 12.119547260362825,1
-16.044774657505336, 9.555987064502533,1
-39.26823508225621, 6.711649935991906,1
-20.544937669590322, -25.61890955817409,1
-1.306162794347843, 10.480505986233897,1
-30.50908238811071, 6.32418137660222,1
9.46471136077079, -13.364262870302024,1
-3.129110042266597, 7.360691771362179,1
2.02139897728743, 4.764692157911887,1
-11.771618857433202, 1.3539003116050323,1
-18.161077324075123, -1.008309566059728,1
-43.74068173674503, 4.982188878934273,1
-30.648840051968186, -12.436333279835697,1
5.287995713245849, 3.9229783104730536,1
9.859924135200172, -5.0606039110717145,1
12.012210757211179, 6.397239931355642,1
-41.95429019348295, 4.27565575704102,1
-27.006170599790522, -2.613337903776248,1
-19.269306695794878, -10.65420662279137,1
-11.9809429151687, -1.3306170844353193,1
-1.3566922227022, -6.928059729019309,1
32.71902575126331, 10.825648407816455,1
-0.9816006628288259, -10.8176351964367,1
2.2203526887396583, 1.1761586285376473,1
5.475024486486694, 7.3433872634171555,1
-9.708272243154516, -14.44292053028199,1
-26.82060989199641, 22.56302817966971,1
8.378089589367832, 9.814706312733097,1
-5.157199519846476, -15.089617412328055,1
-7.3775089371581215, 1.9392715184664917,1
-26.107598928764823, 7.179963689974881,1
-11.35538891180221, -3.4735231392245245,1
-30.575488355101673, 31.155289903877634,1
-45.4627586633571, -2.5573234722671714,1
-21.484521648805714, -9.931890591147923,1
-44.28501515567146, 4.256175800475668,1
-23.079119840546642, 5.089372369950973,1
-2.544843096503121, -8.831362914633633,1
-36.735321871363055, -50.86390730891182,1
-27.00045781739537, 8.898721190397056,1
-50.375912991239026, -2.7276253354585243,1
-39.763585247243945, 6.652422869163534,1
-10.654411970199797, -10.014337098055933,1
8.573906695788857, 15.590390297939685,1
-1.7934189778353218, -7.334174442687282,1
9.667234351554335, 5.275950369747994,1
-42.48408841240196, 7.143703264674124,1
28.168513005884442, 7.416447369590597,1
-43.18904599467065, 5.25361585062553,1
21.70033002895251, -14.939730484979824,1
15.966483611313755, -6.997412724656766,1
16.988201099690354, 5.428309513050227,1
-35.215388956779115, -9.914987501879224,1
-5.493030361760539, 15.17482870015205,1
-14.01146475850359, 9.437950520684378,1
-1.0379130200285944, -2.3525119804941474,1
-19.39982853990137, -19.531299558679876,1
13.347143686508058, 6.183498771729474,1
-14.056664409835628, 6.145246196661646,1
18.72017749192163, 37.70008101358307,1
-20.371602615288374, -19.908560107401218,1
30.8762536417991, -0.06926160063946302,1
-1.6859526235194588, 27.748816875401378,1
-47.61380003022775, 0.3387995313639869,1
-28.056247902811098, 0.8560608867460336,1
-20.441628629835837, -16.09345882058743,1
-10.697565941999832, -15.214152414810503,1
-13.189436801114104, 1.440413659934387,1
-32.34586391311237, -22.95124353996806,1
-27.925944031623185, 10.85133085661673,1
-6.178472271019663, 3.0818482375300333,1
-35.772623520368654, -7.681427822642182,1
-39.223809493939406, 10.042395532178867,1
18.149719066630276, -16.87360719265367,1
-22.799109728245156, 8.348097648379433,1
14.965086048885967, 9.848023561923494,1
4.364747465122576, 7.282968863867418,1
12.89483397372884, 14.852780855271817,1
3.6496659192122984, -21.575753617604413,1
10.129893043418784, -1.9105421163544434,1
-28.69078950179578, 3.5498862525590487,1
-5.971873865982212, 22.158103550436756,1
-22.274818105494447, 3.759782722663773,1
-23.310693561294485, -0.5190791509544872,1
-11.368689806237008, -15.27647770825506,1
-6.056651138474716, -15.795227306120559,1
-13.930599990853912, 3.883215057247516,1
26.2908380242204, -18.322831834167843,1
14.920968446185018, 9.115566872967117,1
-19.847587934376083, -1.3948693019022829,1
7.805617220102619, 15.32452165469718,1
-10.227960908741286, -10.2383176452743,1
-23.084828225260583, -11.31808677309091,1
-4.565951933723519, -11.122290285064064,1
-32.70417229540632, 14.164700699132249,1
-14.998805195959052, -2.9066479589295726,1
11.036388711132616, 4.230687993214157,1
-10.597927011874239, -19.661260427002276,1
-24.74583640607274, -48.108048110091296,1
-30.18519269086153, -19.978323322842794,1
5.205554777251325, -8.69193665181481,1
-29.682541090381907, -9.390387485990544,1
-5.744629112818888, -3.921200905119192,1
-7.900604399891115, 10.842317091355667,1
-11.181052600153471, 0.012033232983410191,1
-23.033531684796547, 0.3052603100158444,1
-5.991661964434048, 0.6713469136601018,1
32.444801830156095, 14.101344976566688,1
-22.35024229276201, 5.169834440582518,1
6.163788716581824, 0.7269966160945054,1
8.395249462418661, -0.9469894456753278,1
-28.797783029133633, 3.2712050542752027,1
2.3095463362325788, 12.952181500402556,1
-11.623584890714428, -7.889433636465092,1
3.641360559509056, 10.316556461041714,1
-19.31781812573965, -6.989987930400632,1
-27.563040069106055, -7.2304710064914754,1
-5.148781792229206, -6.586934049326114,1
-12.42140466917525, 6.290498314688078,1
-34.63375513805078, -17.15142601819472,1
5.042492310112146, 15.079007523038735,1
-35.4573174755235, -9.710281923956048,1
-15.737882903683394, -2.2409966665794343,1
8.311607395213176, 0.5764366529247862,1
-30.448538069369555, 27.2567215116653,1
-25.199900305882117, -16.676074580825112,1
-20.689708077900605, 10.29108671113249,1
-43.43456116324579, 5.7323783422323915,1
-19.080764014603844, -5.951180933458095,1
-37.02520767789716, 22.342790984287745,1
-9.761018602483494, -11.58633308254788,1
-22.52571415700896, -4.15905002733622,1
-33.76132850228251, 2.2755256502382597,1
-16.266646435513714, -10.176790680240046,1
-3.2004871634462853, 0.7932655297242319,1
-6.470988723018132, -2.760107410575383,1
13.001726440845388, 11.92864989128407,1
-7.929072004369079, -3.411200138809119,1
8.531478712417536, -3.840218724497153,1
1.2142752825274545, 3.037327524391631,1
-13.401822974114076, 17.98456009305277,1
-5.838049604930616, -9.010194359106826,1
-24.04969714168164, -0.9631160538607857,1
0.4759430041456286, -4.693179025656276,1
8.02630262126177, -28.570520963842203,1
-8.637309718547245, 3.5889421631083813,1
-15.500878968593895, -12.488246254091791,1
-16.526629394356267, -1.513516799057355,1
9.145706514338011, -0.4143275286044475,1
15.50713394602996, -12.256768070263226,1
11.465984184182263, 23.24938142733097,1
-30.351642608688607, 15.268801073873417,1
-14.51435991524073, -19.214762441480545,1
11.359542217563291, -8.042512263597832,1
-15.987423314280813, 9.292990101211675,1
33.385056511131175, -3.757765348133161,1
-7.0014119374683865, -5.719940501085371,1
13.307951657751186, -11.068569739004381,1
-11.706800071474907, 7.391125042117686,1
23.159998024212317, 2.098506263282881,1
-18.784405452480396, -27.063785537759543,1
-0.11455525022212965, -2.7808985268255944,1
-11.192019486306831, -2.7798455215782045,1
-50.05939816948741, -13.12579856481208,1
13.580308282492965, 3.122229237474481,1
6.919564302807355, 0.5408116848165696,1
-26.660297400089885, -5.623484130274682,1
-39.55005027985563, 3.77494444118501,1
-25.93287781383472, -21.45081286429184,1
-32.32346454147804, -10.44094173488289,1
6.733592810502027, 14.256957808814448,0
6.263563149085689, 5.147205808488277,0
4.727303809970542, -9.199281165528335,0
-5.454729988883668, -4.646459147767265,0
-5.765249907297421, 18.189709852580712,0
10.491653239684688, -15.512344656128104,0
1.8119820082270361, 14.141834096717595,0
0.8092005958802758, 10.577743875083062,0
-6.213897056503121, 8.67687814750404,0
1.1647507013835687, 5.981833711753159,0
0.6678885493395996, 11.83945773849461,0
10.596628061677203, 17.397075351489967,0
6.215565904631377, 7.215370909076115,0
1.4982722860707118, -4.019222630593198,0
16.284263735934722, 17.476346576499687,0
5.653411603637228, -8.492911317273869,0
-10.830388221051608, -2.1863721338262008,0
8.68816113003365, 22.270202198138076,0
-9.201327286033905, 5.462881904048227,0
12.153959415259912, 14.079240838803885,0
6.140505190327092, 5.466310856654486,0
14.225773206506677, -9.134584120466547,0
3.2696780397847736, 7.734583504764486,0
2.010160976509227, -12.433341947139487,0
-4.29648200265197, -20.71079186324806,0
-1.156789058566475, 8.89451793883595,0
5.420284397836437, 4.44047905992608,0
12.323367731371203, -8.931731715759033,0
-3.4789581107647054, -16.970405951104695,0
2.864365405983226, 7.956039317106411,0
-3.0455087781974357, -2.031263149832221,0
3.9472883519364403, 30.28912804388055,0
9.387418168612694, -10.75540742152534,0
-0.6899439705556556, -11.289927051785702,0
2.4451074552425687, 6.341011964326902,0
8.140764154019095, 6.120304696632942,0
0.9256987814676267, 19.345334739408322,0
-8.076849533442854, 4.754171753214394,0
14.135307950217683, -20.813561047832657,0
16.6782063626029, 8.595048534942352,0
-0.23737309660327083, -16.01196910257656,0
6.964332773687064, -3.6295400219818896,0
11.508273936438487, 20.47698575780034,0
6.076419340151239, -1.3922810894931872,0
6.462922657451874, 4.208967746028493,0
14.905177651771094, 17.000010656592153,0
14.479003300651188, -16.764446119844976,0
16.020637311472594, 4.995538106786205,0
7.455829559699459, 5.108048142268819,0
2.841288124484779, -17.54536089803542,0
10.412262917749523, -16.036452352566315,0
12.777067303485499, -7.001806315230489,0
5.623547315005798, 2.595445977486867,0
6.566645328337965, -3.573767862212481,0
2.676365453777541, 5.8785815325549,0
-9.50959639607441, 10.144517150868907,0
1.242049493553563, 5.282639917076995,0
5.605508760509855, 26.95328922043389,0
1.0886586484212635, -17.996129730498218,0
-2.403523939923865, 8.70142920755901,0
2.187418862116327, -7.322495866011063,0
3.915507099245211, 11.319133416863258,0
3.769792939468113, -0.09956181692510285,0
10.452372984856353, 4.5515595115839576,0
5.9931805149972615, 5.812214507486388,0
-3.423197040573225, -6.414497910924716,0
-10.135573947531261, -7.305221773921338,0
17.12022437431451, 2.613729389000892,0
2.0781032681610023, 8.30363833775937,0
-3.527701339892234, 16.944132925564638,0
16.345689248355345, -16.525422922627666,0
-22.261028048493205, -1.4119924767377041,0
7.842655340199531, -13.985467436517105,0
-0.13802753635378628, -20.08043555457399,0
-9.920149382804613, -4.894068880206708,0
25.122013790445617, -8.684158444557244,0
9.667994191707173, -1.672162857876521,0
6.881470933860484, 24.666476929017094,0
6.210132022186879, 19.78131249824389,0
9.122981040115722, 2.270810997612962,0
19.173920864694303, 6.463050434795287,0
9.810336932843132, -3.2821224322111355,0
12.81522255645935, -8.977596516426026,0
0.3985035684611758, 5.475651998359127,0
-10.247956782144211, 5.743769026837488,0
-0.5011302129563611, -0.748173975515676,0
3.3797338203888723, 16.769601090342594,0
1.303800547038968, 0.0050921672346949665,0
15.721574366890195, -5.855301070780829,0
9.233079859450397, -10.638949455835142,0
-1.9396965541105295, -4.194873327210429,0
9.354339953366853, -8.98765056754152,0
1.5652613124266304, -2.3140240310910576,0
-8.724575586349157, 13.4136328484865,0
11.255792198664384, -3.0389882053593933,0
-3.5560781950739537, 2.394053673476939,0
-20.61277539342187, -0.30124587366045896,0
23.724719403450067, -3.359367920513756,0
-15.281580936416928, -2.918664105676285,0
32.53627946809399, 0.9970566758292331,0
7.905579852476352, -1.9602574693690926,0
0.33077788240071315, 13.141008322062092,0
13.05759121084336, 8.29176405842932,0
-11.664599954866116, -7.197048392465291,0
9.446181667437404, 5.237225952878634,0
14.687071558071837, 13.355077641370805,0
-17.736726781384494, -12.361817100515994,0
0.9398323603107162, -3.710104075499895,0
-3.784677002390489, -2.029131062925846,0
16.946571631941623, -9.11561436943892,0
-7.841911552333643, -2.3490032497479394,0
12.889784739069512, 19.793264807431036,0
0.19776376448952526, -16.236569345196106,0
18.50888970907974, 7.423158237774894,0
13.206097506850114, -3.688430974741609,0
-8.813922521946505, 15.783705209362715,0
-3.4885206067432977, -2.8888554376718307,0
9.013041472944003, -5.610428270525544,0
4.877648636487046, 12.889537357411664,0
7.105546393371709, 1.5397247988758025,0
8.507190774627684, -10.506177117145159,0
3.18479901144575, -2.0459170769585038,0
1.9805964513738976, -11.264692462120543,0
-0.89201432914768, -14.222262974867295,0
-7.241440960884219, 2.803040482534492,0
16.17805167434941, -5.589175941946213,0
8.904783152625717, 7.50449258280219,0
12.567969449126783, 8.593187589105629,0
21.79813149876761, 11.366679091199726,0
24.558167498813077, 11.239853603892572,0
10.19008548674036, -7.741931570341082,0
-4.097200631414426, 3.292436039463994,0
6.361486056407627, -6.7842166565179145,0
6.286450016566266, 6.513473970590397,0
15.947084519837318, -8.898043925849873,0
17.4293929925773, -16.304558177494513,0
7.468144257629999, 7.781004145506948,0
5.264820144746696, -0.20393840475871322,0
-6.5976790067088755, 7.874406666896478,0
6.961899634996008, 31.904105264640794,0
10.295547488285074, 4.3533360091958535,0
10.07378117177416, -13.997923292178662,0
-2.935893412428066, 6.97646097249919,0
1.4877721456281656, 13.340468764417547,0
-14.372958047268554, -9.967982682527566,0
-5.821807180625931, 0.5210744760717843,0
1.8366300078252302, 13.071882423030086,0
6.0970448384710485, 14.731371176207558,0
17.848123767039876, -7.635944329152569,0
6.709483504659548, 6.339824358160989,0
12.606497892296543, -7.338521715823763,0
-3.995136355415073, -3.3461227104924487,0
2.4110738286425986, -6.018832240258429,0
24.228299018495875, 7.520693420760109,0
27.35414056488717, 14.637313193701008,0
8.321433275444466, -18.092828945205152,0
11.483591675562835, 5.9750624287965355,0
13.3585007530659, 0.5558956998608966,0
4.081297533034532, 13.964357018541644,0
-15.281580936416928, -2.918664105676285,0
-13.711310306660948, -4.832686143160051,0
10.64184623000347, 1.0039765568168613,0
14.443276737996886, -13.66931385721687,0
-1.939488190251986, -5.4106679353089,0
9.14667645344416, -22.59813190789581,0
17.924929564047137, -12.91774152875665,0
1.9902774078804661, -27.366175436605985,0
-8.238026857615855, 5.114158343072523,0
7.039518362020602, -10.689940981511048,0
-0.04364911221641854, 6.005766284182246,0
0.7585337458688871, 6.022731336011826,0
1.7840523085329965, -17.538391653825393,0
0.5009730261256349, -10.449314792341923,0
-12.879726553407064, 6.985027062075424,0
-4.619192911598804, 13.843831749747038,0
-3.1704091533802283, 16.80011243325423,0
6.63919440525211, 18.66378545851272,0
8.104788342414354, 30.962017893399487,0
23.37536191000119, 10.632242011739109,0
2.775934411758741, -17.430336383420446,0
3.7663710939179196, 1.5435518915782538,0
4.377788416880102, 0.5358592293394286,0
12.438331917573668, -2.3515099811831237,0
3.0679966805709507, 23.973382550399844,0
-0.9072766588364619, -31.328678782502557,0
2.8062726128381623, -4.425022171620169,0
6.521810177742971, 7.686848316281968,0
-2.27609330324694, -16.96657364492514,0
9.846244512199757, 0.1384603290555943,0
11.022733363203056, 6.72931299932638,0
13.894462408491915, -5.644504846305315,0
-4.37280389728697, -16.022473498504166,0
-6.5229986735499, 15.022334195936963,0
-8.35861993668742, -6.043473218345093,0
-4.314368843737536, -2.403413229339504,0
12.380999661671911, 2.5757674837447717,0
-1.0371642352098087, 3.656930410025579,0
6.403258618363404, -14.538584729100917,0
20.25063780763131, -21.440039534956135,0
8.48959676676692, -9.80040165984916,0
-7.3629648000325645, -12.117611048261171,0
-5.610218674306744, -5.591037504713101,0
13.647645990674084, -3.699139844741176,0
-6.905284807400866, 6.88129569453822,0
-3.511235155263151, -24.152682573120984,0
11.467282993139111, 9.64607843527932,0
24.85510726406612, -4.455347247403723,0
-0.42131390834717225, 8.923353364477478,0
14.905177651771094, 17.000010656592153,0
13.930877568041284, 11.154259311295073,0
14.101665515718327, -0.7301258181485788,0
12.396595085305723, -0.1647146942166154,0
-9.339682381890253, 17.461467720761302,0
6.871440107566205, 7.7016223682270315,0
-6.750910160713746, 19.062941605269895,0
27.321672688994507, 20.06829823557418,0
10.800844138779055, -8.417856810541215,0
8.609071595573692, 7.945584122742455,0
5.2223601847083945, 13.929311468175477,0
-0.5073647607573909, 8.687558566777994,0
0.16509660645022084, 16.920832253327795,0
17.937665862970356, 0.10116710585615846,0
23.264951275717085, -11.17018264029129,0
-12.118463141268627, -24.097606168841,0
0.8544210738115849, -18.414122487423498,0
18.036655777333362, 0.9118568981317712,0
5.031505013640454, 5.440716163353082,0
-6.616797173334708, 11.561588507356596,0
13.766713993989184, -13.783333169171984,0
-1.8546037223061456, 5.087715409304248,0
10.019036818269562, 14.723612615621818,0
-0.7501200975694419, 7.8118503413296585,0
0.029962828748184955, -20.650233719614143,0
11.222882500840381, 9.497636492246878,0
7.396392432892261, 14.878966265514194,0
9.528885947988178, 16.478106359327104,0
-9.215867378716496, 12.63514425263706,0
12.318238279135103, -2.4457539172951597,0
-3.1952054209522154, -15.12555322860967,0
2.572952816804654, 18.790168972520974,0
1.2379930489834958, 17.274344287532397,0
-2.1784898260093013, -8.032791412778883,0
4.358421300755605, -6.6003315098128805,0
3.1294953948884485, -5.390656014310395,0
-2.883199781975586, -14.524942203971786,0
-0.6426998612008937, 1.2649895650871923,0
10.740041518266558, -8.962631129665192,0
14.661524208834958, -1.2949512886194396,0
22.1875397031701, 12.223207808570267,0
7.323737560376299, -7.655550588985977,0
4.163244469404531, 12.71700145407165,0
1.3645539926236276, 7.644554493855125,0
2.781353010255728, -3.489593985905211,0
16.75106886442503, 1.2048131695915605,0
9.288424068059868, -2.053348788289053,0
4.112977467362583, -7.147025017992738,0
4.064126164800981, 1.3666114882628078,0
2.7809372224407607, 11.739595859318396,0
11.227170663174874, 12.541335723178905,0
16.281938399767295, -5.792458934858434,0
-9.454700438792946, -1.9396722531170598,0
-5.252687810352069, 12.49913399919918,0
3.1386775643315636, -9.6589232533239,0
4.987510156834979, -6.387525882935172,0
14.70013949708956, 13.71939584491687,0
-25.165686853271303, -9.456637034043291,0
4.470377863923314, 9.159668271235248,0
-9.176316369825981, -12.737264182318318,0
-18.139161604109685, -7.7907185975149815,0
3.525281110932399, -5.43458262397633,0
7.330471133920978, -13.200591565578463,0
20.17437962926283, 8.267827645709392,0
39.67875276645048, 5.375272258775237,0
11.749345676123692, -8.173707996950368,0
6.904331213259127, 1.9012498148731425,0
8.55522147839231, 11.894778496883351,0
-8.57100020108919, -1.2851034880485679,0
6.404967190769801, 17.71494753226303,0
-1.7535076438672363, 1.3259844959389437,0
17.894231073451188, 13.407219055206415,0
7.2110972534188225, -4.426714021244362,0
6.601844745051063, -2.705204588589044,0
-1.978526002844641, 11.544746632049444,0
-3.210142642881145, -15.782768572443794,0
19.377674754112427, 17.180007405651967,0
5.506298674316908, 15.889017006306682,0
-7.3095359654463605, 7.247462354642808,0
-3.449597013503902, -3.867337314101768,0
-10.23376466262017, -10.268086095589615,0
11.145911745008217, -6.585374875026876,0
12.883987910141236, -6.742409104586331,0
10.599517451383313, -9.90272206245763,0
9.385967029272992, 5.695228495604008,0
5.983552060744068, -15.315224403006692,0
11.854551300212856, 11.868422487506074,0
-5.056850435007063, -3.1919095403148714,0
19.557587638076615, -7.184099658854002,0
-1.5667045423410215, 10.032975064229369,0
6.848689698412101, -14.970614214153555,0
9.69358378716138, 2.858097060132828,0
7.597615618503826, -21.892294766720507,0
5.19608055659563, 11.203598272186715,0
3.310460334418163, -15.084524104789246,0
18.566159104166132, -2.3682396043919813,0
7.165989799231304, -10.169327815885369,0
13.031199399231294, 3.704421814674502,0
9.043955060587356, 2.4184505657256214,0
13.429119056362813, -1.0455656753847853,0
-0.34431293755163483, 7.393391281115842,0
-1.99224841961707, 20.68875990800425,0
-2.8897163316415897, 6.287229997175275,0
4.717657053469949, 11.491455160804735,0
12.004072343968199, 0.522350087326841,0
8.949568583061593, -1.6186804287442997,0
16.17289109145914, -10.444791477527401,0
16.3327918608113, 13.20095730252376,0
-5.634136843411024, 23.469245790504214,0
-0.8465006466661537, -22.360723547740907,0
17.537475500952574, 1.7600867177703836,0
-11.209994593980012, -17.383192715407674,0
8.694983719492829, 0.9745977492676081,0
9.82101916465233, 19.655200156510688,0
7.608998377625329, 27.014268726437,0
14.339085451381798, 3.205521894274764,0
-8.529534824927314, 5.4269479656566375,0
6.500250343425045, 5.2812998834132845,0
-7.454660982843496, -5.736746308969537,0
3.847359945205905, -1.6483167709544555,0
9.44567536908472, 6.930245355396586,0
7.460846958216281, -14.56251897644424,0
8.700013810274038, 2.9459427783421215,0
10.184942831975906, 2.5398532628422763,0
9.218671372371993, 1.085023664510869,0
11.410540990586941, 5.1226022237603255,0
-5.434226290431852, 13.7301019619123,0
7.164175850347551, 18.404818008166988,0
-9.637909912638326, -19.60073938877073,0
13.28645733892376, -0.768914373767446,0
6.34227508573449, -1.6945312222207412,0
11.256650011502025, -0.17216374204831753,0
-8.335923696522265, 6.1156446157448805,0
6.515938950131005, -0.7371279531941846,0
16.636156893614356, -13.57668780704207,0
12.710561756803074, 15.031665769502602,0
-1.7773758397263757, 0.1677095252889475,0
29.57495651041627, -2.2253148638586078,0
1.621565230400975, 0.7439681733766577,0
11.581784107303001, 10.890278207940726,0
0.0981278170980669, 14.417230649197494,0
4.828312089149231, 9.659876996138287,0
9.05080841226375, -9.54111767506272,0
14.147040640850289, -10.018785343198424,0
49.80391594948007, 22.402138582025035,0
15.440532995608724, -3.6500914986163737,0
18.297076823692016, -9.744697756425301,0
8.72111688853184, 11.65112049679773,0
2.562819004152476, 3.9081689919249096,0
0.20233472792803536, 8.043398884225162,0
9.243199640903258, -10.486229999487929,0
2.970411269807071, 1.5976768691324565,0
23.859610344739437, 21.30333280376084,0
-2.4508567507600834, -3.108585280611432,0
8.34781434827496, -3.086426655175989,0
-2.197668238415276, 28.506045397675784,0
-10.803116287954257, -5.382030967516309,0
-9.138013076500485, -1.283820390370719,0
8.721713958677523, 0.9885476408251962,0
7.394737996633489, 4.993971153083684,0
13.208937930072743, 22.96406475472276,0
-27.16089851819938, 2.9871149012146105,0
-3.2761064241731535, -2.7432187737634197,0
19.6550216072709, -9.230833472999855,0
11.610845458152452, -10.745639685632387,0
4.867407109196064, -4.513730532441639,0
-4.3524059961424975, 4.318615519140973,0
15.855717841883783, -0.06986983287578258,0
-3.300781974705487, 1.362481689774352,0
8.110808319791115, 13.351447718105707,0
3.984939280547187, -5.264490750029944,0
10.650229849960589, 0.19860323996875992,0
12.666349543769801, 0.7672830440409426,0
1.9313924549723835, 16.16489046660266,0
9.410676264196779, -10.263465926014108,0
7.902182078645488, 9.646270892951593,0
16.82422459115677, 5.421510796137961,0
17.750994368512718, 11.94823971477196,0
13.579174072173164, 10.508733637725053,0
-5.5793716697370055, -10.41683036080594,0
1.7778286270585935, -0.1384312563614896,0
6.835695805328238, -11.16520896147263,0
12.950769385056576, 3.923043093237311,0
4.658743994779043, 26.190686301176722,0
-3.7009785723774913, 32.45208616160207,0
-7.212375371778992, 4.03221574035217,0
-0.8379500386880404, 11.723262682142456,0
6.35627559655264, 6.334587123127326,0
-0.17812812654620913, -9.757903227350592,0
7.128253191080178, 3.0562753895610726,0
9.215008800426588, 1.7845744996382784,0
12.128305209720514, -5.880950712491701,0
9.986814163149193, -4.368041708616791,0
-0.5501206705508311, 2.0027294807962095,0
17.64348258868737, 1.067136906153402,0
10.000150759539709, 9.343347707400937,0
6.767779111782697, 7.830700864044565,0
5.614657248195486, -7.0136557741817604,0
14.531115387123045, 2.48341690046342,0
10.166468383998403, 4.511771926835532,0
-3.676771467886163, -0.48058514749363573,0
-5.822568118332718, 2.7379505757231115,0
1.836026165602254, 12.663566425231487,0
1.8079074814535505, 4.8882441289628655,0
7.7134437566678, 5.0109911060404375,0
4.0398203730992615, 5.0484834735089805,0
1.2646344929062336, 7.869429606914157,0
14.391830133119145, 19.39983742082026,0
38.27199424164499, -2.0152819351943196,0
1.08175033246014, -15.104124721316113,0
-8.159438514528624, -15.362394802648351,0
0.7591863867163318, 11.22933273506231,0
-25.31778231912057, -6.894988561410625,0
16.153145902587358, -4.3679361766321865,0
-2.6450592877477206, -3.4453198991346587,0
-4.4657475662339525, -7.073665081416751,0
0.9431865116363387, -1.3757939705725097,0
12.885330611666111, -4.495893562300433,0
1.7754858960101398, -4.122487448722395,0
13.976513134154011, -8.368936241405665,0
1.5692872465549366, 10.659599036637143,0
14.687071558071837, 13.355077641370805,0
4.433572024881682, -9.477659349833552,0
-8.377923779317182, -3.7890605298841,0
4.491547491657129, 5.402951578432224,0
1.9378972337304483, -21.417672516074294,0
5.810416341236271, 2.1550537317885934,0
-5.3213088665785815, 2.6902060041644877,0
8.96641759808522, -9.732778172347947,0
7.479716816062156, 10.487186372443762,0
0.036116755999314853, 20.930964192848677,0
4.783728427925227, 7.50332273441409,0
10.521979885128937, 12.913235111808286,0
13.619837504689432, 15.032301479446575,0
23.272085825712796, -1.2190237672236113,0
-3.1779747246208063, -6.463824323494533,0
14.905177651771094, 17.000010656592153,0
11.346874903099756, -4.657158573013409,0
18.53196641971716, -29.43942167003369,0
-20.111578476536533, 5.093136997843548,0
13.626400173038247, 8.672755022283715,0
1.434719806948915, 13.828432703583104,0
8.449907911782486, -24.32469498699064,0
4.646620828095186, 10.403105797941777,0
15.434306756848422, -3.915952839488049,0
11.184388401944457, -5.094454536922589,0
27.635548595165965, 4.965984169429296,0
0.4125186771348315, -21.73379538226567,0
12.171374874891463, -6.663609253897964,0
-1.4469058233574112, -25.443646106923573,0
21.414494250706255, -11.797581923459237,0
7.21605194591312, -1.0564807058685748,0
2.1684827016531494, 13.48377841993597,0
-4.75162267228386, 19.326354024375025,0
-5.7884811269109955, 17.05944934366007,0
-0.5376447139531141, 11.515839101760822,0
1.764111458682473, 1.3748754180838059,0
-15.937701808619689, 1.8938927447533376,0
-16.75590934211216, -7.89723513534185,0
-5.058791296579855, 18.345235393271476,0
10.212207883198616, -11.643587331241587,0
14.268621446766545, 17.249895876612126,0
3.1728532461278673, -16.66725659657555,0
-19.932917004113843, 11.310608773054632,0
17.13273084047799, 6.176064039032119,0
16.490632289162924, -11.244314028884293,0
-6.110132786370108, -2.404382227655272,0
4.048031351997461, 16.95162390173913,0
5.411078894474478, -26.293082866583973,0
13.211875452962104, 0.553580028015539,0
17.142717039454293, -6.137906523847143,0
-13.12578741307206, -20.419668633354732,0
2.7311747462398506, -14.26662410610578,0
8.660545126690483, -1.8036792974405496,0
-12.7907236384915, -5.943375601755573,0
5.473725215819292, 14.210782152707168,0
11.98021144465794, 9.349687860567101,0
18.000236075450513, -3.0281606276457063,0
-1.2618987344879509, 5.790195168365367,0
-15.15960511893173, 12.57764322632489,0
-0.10938730258665419, 10.950517904578588,0
4.064305144515989, 4.102443591366622,0
9.98325721076052, 0.011335268479273852,0
-2.166750249668896, -14.211880718862059,0
11.609824622110596, -4.446125820466295,0
0.35515051695748745, 15.786965853269177,0
1.347259949916161, 9.297710885224163,0
9.337451423173945, 1.8567390314168533,0
5.45528562559569, 17.698682950992733,0
6.884769536703336, 9.862911130576496,0
10.218704672850713, -2.5196052372455915,0
9.935944221261716, 4.896883679607531,0
18.286548288602994, 0.9679783592696434,0
-7.324514321437685, -0.7599886381344335,0
13.089850432575142, -0.03125387172126076,0
13.545449737670063, 5.748526818824349,0
23.944122279575645, 13.165561427184025,0
14.694839811397118, 1.604489195469364,0
-4.349203518655048, 13.756538916230078,0
2.990947035686536, -7.191576685416603,0
11.400679871306249, -14.235451886408853,0
3.3532937409673207, -8.75495963064217,0
28.06562699469167, -1.6882561015620978,0
4.374666113748792, 22.550900712491497,0
27.76096498177783, 2.6941041206724576,0
-8.23728761928238, -1.7342165338663325,0
-4.529916199616424, -0.9430518601263671,0
-2.9194963436102115, 3.1952368510563414,0
4.92446532934077, 9.274640552776015,0
22.460041135977704, -6.008087922648549,0
14.098477612994003, -3.385817223004748,0
3.8145399876779447, 10.472172251323688,0
13.147140376291915, -2.6412791673283995,0
-7.391058257534789, -2.635121248803371,0
9.32376918274917, 6.0643584392937155,0
7.296134766828682, -8.752489896882928,0
-4.570011816672531, 6.82088661609373,0
3.753611586342695, -7.396137307543269,0
18.036655777333362, 0.9118568981317712,0
8.426821514881919, -0.06383080050673604,0
9.035469296243953, 6.033774946140697,0
17.108474062846174, 3.502946656235174,0
13.943468367089192, -8.401500843127938,0
0.5289062984959636, 11.974772268525511,0
11.532519941015419, -16.433462274706205,0
-3.134641996848745, 9.04903255645223,0
1.4322394980587274, 19.02485046051555,0
-3.421406284023418, 20.535149722460634,0
-14.680958359585315, 5.885796567823394,0
3.2334053753460097, 6.188483350902337,0
20.17640186336841, -2.788241353731183,0
-0.1752678633198682, 6.8126593651267475,0
-0.782969961392414, -15.133620479515024,0
29.604305386642903, 4.1487553364919645,0
-2.303229238952819, -11.832590510072272,0
6.000541195735584, -9.971611606772738,0
1.1056283023706768, -5.276061621780694,0
5.692799578591771, 5.830601185313006,0
1.5782089363195295, 5.044422189816483,0
8.91394114760324, 13.282209415429444,0
-3.0682439632044516, -3.391944182026368,0
8.503221431969006, 2.852400381214435,0
26.978485246522403, 1.9218607134434196,0
18.841091015573355, 1.3556482687514049,0
5.925331833423438, -16.219478841853665,0
7.704255563388469, 12.335915424482552,0
0.9939546602487895, 7.289078998116804,0
16.57313196642043, 11.588328966426078,0
15.148021579789457, 5.185374651633004,0
-7.690653940266163, -11.626662352051648,0
14.779164877761733, 4.0905542091653615,0
3.573620632695773, 10.70218405037561,0
4.278874584797695, -10.300773207800097,0
-5.676281304428527, 2.07035472272954,0
19.495403314182088, -6.583308779162635,0
11.230522563961422, -10.949954235509889,0
27.712837990264504, 21.416572745698023,0
8.03111226212775, 7.869678784529169,0
-22.7723130755012, 3.006500769640405,0
2.95104264522804, -9.568284466331711,0
-11.942327060387838, 20.715270332650153,0
1.963042800366491, 0.19920170827417655,0
5.993540135371581, -11.281323151895014,0
1.5838037772006608, -10.139650534283108,0
-5.245622124732788, -0.26291016268221123,0
31.60682676095678, 14.7609903331767,0
22.722870247790457, -1.3894270574110168,0
9.005346595417192, 10.901090321933962,0
-13.840993903362174, 1.8935613920464844,0
18.263756556180113, 20.089307657949234,0
13.350106509252653, -0.6768855498368467,0
13.829810889826689, 22.743340269270735,0
-4.6586101186722395, -6.941565884455122,0
-0.8091344770433326, -17.271391938576066,0
17.123662679343234, -2.1478526191392366,0
12.798259314936622, 1.7731528077296905,0
-8.802399197618973, 11.056583283532419,0
-1.9263649885199692, -12.203503723108158,0
0.20053384739258773, -18.30432336670254,0
-18.869401299310226, -2.1816437663600117,0
16.933674188493512, 5.27391690009209,0
11.920841837835692, 3.406024537525881,0
7.073772549262399, 2.3422269300277847,0
14.22059087224553, -10.897759127120564,0
-26.9290649218022, 6.619318706680657,0
-1.5387733022273244, 31.218022534475057,0
14.600478715554724, 11.608454109803247,0
9.719863019387278, -1.7586141257129049,0
18.485919134206558, 11.669993721330234,0
11.855386924438161, 5.367591880566657,0
11.647303142158696, -10.696284624987701,0
10.433208120948308, 17.42566725098273,0
5.674489849663674, 3.202259548843088,0
31.11143022393064, 0.5508440775532479,0
-7.277951066351196, 9.160369389553342,0
5.248802396943689, 29.760784452251933,0
3.5937887829668838, -4.173207531402708,0
25.653350986353644, -3.469730214193162,0
17.730932036594968, -12.53543134892461,0
17.406709140864123, -8.434767632313248,0
-1.9598076913148192, -13.029610049297554,0
1.8946250674522034, 1.25964161522633,0
4.580345899522097, -7.893918685363298,0
17.46521201092829, -2.153738301371289,0
14.993399779597613, 0.7481333777793127,0
23.944122279575645, 13.165561427184025,0
14.002419435239503, -10.566160034981978,0
15.031887261652333, -9.717609502503048,0
6.123614280829942, 13.24722196524087,0
9.189009541060246, -2.7988155626675515,0
11.52184146773105, -0.043748423702379136,0
-20.57492900825499, 0.5552764537651502,0
0.0036410001333974096, 2.4706201621557553,0
3.381172939202638, 10.219125312310464,0
8.883239233416555, 7.281421184743443,0
9.366629658974125, 5.179952650597013,0
3.1420414093222835, 7.132317884399279,0
-0.9211031391255232, 4.625286613003924,0
2.3723326271875944, -10.497624441767906,0
10.958177917061137, 8.969108552741503,0
2.332086014644684, -0.6375909271259965,0
13.602895440415782, -8.2388169938107,0
3.260823602298893, -8.867519468219509,0
22.61400792192683, -7.486077049723647,0
11.724736639927842, 18.04929708702201,0
5.434040155300393, 26.637555620772453,0
-1.5098651849103102, -6.1030281290459465,0
-11.808306398460608, -7.616445405751326,0
6.843893264600353, -17.5858499275178,0
9.954099829756796, -9.596180065043388,0
6.776483413970659, -0.915487322895187,0
29.32382642832209, -1.367508339500019,0
13.033074851348886, 22.093058119960496,0
17.197469308371815, 0.1717763277987833,0
17.79426087966588, 12.259608329401662,0
-4.0185455642712915, 9.190192872880097,0
11.546929028862316, -9.314284805263851,0
9.511692316864451, -3.963521787471635,0
9.889070033731722, -2.3086857751024903,0
11.30548117943352, -8.609656061284133,0
3.6047465201453712, -8.588383504407977,0
8.924817769373536, 12.952627882421725,0
13.752332395716202, -15.624483006984397,0
10.623279795607708, 0.5707288528889383,0
-7.6343158362525045, -3.722932807252347,0
-0.4070359031757021, -13.086535074931867,0
6.3081524327839436, 44.361382725578416,0
4.418496165890304, -8.179446759946861,0
23.030563749799118, 7.818374434460477,0
23.080668975410656, 8.774273126133282,0
-6.849485985184733, -4.576800520446971,0
13.010788820214959, 0.01970791072790351,0
13.064075683174169, 7.558583281674364,0
6.49179453368856, 14.264191608079344,0
0.26931887953004685, 0.8803207278998785,0
-15.777880961488016, 14.812075307372325,0
8.954911528094257, -14.499117463969492,0
5.565190634432876, 4.775834813178364,0
5.5418969108850495, 13.915341764681953,0
4.079041000772217, 13.78458402016614,0
7.387826302564827, -5.029637292106525,0
7.248501690350981, 6.504381609120077,0
14.506090241580548, 1.3520090720816216,0
6.965366002846027, -8.788121111552949,0
1.7089670829361823, -5.938996928301859,0
-37.922618024705315, -2.204909188737716,0
-2.9972436819749566, 7.827793797465953,0
9.438198948690738, -11.186565110879688,0
13.224315703156769, -8.496022445958879,0
14.687071558071837, 13.355077641370805,0
-1.7708085867754955, -1.6269465336508575,0
-8.361482475044703, -6.762716812573377,0
11.314656895079537, 21.498936527815946,0
-1.1375074490042085, 3.801325622763278,0
-1.0652010215652528, 10.930207296698548,0
8.19068783103119, -1.6181583391380032,0
16.081576874925226, -12.32485732931369,0
7.995297213794788, -4.556789657036972,0
6.55719001967979, -9.286869537030803,0
-4.985539679133931, 5.822498373952631,0
8.105269112556488, 14.686639048300483,0
18.943243897220302, 9.320882098405203,0
-5.9114156422000095, -6.228327836574289,0
-3.744720116146487, -1.095524981474744,0
4.567913069731843, -12.844199332844823,0
25.286041038425104, 4.6114373601524115,0
-4.424077364082625, 11.059038752817457,0
6.061535263147474, 2.150265616616768,0
2.6727390893764733, -2.375114416040437,0
0.631396894833061, -0.8855166924218285,0
-1.1568367658587055, 0.1627246871874662,0
0.5073048156105486, 13.647140753986784,0
-0.5538229057762465, 3.1207553545371893,0
27.887770442887398, 3.173057961719325,0
7.333509961484916, 10.763304062804696,0
18.86227237523079, 4.721102896965376,0
8.466865079613973, -5.30753235683901,0
0.28210967381482616, 5.331690800165761,0
10.891141909706532, 2.364418078424826,0
-11.919301264179937, -20.505815744300257,0
-6.646858418062914, 13.196681395495082,0
26.834720027869963, -8.771232175664512,0
1.1356802993959607, -13.369367362788243,0
8.770245428555254, -10.20958060226639,0
14.691706665768361, -6.477616655911583,0
-3.778278843140881, 11.292849267915496,0
9.369660689247166, 10.610477648664595,0
-1.2918438866814106, 17.61068910480608,0
-2.5016950046755126, 15.408098728947481,0
10.023415085811774, -6.611758470878044,0
4.475621727466824, 10.856506009169467,0
26.834720027869963, -8.771232175664512,0
2.6806557989850077, -3.000937110845221,0
7.569682178554635, 4.612083288829297,0
1.79090867310516, -3.588326241270118,0
-6.263632461354003, -9.201362327618382,0
10.51404476093209, -18.304158638949016,0
12.976888932462536, -10.500141571202773,0
-15.281580936416928, -2.918664105676285,0
8.756995101467442, -3.9913139681375323,0
-7.907416745881319, -6.355746365622333,0
13.142498230365632, -3.1518971428951303,0
6.814274703688278, 6.819059863575472,0
13.565533214052056, 9.96268528597731,0
-4.110014454339148, -14.744867299867554,0
15.986818866537142, 8.376252069125622,0
7.300056749207747, -11.57822246284781,0
12.917006773511252, 2.5941626373595112,0
16.598654158113447, -11.075290077477772,0
-3.292572056296961, -12.640839994935414,0
10.411861106227189, -7.413456941654951,0
31.39289915998579, 7.933172995591304,0
8.915074391758793, -1.199854154715709,0
1.4649764772411715, 22.78310419916326,0
14.235698124653782, -10.669513603613744,0
-3.244410566691171, 6.355184212118621,0
-12.839243482772988, -9.174050619701585,0
0.3599486418771868, -1.9596974499179614,0
13.968683578079691, 5.070623694016348,0
24.725753620676375, 2.5823215359720404,0
13.702674090930874, -0.7061076608830441,0
9.212809900867894, -1.757974014012456,0
15.187296735831875, -4.9168576493598914,0
10.999423697283781, 1.6046500368144674,0
-8.660410954032972, -11.60550558261582,0
-12.710661248013658, -2.811939554253016,0
-1.058439126069251, -8.863979556825544,0
19.153069754796288, -5.488284292403044,0
-13.916307098473435, -14.867915153584594,0
-10.380395952033279, -9.948458315387951,0
4.209076164126078, 0.0950557879448275,0
11.749137473742259, -11.701825586369182,0
12.928272418482122, 29.04404716543505,0
13.79994755259568, 8.307072541035964,0
19.220012314236037, 7.961955860283593,0
4.351921644445361, -12.227442998625978,0
-10.033497264169164, 2.6504156628074473,0
-16.55227589982899, 11.356416887391243,0
3.5315652034926557, -2.751440786585605,0
11.496161817535356, 3.3055665163281334,0
1.07436619856204, 4.795849994060416,0
-7.789240800948578, 12.56271630241787,0
-3.3375164139787903, -5.796503619279316,0
0.1746118311298887, 8.199623139515873,0
26.891301383941993, 6.976123866913654,0
9.130739738568215, -5.044250730824587,0
24.04036984930767, 7.575077307828963,0
9.268146200846008, -6.15629202835429,0
13.056581185303832, -6.096779726333024,0
-2.13863046899386, 0.48327316323278097,0
1.6262884092483798, 10.00796627902761,0
6.995251577573399, -5.399881134684549,0
13.899656808737571, -3.8381507318214654,0
-3.228520355976053, 2.8736935328276147,0
5.317677034763678, 3.893135938391819,0
-23.193549503639964, 2.65004225875776,0
4.179223087096431, -3.2009672765581865,0
-12.771687742308501, -5.6020421883688405,0
1.0040814780031155, -14.205821650355507,0
6.1296759448688185, -2.021254630800996,0
-12.118463141268627, -24.097606168841,0
-3.1870925843458973, 7.715320626838178,0
-14.539950396102578, 14.561699466457707,0
-25.16167853039254, 1.1131305998998564,0
10.389798315390575, 2.8151985532172112,0
22.491840822856293, 1.8846835360645346,0
3.763748252723851, 9.165422992828884,0
13.149850691726156, 4.102740977083536,0
-10.43610080711163, 9.059745500673635,0
25.704957306496198, 4.8773901854488395,0
14.618724057541165, 11.320704731848354,0
0.24827608099433873, 12.281242007433756,0
1.3829040390152993, 8.112982944375188,0
9.814586748143206, -11.86670777913459,0
6.500126165906634, -6.316528857331381,0
31.94175685424736, 12.01489249425021,0
5.938068696714215, -9.308994608395807,0
7.966562352116614, -16.82045134243849,0
3.269312748592684, 29.30367393806533,0
3.436717683735588, 8.650917105087844,0
15.67400863340281, 14.020269697998254,0
14.02110898798544, 6.473225730425028,0
13.593609079017913, 16.82602827382192,0
-7.098765428218751, 7.679822719694203,0
14.911553819002435, -7.430452502386255,0
-0.9790819016956076, -3.0396899034888385,0
-10.134599932337204, 10.106350773331476,0
-0.6861650917063811, 6.69836714349299,0
0.029962828748184955, -20.650233719614143,0
-4.998526685231126, 9.831230450622515,0
-0.48874895397888574, 10.359018874246882,0
-1.9236027848996415, 0.36316216301289994,0
8.72275106450813, 12.28823841182178,0
19.09730893762971, -4.198683215313925,0
7.860977196618719, 8.995514013219374,0
7.569682178554635, 4.612083288829297,0
17.395420674314703, -3.9967737515664425,0
1.4862588627837687, 6.904683729069443,0
7.331227019776519, -6.679430269669798,0
-5.580757459134797, -4.804437962248669,0
0.3186028739284974, 2.7377559450486566,0
6.328876770334897, -4.411145411855441,0
4.746356451309271, -9.05220780351061,0
7.569682178554635, 4.612083288829297,0
-2.0620218106884822, 13.816546628419458,0
5.19171566236618, 2.2729155354524044,0
23.658430963570794, 9.585317628141201,0
21.08875942872136, -1.676917046058277,0
19.209734985306437, 20.94818892378474,0
14.528580863431403, 12.841003633796754,0
9.466584830700661, -2.9730830310776866,0
4.854366911317152, -16.648643028828637,0
16.184569114739148, -4.903807724922883,0
2.774931729993245, 3.9984593673480027,0
-15.681456392029688, 9.94764516990501,0
16.888937379684464, -0.46562085658867264,0
13.979680392732888, -0.39453801717930187,0
-3.4182391257251203, -0.04814530678684106,0
-11.200272914090412, 9.560574474766645,0
-16.53404510071287, -13.162632817554305,0
-2.4282856061039744, -13.053790537446805,0
1.7238274925433958, 12.261440501491315,0
14.774584080874234, -15.725641477011289,0
2.2847546981867106, 2.1430110194421528,0
16.7187673625617, -11.01110052588721,0
10.984742919059297, 6.827578840120681,0
0.6589670645571464, -6.9021742048473325,0
-4.29648200265197, -20.71079186324806,0
-3.8150491311886947, 14.720019256327351,0
3.395181807650152, -29.48365033182327,0
0.10018747628484453, -1.3491799457484628,0
9.688773189748307, -4.6501664056275684,0
14.905177651771094, 17.000010656592153,0
9.313050211721386, -4.205201157795572,0
-19.76691989938497, -13.176477354355594,0
2.9146364354518584, 7.314886878340269,0
7.374796607019348, -19.652448223306813,0
9.498885254446847, -11.5399946959464,0
-6.7049051197982115, 6.877816862579623,0
-17.15888552777011, 3.5901822130305603,0
4.592445462600623, -8.129399432151601,0
1.5992756678210394, -10.072195797416743,0
-5.181947450040089, -2.0095702099994104,0
-4.314368843737536, -2.403413229339504,0
2.5236723165649577, 4.563416528567653,0
14.02933015138608, -12.224967135618899,0
3.7261790797347136, 4.377703296400681,0
22.30515556756699, 4.556536770809171,0
0.6318618554258889, -6.874467141239469,0
6.173198551913997, 15.537437248005181,0
-16.796921837044454, 11.077051954006192,0
9.014472493884888, -12.923022838534825,0
8.642859053460423, -14.087634020301257,0
-3.2686817942776667, 22.223135419430985,0
14.905177651771094, 17.000010656592153,0
-0.7267330281672929, -23.735971435822837,0
-7.006832364841298, 1.3358644374407471,0
16.676356671800093, -2.0235365199967914,0
-2.735996276801567, 1.9770857426927426,0
14.090078343384768, -8.329722062148031,0
12.837208122323403, -2.82062321370605,0
10.996758754073067, -12.672708542276048,0
7.8337558031802725, -9.61244748698164,0
12.091548609550859, -6.567060816935214,0
12.628320420962265, 8.28790348308979,0
-0.05992348195648456, 7.344476787816566,0
11.678179448120325, 1.5468990579896482,0
14.614127799690221, -8.229270018990153,0
30.816145621519293, -5.002513106129802,0
-3.992804404273711, -1.9134100628247952,0
-7.325429672076297, -0.7097813261900955,0
23.52562517595022, -5.644783661797721,0
-12.18356244148222, -2.438906466779446,0
11.375993523086976, 3.4440667091508534,0
8.239324987697684, -8.790154098173874,0
14.289083887125816, 8.284269423325485,0
25.032713387738518, -1.4650296268429597,0
15.186431351202211, 5.832376087848614,0
-5.682382503588909, 8.54833412288095,0
-2.1752001521144146, 18.803396013078963,0
-3.14261225601149, 16.727532496725324,0
-0.6156526668724928, -6.268474832371141,0
3.4649515885785243, -9.344973086490977,0
14.81156229537093, -1.4827260898140036,0
-25.165086514333524, -17.326459392738215,0
4.483968708607772, -18.57658307413983,0
-8.905221820898921, -2.9430914837615085,0
10.909105918334063, -7.877299627329135,0
-2.12368663390607, 0.4613715744329297,0
-6.92713775922303, -29.460285745386486,0
-7.26858163111399, -0.4844834325393431,0
11.314636486700994, -0.33303162169348477,0
11.96168877705486, 13.823053699035475,0
-6.086565978166266, -18.417023064877238,0
-4.314368843737536, -2.403413229339504,0
-7.111384749801878, -20.050900141379525,0
-4.5921739746842505, 26.257305194646165,0
13.328528260770355, 5.601947855293961,0
5.413604446006437, 10.103194400789022,0
12.087130662159579, 12.77929096498928,0
3.4998464014964847, 3.050335768670265,0
12.236688629734907, -2.7986844560913844,0
0.2369142387083156, 20.36963109923783,0
14.687071558071837, 13.355077641370805,0
7.111301759118309, -22.362036433651,0
8.349358060578346, -13.146464513489951,0
-6.493682031810538, 3.800429356418344,0
-1.9004042000989894, 9.834990208674412,0
-7.752870156175291, -9.951205485252785,0
-5.828713142204246, 20.742417228461026,0
1.649945032424958, 13.920444507413944,0
-11.611718108108072, 4.369605344851765,0
-10.186430203252893, 2.9955424552113707,0
23.54651934159913, 4.957549370348736,0
17.795540359528886, -6.552102030024093,0
12.103342051386862, -22.32987496796576,0
6.324959457540803, 5.982277779306813,0
2.2990047369287088, -9.919319414748442,0
10.334880195741212, 23.96193279736317,0
8.231267187056126, 11.30525036364692,0
16.557247437889053, -6.192204379261899,0
-4.29648200265197, -20.71079186324806,0
5.2941302406656785, 13.287010324291144,0
12.435249380683222, -3.856162813759696,0
-0.15561705077866528, 13.649776096899824,0
6.46012476271179, 9.14454691506273,0
2.0477962752802252, 23.667932589088814,0
-2.6266087581571003, -14.840892393938558,0
6.796048209589318, 10.555388082109703,0
5.303035029851398, 8.634946798239795,0
7.792237500453506, -10.842692337446183,0
1.987831832598982, 13.105997871254868,0
-4.846652071132798, 1.0386708294024318,0
8.156209538587174, -12.17496094766851,0
11.811681057607267, 11.45304345902753,0
11.820040766384949, -9.396795403257874,0
15.412664905792319, -12.807826357490272,0
2.716022835688514, 1.1047601992794105,0
-0.30498303852088054, 3.991968096726916,0
1.1358925501893182, 17.797674205217284,0
-15.813312962737612, 5.866701982884517,0
15.030642256760444, -4.964892479795546,0
6.934039462591372, -15.122498233732385,0
2.486522020231867, -0.8484213852479716,0
1.0914580727679979, 11.115704756581096,0
4.9540112867131985, 16.35340291653511,0
16.814159570212436, -1.7065968281370223,0
19.418890118073676, -5.462804075899442,0
-3.038765031398312, -14.7010533013594,0
0.7081719664103209, -7.160730402393149,0
7.692785265984862, -19.528801301742433,0
3.1847479603658315, 11.052425421604388,0
3.6035646321775983, -10.12627398629361,0
-3.9633052449612736, -22.757279942071715,0
0.7394062367754441, 2.1800212482689734,0
-4.990858096348181, 17.938042556318145,0
11.487938348319078, 11.109543268345572,0
14.116715097333309, -8.703318673187498,0
-4.5647925485008045, -0.978900901848365,0
2.5710200242722006, -11.688413985963217,0
18.566970057140402, -2.2845138077844793,0
1.417581830680148, -1.1891940207404197,0
11.96168877705486, 13.823053699035475,0
9.417499760019815, -11.40390651265039,0
-1.205550827496384, -9.328973310800285,0
42.477270855951566, 8.597314410968393,0
13.202978917454057, -7.150114143525143,0
12.246629083065436, -9.588677745742608,0
19.296229060454976, -3.9103013049666875,0
-7.137595072602953, -1.931774195744693,0
4.6862933594922, 9.090679339633946,0
19.97461845243636, 4.5055357875906346,0
11.682780684837425, 12.18562156388265,0
-10.4735913783932, -11.14486996664261,0
-3.2213331536249696, -0.9782657072180676,0
-6.221882635545008, -5.219198144756742,0
5.820055683958228, 7.707491537332306,0
15.092855288210583, 8.874150001018577,0
31.037383449804334, 0.3997908815622787,0
9.153945788950605, -6.466384734478435,0
11.336400565209665, 0.41778315919928577,0
-1.6564110449480887, 2.4361229276941914,0
15.555153623582536, -8.539317739236925,0
-9.026604822342946, 4.3831632373377385,0
-0.8539631789231096, 16.241114826221352,0
1.6840508581377618, 4.481015941666063,0
-6.582710524991191, 3.8382905882173546,0
21.349142100575165, 1.626122186602041,0
19.42436260806558, 0.7093058878389209,0
11.67836238693404, -7.1376734015706145,0
5.559725733948759, 8.68719340134008,0
5.836122803749, -10.754990858760802,0
-2.8778287608756807, 10.742468993053166,0
11.556060212080382, -20.53794691485183,0
10.274613726366928, -5.045700269949318,0
10.380006069183196, 7.993821767693784,0
4.202390227972332, 10.693582028454673,0
-16.627580988562375, 8.980878119260767,0
20.01665229694732, -8.27385568531832,0
5.895371776275237, 32.37869132523748,0
-7.693808035244679, 2.2577677729379064,0
-0.22300958102862933, 8.127927002584398,0
8.068950602608128, 0.41279924500197146,0
-0.6838178836462466, 8.45116561961113,0
0.16062890077055858, -14.032859902524073,0
12.08355915210701, -8.728096125552067,0
6.946100227581204, -15.410609368369215,0
4.19606437251526, 4.179445022165838,0
20.63525027022665, -3.842769616420124,0
-14.014397622666845, -7.251202472031593,0
4.927244531730205, -3.1587825369027374,0
0.11222046712726524, -8.87434058304076,0
28.153093837493827, 11.728228251756457,0
10.005909483550655, 19.421171529352726,0
8.51867330061434, -11.612704724072517,0
-0.641863593072451, -3.882820722752211,0
5.426024361848413, 11.276597336526143,0
-7.2930956554431745, -27.83604956345787,0
-1.9405337328374292, 12.145720378836266,0
15.27055018384909, -3.6431742487528433,0
-1.8499701942489888, 11.42524929934841,0
2.8751689420336763, 8.553243593673775,0
6.758796180458427, 0.19184043741387385,0
13.277744703203048, 13.649090351707892,0
2.3338069199312654, 13.243443564300671,0
13.537356607584826, 5.967840606992547,0
4.273857129617264, -4.482968396388041,0
-4.529562962270972, -1.2883530147620958,0
-10.872589386534928, 7.95421672467711,0
-7.147400742768767, -0.059433625930914266,0
10.437884509270582, 7.277429169200649,0
6.22357375942489, -22.673913050216445,0
17.860462985414422, 16.281351993831883,0
14.2096945117719, -5.390066743597059,0
-2.955857255254808, -16.790800790189156,0
5.1266663623110675, -16.659669064684408,0
8.723414487659895, 4.0563576432302915,0
-4.280119902218311, 13.571232691970302,0
8.428164134315612, -13.993904517917164,0
-1.6235872967493012, -18.486805181801387,0
14.145121458089381, 21.47719238812711,0
12.329695394869724, -6.350933487664144,0
19.56294271799532, 8.032763872864477,0
20.871357912588966, 12.287895107952563,0
5.9887204179358635, 6.187601091382733,0
9.098132348987976, -2.560084360315619,0
-2.141213029623517, -17.57832278445758,0
2.025325950467255, 8.66595718414068,0
8.432293942713233, -13.270219158305625,0
0.8860408022522975, -10.859051748595427,0
3.029003147408444, 6.436532576969826,0
1.2818666516957449, -1.663605074477074,0
-13.653416027149554, -6.076965140195099,0
-10.02783958521302, 1.2933333876853261,0
3.419546684209642, -14.140460281363557,0
7.569682178554635, 4.612083288829297,0
2.4006746781566726, 4.91537542049828,0
-2.8901991455046234, -6.560146590907502,0
-7.893617775226057, 6.165032305954298,0
7.910619039293948, 6.572299435026685,0
-9.677089487504109, 13.922621983114057,0
9.50929482651918, 7.397856029185734,0
-4.297872956122065, -7.403189010113216,0
13.149850691726156, 4.102740977083536,0
22.30110024588467, 9.48286078099618,0
-8.836172450954544, 29.60809969823889,0
19.95058326169852, 16.869025302105513,0
-22.650150618600904, 0.8600635471815044,0
-0.9385229522624673, 16.03165984990173,0
7.033160553040464, -2.927015693990171,0
7.155500809736018, 13.57103057548684,0
-0.19122174610661463, 1.078686351642643,0
-5.631803236783731, -1.5059205827540012,0
13.724376439472433, 11.058941855176739,0
-3.454067258791157, 25.36221814957104,0
1.9947741128885252, 4.906037995732336,0
-4.470926630049224, -0.9942818498498665,0
17.77836227138917, 5.346310277747559,0
8.511238659815154, -5.720997779640942,0
9.623510080128248, 0.4790057936456606,0
7.471579354936015, -10.675171960120608,0
0.3795691517659291, 10.983150264918015,0
5.299619404183688, -14.546377633639342,0
10.476129039217273, 11.156035247844178,0
2.333680304136142, 2.0769781395115974,0
4.476173288788397, 17.968201986491014,0
-0.2854230760523506, -21.394676092342667,0
15.236685717548614, -8.842239565772394,0
-0.298308147239568, -7.529122727875185,0
22.9434708131623, 13.453749292673209,0
24.67017738377801, 6.6516574228289285,0
1.5456386034889804, -3.415346651136179,0
4.800961037507935, 10.58807468542096,0
21.607624998295677, 6.484901247603113,0
-0.8665637681295238, -6.326922101033029,0
13.249987501717085, -15.70668037179287,0
13.895561747432275, -7.3757050640910276,0
22.968094850154433, 11.435345308479612,0
-14.945080384790518, 6.200280465076059,0
17.46279008717732, 16.698308920033124,0
16.799239835331687, -0.593263254759377,0
6.215565904631377, 7.215370909076115,0
1.7290988563266696, 16.535969406947746,0
11.697533471588528, 14.046912883432425,0
13.11938683110975, 0.9574406222947571,0
-8.252015490625244, -2.485280723178859,0
11.077530901521461, 22.214753046342732,0
18.399965941952736, -6.2694573930163955,0
17.033579163563555, 31.990402019239088,0
-2.7552895427209965, 6.3934803664948,0
28.17874284179222, 9.498417579053445,0
10.361535372102047, -15.592528036950295,0
11.626514723459842, -0.6136769515553602,0
-20.041363936279023, -2.4997263003703356,0
26.865912585940773, -11.119533967877361,0
19.153069754796288, -5.488284292403044,0
-3.553229843494255, -11.953146009256653,0
5.322061041450762, -2.0732353604886686,0
6.245195029901611, 7.6350601529861475,0
9.098132348987976, -2.560084360315619,0
-4.221064842408329, -0.5689021352430033,0
-3.533455953851229, -0.8953520962101191,0
7.29810236019451, 8.992060733334865,0
7.077404881214661, -7.9093408642163325,0
-1.0617686329735454, 19.765782910837082,0
7.046384715606271, -0.7788487567196467,0
3.408584527247935, -18.28531574391808,0
-0.21971454662368672, -0.4696694103958527,0
-4.608690248415947, -2.266436077877888,0
16.18951674769048, 4.211284090479864,0
20.76606838606087, -2.9837749557191824,0
1.1928801884728133, 13.139478202450928,0
11.949998942182214, 13.152977754635542,0
5.297491902925806, 17.22548183916375,0
14.687071558071837, 13.355077641370805,0
-6.979914577005431, -1.3610529047857107,0
11.26837917636827, 6.856451756685036,0
-2.5967404171381943, 13.455191983948172,0
-4.952501184869193, 12.128443630289846,0
0.029962828748184955, -20.650233719614143,0
-5.624716818653645, -17.317922219966842,0
3.3561675961575705, 16.678264381420043,0
17.410408817055227, -6.502802847849537,0
10.281525255982194, 5.294659002544439,0
-5.1460042486996045, -14.876612890170877,0
10.385296536123997, -11.817955623559966,0
-1.0936637580578048, -9.971203408157502,0
2.1989021820231534, -1.303376196839858,0
-13.703989222639926, -13.402755431147158,0
13.662869184222368, 24.211031733795075,0
9.157255576777166, 23.87589583333669,0
19.068550111576005, -4.107640151255544,0
14.267034478414324, -4.358203601547675,0
14.846491683535856, -9.489617132393743,0
10.887166696841483, -5.542495895352168,0
12.772666394715333, -8.58054625604451,0
5.972032050482574, 19.91647385674897,0
5.647613267330613, 4.3504771789894,0
13.596250299981355, 9.359678697259369,0
-4.240061111740506, 6.467076578568321,0
37.6931636866654, -2.8815106279407217,0
3.365813694947827, -1.087177949726766,0
4.637611743752834, -4.791347024911241,0
-7.580333934560121, 14.063379374670005,0
-10.541464195007581, -18.37063009409753,0
14.115514107214457, 7.743180622481491,0
9.400573127543401, -6.9459245532614355,0
8.935134241323908, -11.43539150018066,0
18.168222768317648, 1.0422205836807448,0
5.367344209583905, 20.666403847678446,0
20.80372413798037, -6.83485827614762,0
1.0142242709397142, -4.36386551318511,0
9.29891193904437, 0.8620987670688163,0
16.461432112842466, 11.458646308097018,0
-17.72463347682671, -14.158786395634356,0
14.06330101592356, -1.5206410371453918,0
6.782352410955161, -2.953372042953826,0
7.028082243022703, -16.096214722784104,0
-8.453433530231319, -0.2772628267696624,0
0.3640249648632754, 7.629309682083571,0
18.897054033427782, -7.354095859372455,0
-0.08688324999093527, 8.766756361509092,0
8.582482506101131, 5.973693607366395,0
3.803887235713109, 0.8006389331459749,0
-20.26966795409021, -2.535886847288624,0
-7.643564172548247, -2.5709741244103324,0
-11.261851314973942, 2.631710936584915,0
21.312641453854678, -9.284173934790486,0
-3.84910194917341, 9.867564037653347,0
5.320266691324813, -6.123239135466847,0
30.586037230899045, 24.452022687363602,0
6.441860317476952, -4.1750695559706585,0
6.061240930515337, 11.070357882936559,0
2.854582074709101, 2.909951514526262,0
11.433457282428545, -19.166476106432206,0
-7.836911732186062, -2.657286218802485,0
20.673771506797376, 3.8233605710139007,0
-2.303016245747397, 5.180592080699649,0
8.595979512362476, -13.016944892619042,0
15.18466679237818, -4.582100354360403,0
4.149167652256494, 2.8642721815194356,0
-6.640667699573867, 18.69418288959837,0
-4.865757684517832, -1.686159060610716,0
19.399063234644878, -12.453546338074519,0
33.9369358296397, 9.15718191943867,0
12.768499541004857, 2.0653105392880535,0
7.7499358911949185, 2.4818181528572683,0
2.4291689089526476, 11.617991604693716,0
4.02995372988857, -2.254166817179271,0
-4.155305577566903, 10.840792438850713,0
-0.61665959066417, 0.45384693987886915,0
5.413604446006437, 10.103194400789022,0
-10.243091727843055, 14.660099183305409,0
8.405503284753578, -3.009767029901608,0
1.5419154021049912, 4.4190809799283395,0
3.042355067118513, -5.224097817096004,0
-4.375777469383185, 0.2438926043714174,0
9.35227425591891, -10.475468011599476,0
13.316279856843114, 2.4934036334498093,0
14.427959581222373, 14.00395859846702,0
9.787490468989951, -4.354976416532073,0
20.377858307208875, -1.0225580509424164,0
-14.418031919896292, -20.68448987710284,0
-9.200891694934757, -17.223919911568487,0
-10.674052227403998, 9.49858508380033,0
0.06733719124410664, 16.792190228013034,0
14.56092641694823, -18.08755483454614,0
-1.1499333494958874, 14.191027673774421,0
-14.398334798841308, -4.543816824982491,0
0.6856215458866609, 5.689062650520983,0
6.033983298751517, 0.2011206191687347,0
-5.343974197216285, -7.4586415617379735,0
3.9028093320095176, 6.998208378130285,0
-4.29648200265197, -20.71079186324806,0
15.465918631895248, 10.884571622074755,0
13.101550499055014, -2.6433952410979,0
25.958344252701835, -1.3737589797558059,0
14.687071558071837, 13.355077641370805,0
9.13883420399025, -5.932822253947741,0
19.55346203655145, 20.024584604681976,0
7.584394121601919, -1.5790679511938361,0
11.875423137214469, 1.8657102678994382,0
-6.778815193594262, 9.903912466588242,0
5.725152670101168, 4.637214240122054,0
4.710084015423595, 13.44165776877108,0
-2.9385258551556284, 16.406531933155467,0
-2.176824611868078, -7.9604213363408824,0
-1.4900619734723008, 7.998939573205023,0
4.784150877437895, 2.41947031126687,0
0.42512009732910294, 24.256669319571674,0
10.023415085811774, -6.611758470878044,0
5.317763713524247, 6.002973852969386,0
-8.223330712537386, -11.57353082445518,0
-13.765275169307408, 10.759481442579041,0
14.923918498641283, -1.9781773500755024,0
-0.750431260833669, -9.59161302489923,0
8.79210357856926, -8.632066538172527,0
11.11315071776129, -11.347564740389112,0
0.6534147904772378, 3.1745808209462445,0
13.8088057960911, -12.515737140573853,0
26.531591879130147, 7.989865051388038,0
15.387983486619444, -11.692460741142458,0
-3.4199328384535956, -9.109784477687255,0
-4.61321991965874, -1.379706141173614,0
29.740697597636487, -6.292633826053674,0
3.266542342399938, 0.4474472449595941,0
12.36152193178996, -25.005939702855056,0
2.7681775651633975, -24.524575979790562,0
11.087766582332671, 16.211475802136285,0
13.309950212792117, -7.5059389140370465,0
16.377496551271086, 5.443230874483096,0
13.412861838781854, 7.81676334285934,0
23.73186499203121, -3.5625402896683824,0
6.1293392453793185, 6.978740354695297,0
2.763550722613688, 1.8403130329415105,0
25.201143444277207, -2.7694838389312824,0
16.357670416694805, 4.846476436331155,0
4.029922549200766, 19.7242531501865,0
3.673014307286886, 2.1864529897671265,0
10.38312662738616, 17.720652883589263,0
16.274018246993094, 2.005288869801809,0
5.8156635104387435, -9.17667921486717,0
17.09876609714592, -18.014406286705686,0
0.6070815379393686, 1.1175686045319575,0
-4.29648200265197, -20.71079186324806,0
18.62370558793627, -3.703698573842069,0
-24.134312417781423, 2.4371247971238814,0
19.364152574438194, -6.446430760687408,0
12.077562437308503, 20.850541662436328,0
11.98513302283058, -8.520638700801662,0
-11.148876704096741, 23.16001018199401,0
-7.49679214482488, -11.886865063526896,0
10.902381862985354, 1.0106430630380043,0
4.003643717263344, 8.769093961247583,0
9.634863879986675, -6.838286989173006,0
21.221037119190882, -2.721835572632562,0
23.518364694184633, 9.792673835336876,0
3.482521382632054, 9.736355839258781,0
14.560107991163001, 6.558205426304408,0
6.355135497781376, 15.55957980091488,0
-8.76365573127248, 16.705562373742765,0
4.747852038606762, 0.1771379679609837,0
-10.376550833002751, 6.677594890355813,0
-11.427411827868116, 16.573054032174053,0
-4.188961990608268, 4.2669766550161645,0
6.766943199948722, -10.890300196242864,0
0.3734424017457484, 18.016214247357095,0
12.971455825728953, 17.591973581296422,0
15.579202637642695, 2.0300745847262456,0
-4.8117406949324195, 2.2082082302924477,0
-11.862666930992559, 5.265273224808299,0
6.596533954333417, 9.838301277090466,0
-15.528607465221295, -5.276225858193569,0
8.686946506029717, 11.37542686312285,0
1.2710589531137448, 16.593036078520566,0
12.460566849132642, 18.833851533676604,0
10.374396101675678, -7.8489426273946385,0
-0.7606682320236785, -0.5912551538093386,0
14.486737346972001, -6.932861989445145,0
17.27943763700922, 11.30016272575685,0
-6.267652796460195, 12.075951593821532,0
14.159792937585511, 1.9759499212735705,0
0.1682866178442214, 4.248906681706081,0
15.521717462258396, 1.0519983919789706,0
15.541178968618935, -11.224211465042552,0
8.77227373496162, 11.41089050298599,0
9.469280831058711, 20.413127152969487,0
12.219792197249841, -1.8584930619249602,0
3.643724490541578, 0.29248721684776413,0
20.60508759218812, 13.024163774481467,0
-4.80373443815771, -17.67605839468352,0
1.781890350831087, 24.194917902611206,0
-5.974185943928212, -1.4028119305862279,0
-18.234548723517154, 0.5303028525270097,0
-2.7855161127291335, -0.7011038102703757,0
11.228764654221626, 5.834921831301778,0
14.849423085561746, 5.38153001159334,0
9.988327020262716, 18.437189107655442,0
9.407761757632226, 15.119627669087874,0
6.443431581236319, -0.2084219469131977,0
1.4370100683667828, 14.222529694614577,0
5.535413601533103, -14.115926093435434,0
-3.1556213052376827, 0.09564634007006997,0
7.282965717453247, 4.569346580825122,0
14.066876973890773, -0.25643492230208004,0
