-0.40851607887809516, 0.342567324205407,1
-0.3378427885498274, 0.36085959140827134,1
0.2545894097120888, 0.5021338957550283,1
-0.507093720169418, 0.31947923147959445,1
-0.1852889346109864, 0.36524010538586804,1
0.07368123447024898, 0.4218017904577558,1
0.11772866050757601, 0.5007301581481247,1
0.02450084837690523, -0.13107327170320748,1
0.17333613351361082, 0.43319281632246726,1
0.1684767835395462, -0.1033698463149218,1
0.2815184399065259, 0.44029698895790526,1
0.08041096574445494, 0.689820355264327,1
-0.4922958271233041, 0.31988808013544523,1
-0.29981473812343123, 0.3550074119103773,1
-0.04432790827642928, 0.3591180330693285,1
-0.02773013849465625, -0.13984568475687967,1
-0.05034245154957288, 0.4923293937774797,1
0.1869742798867488, 0.28653387092250016,1
-0.376528435521495, 0.3607829560727495,1
-0.45493236639594803, 0.33522021533943874,1
-1.0477805256740136, 0.2541706373792483,1
-0.4686990714984191, 0.3373173006163881,1
0.13213390661668145, 0.06183799497668503,1
-0.37296378047553236, 0.3206795391890246,1
-0.23779323537970018, -0.2302140413445382,1
-0.4808770063713967, 0.32838214661996756,1
0.28761902998901856, -0.09230063752323114,1
-0.12468253437606122, 0.39923452317032376,1
-0.11869949289263414, 0.4129430481651537,1
-0.11973188267329143, 0.4095453059027948,1
-0.4170565892184817, 0.3476000966764902,1
-0.4976138811258748, 0.2767986968220654,1
0.32032900830605443, -0.061393722132889586,1
0.009221291535773047, 0.4890066878344177,1
0.019372426392244405, 0.3882216293596391,1
-0.04907353953021867, 0.3250729514334394,1
0.23413819212505907, 0.4754510645434943,1
-0.2176460834781864, 0.34298624582725956,1
-0.32083760615457213, -0.26145589464742836,1
-0.43300132857488366, 0.32340777207959154,1
-0.03459300199829477, -0.17023250334137932,1
0.3058299491601772, 0.5291727446442671,1
0.609485775639149, 0.1803501403785793,1
0.24184594452211244, -0.087530201166241,1
0.012683667913448255, 0.5475844317515528,1
-0.2650938066687625, 0.3508623946255718,1
-0.5263486930213718, 0.32601110833792046,1
-0.32405059472438663, -0.2589156355588868,1
-0.27557519940851893, 0.32262518524656647,1
-0.5448935724655474, 0.30721854773290935,1
-0.359662952859105, 0.3206524856320223,1
0.0852594272334871, 0.49441222328249784,1
0.5924075877878332, 0.17239885112432535,1
0.027085138029014653, -0.15408427821071727,1
0.045465833902264656, 0.5047134905317643,1
-0.32923480493683993, 0.356133467177279,1
-0.4531393492991935, 0.3538598104780819,1
0.810154018930288, 0.22185241841087333,1
-0.645551754479412, 0.25702131381388094,1
-0.34397719938148297, 0.3039274560151676,1
0.3858847399316036, 0.43667105803046735,1
0.9551338863712614, 0.13211294752925548,1
-0.0521861770875783, 0.4696060412315628,1
-0.36133569666861204, 0.30147075588036254,1
-0.0521617373684095, -0.16398778156993277,1
-0.34322136942348497, 0.3620965621490965,1
0.08457385855339451, -0.13282116910970465,1
-0.1142720380533468, 0.3118543923801251,1
-0.8206051762898127, 0.29579317524676674,1
-0.3284006224843089, 0.4177514642457354,1
-0.40521660224674083, 0.3408698677222107,1
-0.07533070245753441, 0.29417734448695065,1
-0.3521938095921274, 0.3233099868315656,1
-0.11092676981047167, -0.19184501692310846,1
-0.030900305121860778, 0.5048224355995219,1
0.08608719707865878, 0.5235437729089227,1
0.2699233364343977, -0.07238354145193132,1
-0.3250328206326295, 0.31943206968151294,1
0.037758049149590724, 0.5138129223259147,1
0.23375070918176646, 0.6469649092838645,1
-0.07028210184036526, 0.4669507225780725,1
0.2125196877935895, 0.5524362889951245,1
-0.470428877800476, 0.2751454467492458,1
-0.36504984975664617, 0.3119673199723695,1
-0.13736063311528804, 0.4025401197242349,1
0.23861422871483318, 0.5651953551864318,1
0.08576204450753559, 0.5092600707155592,1
-1.0481220169409373, 0.2566401316206341,1
-0.3566108396770665, 0.36106270803253465,1
0.41546103700115194, 0.4517254523627939,1
-0.18207534807397896, -0.21522623988973819,1
-0.5296884862611481, 0.327163223885659,1
-0.26802748394865517, 0.45021596560006777,1
-0.23354103472027593, 0.29757724798918705,1
0.2551378963793454, 0.36982371999735086,1
0.37463768521563, -0.054684769684489716,1
-0.6522068178126638, 0.3746798945142276,1
-0.11947640059083724, -0.15410462763782812,1
0.02113095164465863, 0.46634603980275025,1
-0.1375614954273313, 0.40587879870147014,1
-0.05279440094901446, 0.29394144966693775,1
0.1455943546953952, 0.3302207227359747,1
-0.4463808476690647, 0.33596266830318305,1
0.20345148569641125, -0.08189753942070538,1
0.24213846171731954, 0.5286167914686072,1
-0.3287917336550582, 0.3673512734055028,1
-0.7136279867445061, 0.28140832168754626,1
0.7821937013447976, 0.1160175395645595,1
-0.3856931848148097, 0.29969176516283313,1
0.4462656597369525, 0.404328315585474,1
-0.4110819154933035, 0.3518269562576304,1
0.36198198012180033, -0.05985703095709873,1
0.5858245248782832, -0.0065334519159027755,1
-0.18928988545744288, 0.5388262592818777,1
0.8147065085937191, 0.23454845742313896,1
-0.03816907900856787, -0.16383260839442698,1
-0.9491305587898, 0.32574462249553393,1
0.49403760220128395, 0.3087012218617294,1
-0.14004624926039552, 0.4041573045341617,1
0.011132177814748541, 0.4673565699849552,1
-0.7762584695080411, 0.25909598911622395,1
-0.35934989137082046, 0.349492825925048,1
-0.03279088111477009, 0.4498823578783901,1
0.3227550965602628, 0.35813696053653316,1
-0.30345107475620936, 0.2919136762771262,1
0.002605535475511884, -0.14241381001936315,1
-1.0365655499617075, 0.251577042455793,1
0.22751025803003183, -0.0824872030978821,1
0.4456241575693533, 0.36377528242785595,1
-0.17550118013585386, 0.3201360328625916,1
-0.2917714376288399, 0.3377105013866107,1
0.19025229228619742, 0.5399840411340863,1
-0.15759485518936125, -0.1997440057737751,1
0.011233538999634474, 0.37729716109741207,1
0.0070862487299158455, 0.39356263526703594,1
0.008250510591296391, 0.27575047376896744,1
-0.2516541917861352, 0.36502441162709215,1
-1.1813662502409352, 0.27695432019547594,1
0.08081802490911716, 0.3904305170859304,1
0.2554775500806619, 0.4498001090273132,1
-0.38296675511572775, 0.3577393227105668,1
-0.34998654577584953, 0.3866250801343347,1
0.11531589595989038, -0.12131165848813781,1
-0.049978474365808996, -0.13337613285302438,1
-0.03035755739388582, -0.12778584590307274,1
0.2609355946528942, 0.48574431078538394,1
-0.0651498294793971, 0.3129913010168101,1
-0.3383802922201814, 0.44194877567643165,1
-0.1420812443836919, 0.4053115895457959,1
-0.0916499917774753, 0.3291813800228915,1
0.08100291848072119, 0.3864265097690057,1
-0.1529794150089308, 0.3372881365873818,1
-0.4183030941189882, 0.3531886501175873,1
0.989128554739032, 0.13439909732301009,1
0.4582923302092828, 0.477283113626362,1
-0.2670037840055621, 0.45084810678083487,1
-0.5014475123786631, 0.29667489120226953,1
-0.09214562818881661, 0.4482848208220844,1
-0.22982686021886217, 0.3709800886127544,1
-0.14877630693688926, 0.43955313093032855,1
-0.06333926310342047, -0.17854897916128784,1
-0.14135595034480727, 0.4345805748280675,1
-0.3238519645180647, 0.41207368817198364,1
-0.03605099880883698, 0.4358480719286179,1
0.011841892774269613, 0.46669938623515356,1
-0.38060654357142426, 0.34097896115661025,1
-0.2678001923744936, 0.28792994128932475,1
0.8381363783545397, 0.23090511603550476,1
-0.38809682072522267, 0.3202542628334047,1
0.18439495213172544, -0.10441425624069467,1
0.09155298711526162, -0.13353356926556678,1
-0.033804286388573426, 0.35173119400547204,1
-1.0394342589136023, 0.2525399651881713,1
-1.0496244684128468, 0.2863359715538368,1
-0.5084672000566653, 0.2654127729481284,1
0.6674253657091325, 0.44734485565850723,1
0.10850593947345336, 0.5541775913018152,1
-0.19556673285348838, 0.3304933797836913,1
-0.5149829197500008, 0.3467824334813521,1
0.010904988100409184, 0.3106334938118103,1
-0.78175119849577, 0.29995948580562193,1
0.3733495535546433, -0.06743543697110639,1
0.2961176474044329, -0.08298438304795278,1
-0.07192789817837664, -0.13277576769856772,1
-0.06555107063040824, 0.32182847578440105,1
-0.5315958132096513, 0.2311200630191652,1
-0.458526320311117, 0.4214166954977094,1
-0.05429156019585215, 0.4231854198513588,1
-0.802852208700263, 0.2571063245875792,1
-0.19924026621529073, 0.5587848111729041,1
-0.362953529524214, 0.31194974754880517,1
-1.0957233364871928, 0.2665940533982918,1
-0.3523144546548009, 0.3977092637559071,1
-0.6323205232915056, 0.32109621093960306,1
-0.5151677458417092, 0.41984930325864467,1
0.806874120032409, 0.21953307740495845,1
-0.3273227340683772, -0.26557493133362936,1
-0.3492110847574033, 0.29099255257660916,1
0.016756955582973625, 0.549431994133136,1
-0.3769253534069745, 0.2837125797686849,1
-1.0426749529554018, 0.25653795430500703,1
0.3558370581658867, 0.5377590742139682,1
-0.4765944000049189, 0.31630410638809686,1
-0.4063733341434927, 0.3460708847926351,1
0.2328951394789297, 0.4143657471036691,1
-0.607996701653873, 0.37850835660153437,1
-0.25510167617473145, 0.3653303539521156,1
-0.1778142564646574, 0.3122893372334676,1
-0.08503550717520403, 0.3400344710963774,1
-0.42808560542660634, 0.33567179003640085,1
0.37303629207145944, 0.512535331716311,1
0.06172037971478561, 0.21580014975485406,1
-0.2649673230994862, 0.3227308075511531,1
-0.3260503037831435, 0.4106067043829526,1
0.3571295092762189, 0.3993588371061444,1
-0.3248029752024117, 0.3562601267808341,1
-0.40289861449248776, 0.3278427543156687,1
0.16254664400684896, -0.1055236809079858,1
-0.05112284106414189, 0.2961652327987511,1
-0.21914642159946018, 0.4016338419531726,1
-0.04386009769430261, 0.3025909059679655,1
0.006964915920295034, 0.5002275182537756,1
-0.06541104115439512, -0.14039525313954423,1
-1.045108787170346, 0.25596566211553556,1
0.23996200268746104, 0.6357495998847662,1
-0.37445278533073945, 0.29721490032361286,1
-0.061932857211521204, 0.4834180840138692,1
0.3119613257645314, -0.07263662843322144,1
-0.028938085677741417, 0.36373035209166976,1
-0.0044757295545223355, -0.1654795707661032,1
-0.35837814858181194, 0.3189792001723023,1
0.13039032988296673, 0.4376689596152071,1
0.5187152833040922, 0.35452058725755176,1
-0.3154848698896457, 0.3708988787881183,1
0.9928748844912603, 0.13302914185530304,1
-0.40977388415587634, 0.2794065807262191,1
-0.4061699065035251, 0.31695773007476225,1
-0.11552598133833994, -0.15687977348211884,1
-0.2970470324490475, 0.50026435763074,1
-0.4321714001400377, 0.3077215125749583,1
-0.35445038621162767, 0.3264202363354731,1
0.11120696604922502, -0.116567496522868,1
0.23423609153700395, -0.08185659934507501,1
0.10654739921864527, 0.5179520723334685,1
0.04297107738628861, 0.4379225193911842,1
-0.5143320211615312, 0.2808354705158351,1
-0.3646283516392294, 0.3527548434389702,1
-0.024665426135824058, 0.3175792209538512,1
0.04874345191250187, 0.30759742458408784,1
0.07510338226221898, 0.5211094135348736,1
0.12987263234868962, -0.1042607848449851,1
0.11876101322098954, 0.4410479047225013,1
0.9777625899287731, 0.1433623801951911,1
-0.07494816316840978, 0.5547855226734578,1
0.9832117154346806, 0.14306033806174737,1
-0.3901159458716216, 0.2813370161690871,1
0.5232213191753217, 0.19895939524590073,1
0.6991336163283554, 0.04970735288943267,1
-0.33024983932350294, 0.2772418642894084,1
-0.0470857840456934, -0.15781780145792193,1
-0.23390712358073515, 0.3323963225085771,1
0.5141778915381765, 0.32965424381516195,1
-0.16536328784772475, -0.2049191648871741,1
-1.0514891689459809, 0.27629707298287665,1
0.2627631146962241, -0.045795417420079074,1
0.5089194320615906, -0.01468010559958943,1
-0.03725814922680765, -0.17442895906761202,1
-0.36433637674655267, 0.37604466075911985,1
-0.734808168472088, 0.34088350605807183,1
0.13394045959396983, 0.07996587433225581,1
0.37956200692818565, -0.039481982146794985,1
-0.8184037182436211, 0.3386159551176154,1
0.6903575510942814, 0.3560374344075105,1
-0.14062874972610137, 0.4007150519040169,1
0.20973656373926644, 0.5179307859714117,1
-0.13736747934057347, 0.5696188518145485,1
0.060760920391602954, 0.39377745198155983,1
-0.16019744930357005, 0.4451927519753002,1
0.9928748844912606, 0.1330291418553032,1
-0.4096385758174773, 0.4828846014783427,1
-0.4319067340047626, 0.3245115736815926,1
0.9369128301732077, 0.1788606668022788,1
-0.6848388916217933, 0.3666787348954107,1
-0.494042970978886, 0.32318675993433216,1
-0.04613022901052519, 0.37109464339601844,1
-0.6866858535417149, 0.34103712314464474,1
-0.062037505177514975, 0.2882253545509251,1
-0.4857101326361447, 0.30005301696750825,1
0.27167748411111003, 0.45163433322481694,1
-0.13409503890745603, 0.4033864155664798,1
-0.36888298048634593, 0.3459093942073573,1
-0.9183416492714798, 0.301954300951754,1
-0.008902244588423872, -0.13948678465590758,1
0.0970715829305485, 0.5202147724387612,1
-0.5360190354444612, 0.29993386094395263,1
-0.39407537258289427, 0.3724757588559298,1
-0.1503168794927002, -0.19637671679030194,1
-0.08609258434045754, 0.3576566518423436,1
0.7840470259725516, 0.12902123525668302,1
0.0721885666613192, 0.6945840354478985,1
-0.12540610649524792, 0.4357834559181594,1
0.06802147256523654, 0.455813680608865,1
0.49383610125449173, 0.3217858685947632,1
-0.1912597056583035, 0.3087834655369425,1
0.031093051768078694, 0.2892788816151835,1
-0.11779794203545237, 0.4204863312740172,1
-0.4336062576626742, 0.31054030888808454,1
-0.29815896327826924, 0.3543863766434504,1
-0.03218826240666855, 0.4580939851507291,1
0.38330344006457373, -0.03194000136849771,1
-0.042581933818604395, 0.4657585412591379,1
0.23408017350078372, 0.4245909043477648,1
-0.2675457649517542, 0.36357895254543005,1
-0.38627833174362314, 0.33950336188457275,1
-0.1655771767303099, 0.5504043581820962,1
0.010752523202396112, 0.49981050920859477,1
0.16830006327772698, 0.42043700711566906,1
-0.006728330972809353, 0.38217155320867596,1
0.0871677655445575, 0.5386144169699508,1
0.0016620805746402536, 0.5106846949862364,1
0.8082503847695343, 0.2247470942272113,1
-0.07217299738084106, -0.16759780801205704,1
0.5212564601267571, -0.014026818574665012,1
-0.2688232405468652, 0.33611348785468975,1
0.22915890719541726, 0.5796208299078266,1
-0.6061599111370684, 0.23694550321104213,1
-0.3286928649992026, 0.3098711933169323,1
-0.18078719216583486, 0.31127806334029096,1
-0.0760573509794662, 0.45708627203682667,1
-0.3864080802040317, 0.3550303843826352,1
-0.02250680834803656, 0.29820685642866923,1
0.12969744678436967, 0.3722326913451675,1
-0.028040096207097225, -0.158043778069922,1
-0.31028672763774234, -0.26315574630474575,1
-0.06889730268470377, 0.3835608383432339,1
-0.24152497929854713, 0.3537409514133102,1
-0.035663600941919164, 0.47831675921642913,1
0.18224735406930345, 0.46928130225315373,1
-0.2684992360789097, 0.4887221998995485,1
-0.31448115066369164, 0.371999395866862,1
-0.24383349953200645, 0.27262916434968665,1
0.3628006106947959, -0.05393925263702414,1
0.09295449276317619, 0.46771458580111946,1
-1.10479593816624, 0.28726086501963527,1
-0.11648389026664249, 0.41525823683584023,1
-0.27189697122800144, 0.3779615195519049,1
0.09553357983573449, 0.5429001200573764,1
-0.6600972734713841, 0.257346611595839,1
-0.6187500685033493, 0.2792591102629767,1
0.01626221187468083, -0.1287436321389531,1
-0.005707494881466761, 0.376863385287437,1
-0.5803527496127427, 0.40146787392769123,1
-0.06804272356338331, 0.46491020001603506,1
0.39550569045466083, -0.06441615281350528,1
-0.4589083738235394, 0.32732195173528267,1
0.2825987372450305, 0.4924375678467989,1
-1.0379090581043657, 0.25621521811932213,1
-0.14227098599278137, -0.18441957877868168,1
0.8324754315755962, 0.23630715270291133,1
-0.4764924600695868, 0.29587926558651667,1
-0.5689400125323211, 0.43827412732787024,1
0.36852948695381554, 0.441679118833794,1
0.5048155832655059, -0.012702884028164545,1
-1.0400450436156927, 0.2567494605724867,1
0.38239397313469436, 0.5274164449993834,1
-0.24560052036282187, 0.4758339377869955,1
0.3546168807800815, -0.05211936012652255,1
0.03251736551018839, 0.5124035046549777,1
-1.102093488105977, 0.3286319161390227,1
-0.44254062566222274, 0.36130339985039456,1
-0.32465081301775295, 0.3140244879255343,1
-0.25203875891049554, 0.46203811434382486,1
0.19238860070213468, 0.49026781650884255,1
-0.05128841138201906, 0.4775115893655602,1
-0.4527428949158267, 0.3343084554022937,1
-0.3799871249117988, 0.28754306943022306,1
0.5354091492277324, -0.00902029745909105,1
-0.3926543795610116, 0.32952463005277816,1
0.02258157133413381, 0.5605120947750956,1
-0.13356343839620807, 0.40493107416439417,1
-1.0245470740416334, 0.2737299699204555,1
-0.05808545303203709, 0.2984251831329629,1
-0.48384151799839326, 0.415322005834937,1
-0.04598209709742233, -0.1653804505111154,1
0.1618329377694458, 0.5015553947327187,1
-1.03824764338529, 0.2516899989034446,1
0.16985338235691147, -0.09621877113276558,1
0.017183758249594814, 0.5506948068654813,1
-0.4612134145570786, 0.2946275172714672,1
-0.13379947800201622, 0.35065723480212474,1
-0.18312732744924404, 0.47171505747919923,1
0.14573384107968967, 0.4044260787175248,1
0.7982204373572886, 0.07039164624368534,1
-0.5232844351230953, 0.2712197362056592,1
-1.045804870589641, 0.25150142068746484,1
-0.5116867504911026, 0.26613990471113697,1
-0.06553864286791089, 0.30308025494601926,1
0.12045618775060368, 0.3910669463584125,1
-0.025448359905120174, 0.48840224981871416,1
-1.0528469879745637, 0.24842614750899114,1
0.11742233069679635, 0.43928099956315314,1
-0.3765167940286985, 0.29185641978976434,1
-0.12900364419936786, 0.4081650229730364,1
-1.0416151944646184, 0.24595895664803266,1
-0.4423751098857295, 0.3363730633825101,1
0.028002664991064168, 0.3669302158187955,1
0.08862208324850845, -0.12662115286685646,1
-1.1785562288939, 0.2788368945697692,1
-0.3222221210624812, 0.39629614556289894,1
-0.35678250754193247, 0.3150454031352149,1
-0.11897266953224965, 0.4102102217929157,1
0.22727466870917443, 0.23581518668455856,1
-0.363879013762125, 0.3150824741660468,1
-0.051865438434467545, 0.46484050516504155,1
0.9556269593173101, 0.1271595858110808,1
0.12471339649659405, -0.10345668828601773,1
0.1703164199853094, 0.33856869756057006,1
-0.05455179112708628, 0.45681091440528804,1
0.06284961985374661, -0.13475732771435525,1
-0.03910006126146377, 0.4939288985337881,1
-0.2030325710295214, 0.40159060309970535,1
-0.37883197296171023, 0.36154569004023707,1
-1.043373861779362, 0.2575326798162075,1
-0.32471526286791663, 0.36225981164676563,1
0.11531589595989034, -0.12131165848813774,1
0.014776705981756249, 0.4433241303166603,1
-0.06045022761318842, 0.4297756560357568,1
-0.11325473455706078, 0.5282744737236119,1
-0.4174152133769458, -0.30038857189068063,1
0.9928748844912606, 0.13302914185530312,1
-0.12660178211896897, 0.3955009150422485,1
-0.16138079459021595, 0.2887217054577818,1
0.09965009525401493, -0.12444722413753606,1
0.683031417412217, 0.04612393102492699,1
0.05414311453965898, 0.6476386613025654,1
-0.45413243371914597, 0.33516762781625453,1
-1.2275842724629558, 0.25342970489143357,1
-0.4701060857468529, 0.37403367701555945,1
-0.0520390179723933, 0.2899685797787457,1
-0.8830389351856239, 0.30022483973594133,1
-0.6614321379510679, 0.38534453416339515,1
0.1934869606325473, 0.3620955481582119,1
0.2828531301608576, 0.5051775018665934,1
-1.0350873741926545, 0.2586575878688708,1
0.15180280280224862, 0.5146895480418406,1
0.7839092517212616, 0.14108929662184166,1
-0.469916893566418, 0.3578600259654747,1
-0.26052634221786564, 0.458862753405861,1
-0.3456634329789455, 0.37221216614558467,1
-0.1487763069368892, 0.43955313093032844,1
0.18485363873060437, 0.35200086007874,1
0.14173413979164096, -0.10450045691102419,1
0.7729634270042274, 0.13378731228501187,1
-0.39228594964584423, 0.33758326187693505,1
0.17426185465205785, -0.11530476441748966,1
0.37351964821676503, -0.03759524997181507,1
-0.5773186145582415, 0.4016467410832319,1
-0.07742651439467385, 0.3611069905560233,1
-0.02045874470449069, 0.5006225400811223,1
0.37349422328631915, -0.060861219347087506,1
-0.3578804666029732, 0.3237231962087153,1
0.11599401672990858, 0.34724507110786057,1
-0.396244793928474, 0.3645632563043464,1
-0.0547904300637983, 0.5802010006379986,1
-0.7351688710248461, 0.3401252936589891,1
-0.34754450783678753, 0.3259197337456831,1
-0.18945190016952035, 0.3061925571211668,1
-1.2245961430620298, 0.2546058422467093,1
-0.3302968654463267, 0.3953887605257731,1
-0.5072492409027957, 0.276860099973285,1
0.07368123447024887, 0.42180179045775573,1
-1.0370981279797178, 0.2619494235537988,1
-1.0240473844768612, 0.2925939914405569,1
0.2647755648549541, 0.3920109654987888,1
-0.5118991799093516, 0.3314126900558781,1
-0.3479978388556674, 0.35385086302901586,1
-0.39757119618051, 0.3619464847989271,1
0.16260183388834062, 0.4735151292882674,1
-0.35236345165752575, 0.3800889518254339,1
-0.336291934211356, 0.3501447695444731,1
-0.29438428533916333, 0.09228770201426868,1
-0.34537003912647957, 0.2906289389792186,1
0.207206206902084, 0.4902426101695118,1
-1.1791356695166304, 0.27574708463566533,1
-0.09039585432883729, -0.1790461011149157,1
-0.25640503352076793, 0.3691794986463112,1
-0.03126230677510651, -0.16918715613315002,1
-0.03764148395051722, 0.5321065351381625,1
-0.3411616962165953, 0.3542053979651548,1
-0.006280554359182367, 0.4464902539552541,1
-1.0444096906887477, 0.25296050901482986,1
-0.21843534733950104, 0.5068333134169085,1
-0.3078402869185726, -0.24690927604016935,1
-0.4035101322005341, 0.4643642222921961,1
0.7586606198567318, 0.2704592567245611,1
-0.06268898515794621, -0.15464988345186387,1
-0.01887458308363481, 0.48203971154667885,1
-0.03485733481779935, 0.29850876734602444,1
-0.16415659558056284, 0.3005885189553529,1
-1.225556102138474, 0.2531929069590615,1
-0.3868962967719154, 0.3560700025786016,1
0.5195536978668892, -0.026518889896519387,1
0.5408559309053714, 0.3517633689658537,1
0.48299114779967733, 0.09534548553291362,1
-1.0501335496391884, 0.25428580897589037,1
-0.5787092287390558, 0.34707645351664856,1
-0.43427837990239926, 0.30980841869154957,1
-0.3162902478893584, 0.36890018655166285,1
0.05185737799109242, -0.13553737175918631,1
-0.04205462592436598, -0.12611747163592169,1
0.14217830969670858, 0.4640057789856972,1
-0.18920943821583375, 0.30721235337448144,1
0.02343254656527526, -0.15885253726485798,1
-0.5209992388849941, 0.3520165898574341,1
-0.688285098596357, 0.3712901831087021,1
0.3892924677756537, 0.08399979367577039,1
0.042691282333996675, 0.2867819442879957,1
0.013057668710468956, -0.1561632224911739,1
-0.10155186168997016, 0.4324016166099002,1
0.0873449169572557, 0.5193390529565807,1
-0.7140091648020159, 0.361065925348244,1
-1.1809466487877451, 0.275173258162493,1
0.07137118630223029, 0.6762150940168821,1
-1.0516918827226553, 0.26257864651765556,1
-0.12855825007889068, 0.4165587807794917,1
0.054532679597618094, -0.1529367658324604,1
-0.3915941223171041, 0.38678890482859224,1
-0.10606763356256584, 0.42217755105072907,1
-0.8870610123074899, 0.30890917211838037,1
-1.0350115238158488, 0.2561081199338041,1
0.3896321669893352, 0.5364797062472436,1
0.617883529853316, 0.031843235877832214,1
-0.19179890020465595, 0.3204073968182641,1
-0.05747552926914988, 0.36866770653057185,1
-1.223483747736319, 0.25354175560720615,1
-0.12198207373216015, -0.14129476681414588,1
-1.2183912748860213, 0.2575898734611264,1
0.5403886012535003, 0.20116244835519803,1
0.20681936805770595, 0.5152411661051843,1
0.5736678630406226, 0.007785963939660733,1
-0.2182987767340886, 0.3736769101878118,1
0.22907413428902673, 0.25115647693487964,1
0.07258480873212027, 0.3893786653130835,1
-0.33995648238192216, 0.35894161464734575,1
-0.41370408755551863, 0.27390471638090574,1
-0.29607656721733944, 0.373031836100234,1
-0.49001192958818035, 0.31979694102976647,1
-0.18767291498777944, -0.2103333539263805,1
-0.44423359174142, 0.33223979942652687,1
0.5762258947972976, -0.01298960144479828,1
-0.01291828791330774, 0.4373288595009364,1
-1.182947407480711, 0.27484977971368335,1
-0.34535733237623034, 0.2968773829608091,1
-0.04852692708847656, 0.5015698475440803,1
-0.025721252067953525, 0.4049339225618632,1
0.01573076519786306, 0.38649844240540315,1
-0.5094086556230651, 0.2999473647264322,1
-0.29806986762398735, 0.3206929490188204,1
-0.24121897378606416, 0.3344452172496694,1
-0.5587999395482367, 0.37536730071377095,1
-0.8406104455802036, 0.29679834527904886,1
0.8092213032210067, 0.2261446068411256,1
-0.4013612778655489, 0.2954704643412191,1
0.22353775046866284, -0.08357300663550418,1
-0.04324528707984604, 0.30043574496956066,1
0.2525762803631157, -0.09437394602809208,1
0.19941606142436963, 0.507739830474182,1
0.5280210490317736, 0.323860747225727,1
-0.6374552528141884, 0.35626329977935844,1
-0.018758436086601885, 0.40611958996040354,1
-0.036576629864447, 0.5983712976536498,1
-0.3136279434012349, 0.4060603429622005,1
-0.43243654628711964, 0.32623299151593216,1
0.1352459960756701, 0.3571102091942444,1
-0.08807422262843911, 0.43005919360933037,1
0.5248780777242898, 0.20217653179528597,1
-0.45308304865712257, -0.3110726954310691,1
-0.5121126419637195, 0.42896881818992005,1
-0.03811840063965251, -0.16039454038150863,1
-0.0505132779262235, 0.45600445645091353,1
-0.4576565579986554, 0.3366545465766119,1
-0.05535348109351583, 0.4623828224319086,1
-0.7277502058033772, 0.24421163734238432,1
-0.15721526426922638, 0.3034527402944098,1
0.37077230610242634, -0.07190795234097337,1
-0.40928501646523807, 0.32176733806742985,1
-0.166241276667149, 0.4944316249967419,1
-0.6045225116836972, 0.2488677074832929,1
-0.031013027879334583, 0.31162346089781895,1
-0.5251627849115609, 0.3406740364189863,1
-0.06248680799891824, 0.37206081178509337,1
0.07870966814744772, 0.3969681054706399,1
-0.2005930171423016, 0.43674300499977536,1
-0.6459680810018905, 0.3623145137603337,1
-0.07964448107589535, 0.3013504428722072,1
-0.07163853862647157, -0.1249392124332364,1
-0.14333246614589815, 0.40470730241762526,1
0.1081492699447547, -0.12101492070992613,1
0.005740222051799943, 0.27703042193332494,1
-0.3250328206326295, 0.31943206968151283,1
-0.35937881512848974, -0.27033731697382185,1
-0.3512747070339793, 0.30428338930941395,1
-0.04744576570935828, 0.2966535841007182,1
-0.3383556454721737, 0.30449931813608855,1
-0.4499205332934429, 0.33355368269864555,1
-0.1814841056791707, 0.3167821902178876,1
-0.09786824292667622, -0.19743184246664658,1
-0.8182431900023092, 0.32893652996553946,1
0.33386884243188936, 0.35969847410014283,1
-0.06934887718041792, 0.5621790463936651,1
-0.1813213683893749, 0.4954690819566,1
-0.33327269853461594, 0.35897446906997205,1
-0.6815769720859376, 0.37275935967537244,1
0.2876819713687708, 0.38430833889337157,1
-0.3810091722978394, 0.3312017209844636,1
-1.2232834691210495, 0.2546737413844799,1
-0.14026900955925714, 0.29729414018514405,1
-0.2631248575635819, 0.355117243959691,1
0.2819889017130753, 0.4767742733024545,1
0.1477139297022948, 0.35797395725474274,1
-0.4356249388007985, 0.33596169404228277,1
-0.35207209051730987, 0.3061000701986506,1
-0.13550616101889595, 0.4823707197638475,1
0.29072798278891204, -0.08734379532609052,1
-0.33092970861230453, -0.26548524787224126,1
0.2519068829570582, 0.4727804771400512,1
-0.012115644449453044, -0.1296224589742954,1
-0.18220516027783198, 0.4726514003735713,1
-0.35567275040543095, 0.3231035593323789,1
0.06201602684046499, 0.5971343332952412,1
-0.1313790562249153, 0.406702834653804,1
0.313241916262438, -0.09307386182006619,1
0.1412135972594445, 0.34056502655492066,1
0.1253462652394653, 0.7291026425413896,1
0.007365075018383905, 0.4949408409418377,1
-0.13524070929860266, 0.3950520045299337,1
0.622422223726414, 0.1793361827143868,1
0.7753403635371661, 0.12574485665111249,1
0.2277277264658316, -0.09420949744253422,1
-0.34473183676557834, 0.3605671087219125,1
-0.16226035951456713, 0.388087642379755,1
0.5533899477095815, 0.014443697065014836,1
-0.48703901626042995, 0.31943440713867993,1
-0.12263927778756241, 0.5215149244611034,1
-0.04083010166841477, 0.3127609133265789,1
0.9007861416470125, 0.19805724426290136,1
0.12583691427106208, 0.43067382581632196,1
-0.12680446622887068, -0.13816438157399186,1
-0.04595180697286468, 0.45786023980267754,1
0.013382920774854411, 0.31697812028185285,1
-0.032302690007045214, 0.47279994940944764,1
-0.483169430049999, 0.3372218695251567,1
-0.0295609863026175, 0.30168900479777067,1
0.2581965137224789, -0.08146817921871465,1
-0.40196589625721973, 0.3798036681927111,1
-0.37129171171787506, 0.3821697309263297,1
-0.10585527104334948, 0.5459205303707076,1
-0.09032870005683437, 0.3266583575245726,1
-0.11241591275180339, -0.17599417267491096,0
-0.49251039585742085, -0.31681963973049454,0
-0.027001430674425415, -0.1458841479029741,0
-0.15411631700415054, -0.1992364218464859,0
-0.15696674694249066, -0.21364376416896722,0
0.18426421940104518, -0.0991249526895122,0
-0.3494885113548806, -0.27059514060734713,0
-0.3108211371391693, -0.24438109119988694,0
-0.17062397412857416, -0.1949753646742912,0
0.14802515772141417, -0.09610833208572123,0
0.5400422773423617, 0.005618245363511678,0
-0.0873700430359842, -0.16658325873040472,0
-0.32813134080934214, -0.26601180385823947,0
0.30196961223536556, -0.08937496991290149,0
-0.0008226385820079749, -0.17335445292154536,0
0.15913720807016465, -0.121728570522731,0
0.4039029577447739, -0.05522069444534432,0
0.5076116416653316, -0.004634704483850597,0
-0.01178939473415085, -0.16189527950174398,0
-0.014956615691947516, -0.15975884685243213,0
-0.15722740913734298, -0.20160861654012255,0
0.3558294769542244, -0.06714239314537881,0
-0.06960559204378305, -0.154705346755221,0
-0.14019783216577936, -0.20406845865184317,0
0.048116212981163815, -0.16050673941705226,0
0.014289197736715508, -0.1470790556047651,0
0.5455654281299133, 0.024826229247080358,0
0.7547439807204105, 0.05307053429664235,0
-0.08146200586796226, -0.1677527942774636,0
-0.16928592862690392, -0.2097420456527862,0
0.3511012134363893, -0.06996675827603506,0
0.517011504322308, -0.013273341422078094,0
0.3107069264153401, -0.06988973797898904,0
0.3657337026013314, -0.04637250098062464,0
0.030939004013811878, -0.13871201660045118,0
-0.1464206173637052, -0.18483787360649304,0
-0.12615986316071984, -0.17584927594601427,0
-0.1654773630382121, -0.20709925667558038,0
-0.02906591722933926, -0.14699382489849958,0
-0.07604390907566504, -0.17688740055076457,0
-0.13106292008490883, -0.19261088876598859,0
-0.22007337925676126, -0.2233969482769638,0
-0.07642060993731274, -0.16230823691627935,0
0.12275435483533281, -0.10134100441718728,0
0.01600940791847259, -0.13879402678647051,0
0.1419409551651263, -0.11298737363924741,0
0.30243590168092377, -0.07264019118472723,0
-0.772729999686562, -0.44965436048227736,0
-0.38529181006744506, -0.27920074797423255,0
0.04796977208861984, -0.10820354856180302,0
0.6287175011473198, 0.014986952254770708,0
0.2603672585541066, -0.07964730571560627,0
0.3232482327984686, -0.0556049242724843,0
-0.3156283034486565, -0.2529569697637078,0
0.060985931839362365, -0.13282251315645507,0
-0.18491756021766284, -0.2088894429010922,0
-0.34859283850419154, -0.2799212476483641,0
-0.7320031390758022, -0.43507898326646094,0
0.42718248376906, -0.044450394693383515,0
-0.45253973229208805, -0.31559897193332864,0
0.2934134192762447, -0.0749141809999131,0
0.10185736632367642, -0.12311394260803439,0
-0.26138635487782513, -0.23271443999286076,0
-0.08114612293916983, -0.17512903303614905,0
0.40318022346503274, -0.04111633106789808,0
0.016794882862523473, -0.0984277582123424,0
-0.12016051289969958, -0.1910401768810532,0
0.18909216356906403, -0.08950355212940829,0
-0.139298922357336, -0.2060276221530471,0
-0.6938995709227549, -0.40252456397079517,0
0.6429251481236271, 0.04422403244055896,0
-0.3112783637044485, -0.26021857116285513,0
0.6108575945880564, 0.007097252115180602,0
0.3121801780178693, -0.06600267550452495,0
0.10956584281800924, -0.13071663457153226,0
0.2410649909177691, -0.08402005693725635,0
-0.027531724445571754, -0.15260218479531734,0
-0.33587531372434726, -0.26080381477719844,0
-0.17864578600956657, -0.2011936600926725,0
-0.027283963750587385, -0.16001795299702257,0
0.37083905386636645, -0.04837465509166112,0
0.1656297689158238, -0.09700133888169138,0
-0.14234984934289038, -0.1854856870081601,0
-0.13067035828197784, -0.19664637996303397,0
-0.6966650567646475, -0.405027287645314,0
0.08981499851079522, -0.1216763844758179,0
-0.8246093626885052, -0.4581311218723749,0
0.302023388523452, -0.0763495439006189,0
0.7560353106382618, 0.05436639602682877,0
0.7250433699455301, 0.041112156264067945,0
0.4880454355403958, -0.03506700776902521,0
0.5371957378168759, -0.027668130707946423,0
0.2260740193287872, -0.08780158166076817,0
-0.17202422337964726, -0.20769964913340055,0
0.44324663038878864, -0.0185775443197432,0
-0.18111919772056148, -0.2090058775103728,0
0.10833991111197128, -0.10322949350304805,0
0.2684949364912907, -0.0768547896176441,0
0.09565507199324678, -0.13611247191148412,0
0.09188462440155394, -0.0969280879683763,0
0.6993619533000561, 0.045543941594218644,0
0.24347190613018146, -0.08906656443396917,0
0.4449331711537673, -0.02517265632898691,0
0.29378477117455787, -0.08837529940341968,0
-0.36665412484428334, -0.27656103735609155,0
0.16920731427300387, -0.10278855971032877,0
0.0787113414669848, -0.12687020050303635,0
-0.19939544956574676, -0.201407545544258,0
0.3469008548929583, -0.0747305797782914,0
0.056923813772697784, -0.1332706995900074,0
-0.12659515199222304, -0.18232515309470573,0
0.22659655867865364, -0.08099209603481694,0
0.3560969126303695, -0.06173606984870317,0
-0.6572955482406475, -0.3750588484295885,0
-0.11809943876068645, -0.17840974560461775,0
-0.3977893606429553, -0.2825728773489506,0
-0.03592725997395456, -0.1163063187863583,0
0.012760262724493652, -0.12503838929970595,0
0.15401348645248894, -0.11169831808630347,0
0.12502668392801744, -0.11487056727094581,0
0.6770757861882085, 0.025123387242094255,0
0.24528563332275424, -0.09273979483452487,0
0.5498087793609422, -0.037592472289935785,0
0.2767353629375089, -0.08072323452703972,0
0.1149913007358799, -0.09770398562811534,0
0.6870861334270805, 0.03712247441126299,0
-0.11867933899725872, -0.18168966913713272,0
0.3314070147591758, -0.06449453933915231,0
-0.04956262325184449, -0.1713043791067941,0
0.02125212621505888, -0.1587137263253195,0
0.7520872037805598, 0.07916155358245418,0
0.22377059687957987, -0.08707477425646921,0
0.1912012171565596, -0.09877656983411767,0
-0.09550328642141816, -0.17698883789252148,0
0.6930455594497047, 0.046093730985619356,0
-0.06539994252460349, -0.15786134469381766,0
-0.1554964063166094, -0.1949136695926097,0
-0.2897962034402217, -0.2506223905830225,0
-0.3858496133071423, -0.2897459255493028,0
0.4830781079738281, -0.017907628623929625,0
-0.23231860710806698, -0.2308189608787049,0
-0.21676128003962686, -0.2386242494551863,0
0.060242430353897446, -0.1390477833603244,0
0.36039235841583095, -0.039782949260733516,0
-0.17338721018757458, -0.19487013489019103,0
-0.04375514025103528, -0.16073157507780605,0
0.058681699742270915, -0.11986798895705765,0
-0.25306862902618493, -0.22398491622726258,0
-0.04382933417920157, -0.14990786270693107,0
-0.10939160361083902, -0.20086546776403313,0
-0.042322506392595875, -0.14404364376267956,0
0.08961039903000896, -0.08623464368382928,0
0.7461192832860905, 0.07707920710022562,0
-0.13223549740178173, -0.19458543546283935,0
0.10812490142011355, -0.11345515055414798,0
0.3044149087998254, -0.052576472438853016,0
-0.08051220390481148, -0.1474933832017338,0
0.31216130366270156, -0.061853357681468955,0
-0.7768707009652941, -0.44100112446765405,0
0.09565507199324676, -0.13611247191148412,0
0.28334174694040704, -0.08068096270239551,0
-0.006517419241296521, -0.14493245802678908,0
-0.07746690797256417, -0.1634134143541388,0
-0.2618005965859268, -0.2414959229222826,0
0.2633170921954804, -0.06289658525057722,0
0.7696249938890872, 0.09009574856730858,0
0.6909095519211194, 0.030405007273194253,0
-0.14661540265318945, -0.19181978837934988,0
0.26010944793074675, -0.08365585532621929,0
0.23276264753934378, -0.08183572065927264,0
-0.3351677969118621, -0.27658471851100597,0
0.15720619065037109, -0.05286937946814308,0
-0.296576269393842, -0.2431112430353553,0
0.05588869584239053, -0.12627678506891135,0
-0.20269445545753642, -0.22192391189767996,0
-0.3927186397203499, -0.2886462753315992,0
-0.22257962636051365, -0.2217033250938165,0
0.512096134649944, -0.005713394370781061,0
-0.10981363420724072, -0.15706676341515685,0
0.025347802126566114, -0.12826718411451266,0
0.23443515528275385, -0.09108418701624113,0
-0.2135591687515322, -0.2011818237571435,0
0.13205394684133726, -0.1047133450190712,0
6.459302704366448e-05, -0.15265897050640068,0
0.08889615717324988, -0.12048004122837919,0
0.4497671776949917, -0.025484476464832054,0
0.09288315727676148, -0.11733367204610337,0
0.15349062571663183, -0.0955837147347505,0
0.12785518743064028, -0.09497104636958605,0
-0.31098735477609485, -0.24773677373745995,0
0.7925279777553066, 0.06290982642087992,0
0.01971384374739104, -0.14530800991001044,0
0.22642452155161877, -0.09157999892198262,0
0.24358825117422894, -0.09641656599063837,0
0.1983553211724062, -0.09931470944563094,0
-0.37976191860066666, -0.2665323648494874,0
-0.168601310035836, -0.1935815364164768,0
0.7348300565801053, 0.06984652731284549,0
0.21681205850771967, -0.1088967837223042,0
-0.3135906903806995, -0.2612934161167824,0
-0.03971984695960203, -0.15198421368162754,0
0.27353324985718397, -0.09472456479160159,0
0.09804382051656525, -0.11953408864565611,0
-0.16555097400621863, -0.1923348910466552,0
0.5939132609659264, 0.029633545603981078,0
-0.23365750977177968, -0.22140419064810932,0
0.7473556097015711, 0.05712468331767921,0
-0.24289511917887, -0.23480465188920133,0
0.14194095516512625, -0.11298737363924735,0
0.15152017927853065, -0.10536843937226595,0
0.3145063970700628, -0.06760589559328156,0
0.05289358845828288, -0.09708922097407549,0
-0.14972396142079483, -0.2026466473883271,0
-0.382433861353012, -0.28940476061549175,0
-0.568133992134748, -0.3585746731680001,0
0.0015783955878699676, -0.15065623834064376,0
0.6250297619888737, 0.009608037933902067,0
0.3069226534082702, -0.06266161427899052,0
-0.28569827830318406, -0.2579239209041199,0
-0.1919726234109746, -0.20672942100463512,0
0.21229998578435316, -0.0729563343716538,0
0.19689738266491372, -0.08245157362627058,0
0.6923991160117409, 0.057218606897904256,0
0.1397419357369364, -0.1276321594134368,0
-0.06750020319348371, -0.16639939475500531,0
0.5847798161108582, 0.02224115298970992,0
0.12671541754273552, -0.11580726721184834,0
-0.01760945943561304, -0.15122077179856938,0
-0.27282847418020223, -0.23258677044231335,0
-0.24289458346746085, -0.23609113027472028,0
0.015610502132630797, -0.1592468171447079,0
0.17069971891495972, -0.10096171003176542,0
0.09920187892041124, -0.13769878539123845,0
0.30042627796888705, -0.06730714565400762,0
0.10716991313500163, -0.10943422107639993,0
-0.010712880927768686, -0.1409871807717655,0
-0.15462335939104907, -0.16856160214223684,0
-0.31940497878331436, -0.24982853489663664,0
-0.09047116231725583, -0.16824692159595106,0
-0.11167252418302959, -0.16733197135973496,0
-0.13301569235479, -0.18741434445907382,0
0.6351044339087699, 0.03489031317161829,0
-0.10391034515679554, -0.17298638315470966,0
0.04841070377227915, -0.13498233104913937,0
-0.00942820791669584, -0.15642441867567736,0
0.2964855817377457, -0.08049905265437633,0
0.2813851042303555, -0.08068458199863139,0
0.5168320280509792, -0.025819935022338723,0
-0.0886943270540947, -0.16391977099777152,0
0.045105857613818225, -0.10428364684680089,0
-0.7880760393366513, -0.44793051822653684,0
-0.26705077203986466, -0.2439533736201882,0
-0.248833040971917, -0.22310179316058334,0
-0.1341609605536053, -0.1963456077032989,0
-0.10175465271105169, -0.1780799640131617,0
0.11134434472099095, -0.11423793763698617,0
0.058931820262838344, -0.11164502380776885,0
0.049320258721675905, -0.13264052209136667,0
0.1531561612761102, -0.115107395303913,0
0.6394248861811389, -0.000664363038334846,0
-0.26077393941185767, -0.23550569447417866,0
0.45235775140270984, -0.022917844556301727,0
0.11848852646348007, -0.11485072445874142,0
-0.21094331358838375, -0.21121388037026803,0
-0.7640899568926628, -0.4450223712647762,0
0.1671207906728613, -0.08454638309063478,0
-0.31908515948397786, -0.262918656014944,0
0.21068675688054497, -0.107521049361896,0
-0.32134798868313263, -0.27833253543988395,0
0.7594444291461336, 0.06925700112744207,0
0.5654879074000241, -0.04182656687609999,0
-0.08028496997333316, -0.1311448097545117,0
0.4046731426178413, -0.02062868776452608,0
0.5655141627203524, -0.0075542440687478025,0
-0.0826596981310269, -0.17091662381365735,0
-0.09038801609675917, -0.1613316332245448,0
0.37571226210819053, -0.05741735265228358,0
-0.17875085924627404, -0.20141539745612405,0
0.14402316460156062, -0.09360836698007866,0
-0.22568228299165585, -0.21982850187150665,0
0.4869471905319151, -0.025639447900626475,0
0.28701368022410845, -0.08729721557468488,0
-0.12938130075002766, -0.18997917253023042,0
0.2935570814306014, -0.07586463344801003,0
-0.13375468254466424, -0.19089481144553383,0
-0.16679752300343173, -0.2025809917505591,0
0.04762318059434871, -0.11279142163417635,0
-0.1668051032693858, -0.2125415530292273,0
-0.09788269176942335, -0.16665494149214585,0
0.7600033182315111, 0.05407909247857872,0
0.684961786525653, 0.026807352948088836,0
0.6115974419868471, 0.01223949990430102,0
0.4442488026289767, -0.027218777442262827,0
0.5537003745088327, -0.01013514922615232,0
0.4313587078812045, -0.03170111584726827,0
0.3021982522179546, -0.058786973069220934,0
0.25659228067208, -0.09428085121321729,0
-0.22850477306625774, -0.22809044809879164,0
0.37320907015894045, -0.053266379341067906,0
0.018595426928933453, -0.14125250530350722,0
0.07346522653101357, -0.10243778966252565,0
-0.3831451554586212, -0.2866224287552154,0
-0.1717227502221585, -0.2218914746021798,0
0.313816597689507, -0.06585569560648757,0
0.4138338708774797, -0.005778416662675473,0
0.17155478163794982, -0.11459170316827746,0
-0.019077701484928655, -0.15986154352184587,0
0.4260790157166061, -0.034299996718760495,0
0.15592044571242847, -0.10483468559535856,0
-0.0520486128493554, -0.1551119998179673,0
0.009894999742162352, -0.15958214450259833,0
0.21952156936937214, -0.10447154872414136,0
0.2599797101159089, -0.08900364466632253,0
0.22125260574810918, -0.06410944952143209,0
0.2958117853786845, -0.05742233375033646,0
-0.15411635013381397, -0.1842537569910717,0
-0.17496829208409284, -0.21348873293267526,0
0.6813801128057153, 0.02481565403662822,0
0.04091444482508071, -0.15180549138780292,0
-0.27913821966543617, -0.24980809099482867,0
0.07253295363284677, -0.12439629485516587,0
-0.12564347619204344, -0.1452025945640569,0
-0.25996094686614135, -0.23302091518023366,0
0.5297569503300896, 0.03195001302435983,0
-0.1361995811394768, -0.20697865002577448,0
0.3064898750025476, -0.062347396409459584,0
0.2456188126927873, -0.09438347568156427,0
0.13835716605910015, -0.1196998785046818,0
-0.06555843467099334, -0.17398511285906987,0
0.5940044406301178, -0.0011469402022112186,0
-0.17360313765313828, -0.20375931584539791,0
0.24808027219040032, -0.06654495928580467,0
-0.26144484434550364, -0.24234639508517405,0
-0.17898610514832647, -0.20101741177311547,0
0.017693354437573916, -0.14333886935043197,0
-0.1542295963303485, -0.20540608029791713,0
0.043900539153574426, -0.16321856909870783,0
0.4136875842697671, -0.04725052817095694,0
-0.19902047394823336, -0.20947387879773902,0
0.08706054543508904, -0.12813036377536127,0
0.014556805974243598, -0.12262311997163895,0
0.030056229412959823, -0.12355722423991936,0
0.03409378159339557, -0.11638278760369572,0
-0.14062852344501175, -0.18458768997237568,0
-0.21963777409342836, -0.2293678447322374,0
0.19092634185586713, -0.09703606690170186,0
-0.259659783836555, -0.23559155881258081,0
-0.6957843291037087, -0.4157765303307855,0
-0.6277135129335076, -0.3757611100026791,0
-0.531124600497477, -0.35004925619109306,0
-0.21905395345186768, -0.23178382494282662,0
0.17310342317838706, -0.08615450634186483,0
0.36389926837424214, -0.03012765528407471,0
0.6104095973045026, 0.06502072193726542,0
0.2164802850137267, -0.08172347604201916,0
0.6675575538657312, 0.026967306031338102,0
-0.22185825771311693, -0.22509268800233087,0
0.11774355698803282, -0.11537665740697023,0
0.5728148665778235, -0.026627276533201016,0
0.026817338465228484, -0.11616334749216736,0
0.39216616009624194, -0.03079806595320543,0
-0.20920449044155512, -0.20711174526026901,0
-0.06845694017454537, -0.1757824455493662,0
-0.16129980374554684, -0.20338548001049206,0
-0.029972403500843077, -0.17015841050940342,0
0.25658150911019634, -0.09253520820887381,0
-0.3720429418190146, -0.2787168398129994,0
0.1336958993573237, -0.10369182958207097,0
-0.18599947492193428, -0.19799267668106704,0
-0.2082315081689622, -0.2137707866255789,0
0.11154396666946814, -0.09891145722374964,0
0.19504556206317425, -0.10612382914759055,0
0.7464688896906098, 0.055403107847690654,0
0.20741257957245016, -0.08980221542855309,0
-0.3542123209215555, -0.27761261227590894,0
-0.24358368430858268, -0.235750864957634,0
0.08435453880251131, -0.08825042950767811,0
-0.13729865898465823, -0.18744456602554457,0
0.2838059376269714, -0.07221030178527252,0
0.0032982023187612215, -0.1298368514107582,0
0.26159185330686174, -0.09947544798083664,0
0.504511127686915, 0.002766147988791434,0
0.6932280479673831, 0.07207466205877987,0
-0.35173561038476836, -0.2681368607678726,0
0.31913585207520323, -0.07262384793224458,0
0.29259149252950917, -0.08755252358887776,0
-0.43136677317683614, -0.296180428224634,0
-0.1271688470875076, -0.1984602617317991,0
-0.2458217147187661, -0.23289422459503667,0
-0.013313751145451072, -0.1430121014156283,0
-0.31253396096360103, -0.25463777904224527,0
0.20755867163589115, -0.09169279130269753,0
0.1014744107272843, -0.12446280566773368,0
-0.4040490805432355, -0.29519882443676093,0
0.02784338329810617, -0.14295363983479453,0
0.2947806722558021, -0.07317243331251895,0
-0.07946359057641651, -0.19270480063127238,0
0.08630681332080166, -0.1072694315819769,0
-0.03290650314049709, -0.17211722584648764,0
-0.0644120418498138, -0.17502650362496516,0
-0.29962661768597865, -0.2561585738907542,0
0.1133756427448086, -0.09942960747216953,0
0.1070400724867828, -0.11893998823919623,0
-0.07064706107571553, -0.15023127219113944,0
-0.2249407594728702, -0.23127896551688032,0
0.2845581008423199, -0.0811347079887875,0
-0.3686125726972406, -0.27835339779374113,0
0.23150979604408925, -0.08337051537743646,0
-0.42194060054257165, -0.2974311513079276,0
-0.3200625012547444, -0.25842164574051296,0
-0.7283907183225088, -0.42163607631266664,0
-0.06930974170863546, -0.1725199953525854,0
0.19397200782881466, -0.09792474825729386,0
0.08643044772133611, -0.10756355186116438,0
-0.17240603319124445, -0.18224184306207653,0
-0.10581308402107152, -0.16113861970617072,0
0.41252027196297586, -0.045249192755640585,0
0.4634149505759826, -0.025956739984933766,0
0.4190784559349209, -0.049085259117395835,0
-0.3333694512750193, -0.2593803071477843,0
-0.3006676538299039, -0.24880797008955233,0
0.25685188245727447, -0.0732516733886771,0
-0.022706100937110417, -0.11159801089543891,0
0.2984095239324822, -0.08225354419485156,0
0.39986390180333575, -0.020486984568053895,0
0.038084678669496795, -0.13518683341235935,0
0.2862740970805992, -0.04774924265736314,0
0.6847939772241332, 0.020622203407114098,0
-0.018370083258104634, -0.1321416164786877,0
0.16920731427300373, -0.10278855971032881,0
-0.533162701792091, -0.33890531105433774,0
0.0661331674516281, -0.11837742125840703,0
-0.12091276866668604, -0.1993644977447658,0
0.2995035821608874, -0.0710357511722727,0
0.1058008399430811, -0.12131409661831621,0
-0.07910938263580265, -0.1979378290347114,0
-0.3343476692652297, -0.26443589357809827,0
0.055958573449638456, -0.11765626446569508,0
-0.11352848289184153, -0.18948785817776354,0
0.03825386398696438, -0.11446481512529169,0
-0.34631760053592503, -0.26230857040043637,0
0.5802737782213079, 0.02157267766959288,0
0.21493748619514166, -0.08789535222247044,0
-0.029860257405453547, -0.1402606163203455,0
0.14194095516512634, -0.11298737363924741,0
-0.10407767307519357, -0.16150683980768252,0
0.21615629584317428, -0.04727149681897468,0
0.09780933586373829, -0.12875163883334,0
0.17092590302550048, -0.11574186094321705,0
-0.1260523719994215, -0.18665790205515395,0
0.31544616723635094, -0.05481162556981943,0
0.2450413347798231, -0.09090089322279857,0
0.10580451629609955, -0.11896396639378184,0
0.622719432392833, 0.00663926513293285,0
0.0007000872965725592, -0.15215328629309458,0
-0.001819205203515114, -0.14285185137548798,0
0.6976166967638922, 0.03891694109224447,0
0.47197058185167085, -0.03700254187435407,0
0.5397512258997612, 0.022392120129463993,0
0.5989757302466481, 0.009045753101181647,0
-0.015098094715810712, -0.1519420268482138,0
-0.14809325907254686, -0.2144516465858365,0
-0.15780256957286481, -0.19192047109799273,0
-0.16329853580889694, -0.20271370343673237,0
0.10142364601353486, -0.11338757325821218,0
-0.21686202965519, -0.20620754748468523,0
-0.17901921385007344, -0.19927841018002418,0
-0.27222073647059997, -0.2333008078622036,0
0.3509921692726347, -0.03616050407175492,0
-0.16447852995603268, -0.19199227826689444,0
-0.04746290163128734, -0.1602436544958739,0
-0.18692646254371612, -0.20875704678001267,0
0.19562477862398717, -0.082742408484192,0
0.27513028265583545, -0.08290215618759465,0
-0.19245579901220175, -0.20968455027362493,0
0.09086558331473801, -0.11503497987370787,0
0.13602329870166702, -0.11441627287002544,0
0.23450879197487035, -0.08477842199161197,0
-0.0835864763545304, -0.1645140811798945,0
0.37330547294553, -0.045468742794711976,0
0.22709522713082586, -0.08692946790972483,0
0.12243221798017995, -0.1089998189209086,0
0.2268126351698508, -0.10110267427236805,0
-0.26789712380593833, -0.23937440173407007,0
0.5656384454427252, 0.01061236146455437,0
0.19925345812435893, -0.07500583987909402,0
0.14735715264578925, -0.08535007655942209,0
-0.41587522291016943, -0.3030855603282915,0
0.19069314994146758, -0.11153062087451379,0
0.03374363931900442, -0.11494571156273369,0
0.005287250232303225, -0.14811463747945902,0
0.30053636449407733, -0.07569901277030641,0
-0.10862172037283636, -0.17807283688565848,0
-0.7959916732075831, -0.4553665550813829,0
-0.8151433598542301, -0.4658483771511214,0
0.39405589234955624, -0.0422487954667972,0
-0.8319748558113575, -0.47444325772416984,0
0.046982761478912144, -0.1165437582587281,0
0.17490003929867132, -0.1094152368403201,0
-0.09641571235775495, -0.18118398170627067,0
0.5043325443311735, -0.01949163688370643,0
-0.2707905015302396, -0.19046251367559083,0
0.23063534529628843, -0.10326973488144864,0
-0.0035410538777634346, -0.136926414730129,0
0.327522285074533, -0.06469405040698305,0
-0.029299184650356566, -0.17962547589356304,0
-0.056287385197682484, -0.150784204016512,0
0.2804513208312951, -0.06916509846158714,0
0.2752678542677781, -0.07125203204363333,0
-0.13126569402375682, -0.15791169592932275,0
0.6829845841084152, 0.03537874647986495,0
0.22717889361481186, -0.07234122134204486,0
0.5499663099796402, 0.00696103129298429,0
-0.19615534564196793, -0.21823862208909,0
-0.169498866151881, -0.20580815827521842,0
-0.266874056933496, -0.23445030346883652,0
0.30616560206111537, -0.05556311750389019,0
0.6876892624122969, 0.04629289592904782,0
0.10389903458771667, -0.14198909445694027,0
-0.7708154150419358, -0.4492219216048646,0
0.3101579833864808, -0.07249115185147721,0
-0.16503121598393375, -0.20456889711670048,0
0.14176468709327908, -0.11002933156814042,0
0.10358371396338668, -0.11991328393607234,0
0.16633315397493934, -0.09547396995519757,0
0.5507238561186526, 0.016176634511814218,0
0.584779816110858, 0.02224115298970992,0
0.3059931194216144, -0.08528494995887989,0
-0.07698112769076093, -0.17539642193012256,0
0.5012179610281505, -0.024421966501569938,0
0.4728609244725237, -0.03074560802276531,0
-0.08502117904854799, -0.18967026019920188,0
0.01091718079919144, -0.11978360108375333,0
-0.06968175202193957, -0.18444647456855479,0
-0.03121538191798989, -0.1478989060499078,0
-0.8072726373342896, -0.4443846053802545,0
0.10609753040081234, -0.11519247182452409,0
-0.2501250944843472, -0.2419280298787886,0
0.023711945969006255, -0.13135712416313547,0
-0.03240578395162617, -0.15725790028232217,0
0.2875882340665883, -0.08878338483080099,0
0.06787373997904343, -0.11495725542212681,0
-0.33249557060457047, -0.2561192599687959,0
0.506351291633736, -0.004127901024529971,0
0.06659868227004886, -0.13340540380411614,0
-0.004644751961250084, -0.15207626075051342,0
0.15515158539450855, -0.09849973413175049,0
0.16233276927728651, -0.0905260412675915,0
-0.186714010545141, -0.20025718502010828,0
0.014769754243631453, -0.1262975451870094,0
0.5514002570914214, 0.024953819643497677,0
0.41907321657848773, -0.02062319389180469,0
0.0123573804192841, -0.12695134893122687,0
0.11856622039258286, -0.11152691954197701,0
0.01167881364325951, -0.14429665171524472,0
-0.04992082615116097, -0.155843734980796,0
0.04796993282374762, -0.10841992513491736,0
0.0034369494115838377, -0.143753750908174,0
-0.008895511060198227, -0.13731543734749502,0
0.0923192567882621, -0.12387334417326587,0
0.021129630352012787, -0.14773955810159956,0
-0.29006516999376325, -0.23995836083042543,0
-0.006985039067180383, -0.17018290335991673,0
0.7735005241756778, 0.06729019139246895,0
-0.08262689187471565, -0.16673034287338143,0
0.16547307668233915, -0.10386385695560531,0
-0.17053835396350328, -0.20234021829410934,0
0.16682585551646506, -0.1054699870078818,0
-0.2664408339145108, -0.24900668396733908,0
0.4997597011725369, 0.00862429375163076,0
0.5809363104939964, 0.029301410421887584,0
-0.22119816249263463, -0.23074776666590727,0
-0.02012880325441125, -0.12608385230312633,0
0.2900664988072894, -0.07810344271245018,0
0.03138537995721447, -0.12825932471285525,0
0.20182841906801124, -0.09633906381782668,0
0.08425009316342943, -0.1371626527757765,0
0.06288817556296102, -0.12099709417900603,0
0.21458389446126985, -0.08773907172742168,0
0.1059967797734297, -0.12542721216156275,0
-0.08147140396243435, -0.1698938997152347,0
-0.16753825739677874, -0.20134491531326382,0
0.050833485178963515, -0.09635068746090124,0
0.640725829937841, 0.022058248916779565,0
-0.2236060310275751, -0.22768012448496985,0
-0.007595216970183524, -0.12882397024093392,0
0.0024808501738430347, -0.14610145834966284,0
-0.3166753321825793, -0.2653312250792231,0
0.2270138990609478, -0.09135728899863267,0
0.4807828978844084, -0.022669457074726458,0
-0.36986418694569767, -0.26088787373119376,0
0.7290527733918212, 0.05976296113720312,0
-0.2281859797237809, -0.22980881788665514,0
-0.23291910629068896, -0.2214888517301079,0
-0.24585096077829696, -0.2281881751638502,0
-0.14875756264390705, -0.1967962358911091,0
-0.322692615627127, -0.25539323157597693,0
-0.10589317126114142, -0.1811702401528254,0
0.27015004655756714, -0.08125124027949157,0
-0.11917963675852539, -0.17285950641268086,0
-0.41708804034011215, -0.29279633189815796,0
0.08392301070321775, -0.14549807669334666,0
-0.14085298299905344, -0.20698993197610244,0
0.48503816215500783, -0.006177016794531278,0
-0.2600293769705288, -0.23820422911040884,0
0.012242334059498955, -0.1290344878548786,0
0.7952093226667505, 0.1099378109110695,0
0.7073375363357582, 0.0933344405761709,0
0.25303881582676024, -0.07875775793367543,0
-0.16555999400430887, -0.19590734495325188,0
0.2866285648033921, -0.06917386670984776,0
0.009031177928276558, -0.14424131198415632,0
0.18401933625357106, -0.10246095032883805,0
0.32752228507453285, -0.06469405040698309,0
0.7963402022002574, 0.07818314787677202,0
0.2807132154833726, -0.0831634733298381,0
-0.014158725130955487, -0.1629948597715094,0
-0.1993370491141766, -0.2251255533169393,0
0.6339023684374783, 0.014817467470031577,0
-0.04325282799934603, -0.17947305097502328,0
0.23631892411650832, -0.08282641967190117,0
-0.1497708950537314, -0.2135286370460874,0
-0.18054606363760836, -0.21515200661658368,0
0.24361894604298595, -0.10083325516406258,0
-0.7756548365464297, -0.4447991922208298,0
0.06534848384130847, -0.14281009586770302,0
-0.06023408836824728, -0.15686071767969945,0
0.1545138397464176, -0.08842385018110228,0
0.10098174525283522, -0.12372512281781041,0
0.7755379420660826, 0.056989427731273364,0
-0.1752026494177325, -0.21369751811503807,0
0.6750919063796655, 0.039338019234097764,0
0.5252519275525181, -0.0032678714417853317,0
0.20531016811795905, -0.10007931602746348,0
0.03962283455385125, -0.12959317734574885,0
0.19331426955459144, -0.0923686090799964,0
-0.09973187735973486, -0.17969718298355028,0
0.7069986258388155, 0.03311978713772544,0
0.030708797175680248, -0.13365387685433222,0
0.10591519934085905, -0.11997663642537722,0
-0.18043710809821992, -0.19008200744098,0
0.1665460468966132, -0.06707128197149904,0
-0.2003944971379761, -0.20786537354505347,0
-0.49026922720214083, -0.3164517326830559,0
-0.010430688091522613, -0.15033387085481056,0
0.6959371538987594, 0.03439140039578547,0
-0.32286673990645115, -0.25760860840425254,0
-0.32894835596730565, -0.26500855532911854,0
0.24608265429735848, -0.08807171560481883,0
-0.3636745238426843, -0.2730128569225707,0
0.6304242388205537, 0.040459616209488874,0
-0.01240902290671529, -0.14327379830570003,0
0.21680213335678641, -0.09362733741678207,0
0.08496011577564123, -0.11345477920427438,0
-0.10803085054357484, -0.19029170463087405,0
0.17744699267151914, -0.10862195397894152,0
-0.12156098538513835, -0.18975613968382093,0
-0.000551736612259139, -0.15056370694364124,0
-0.10201456971002537, -0.19551324133087306,0
0.11720219856878264, -0.10558723302109917,0
0.3021838908680282, -0.06368894176150233,0
-0.14841125798542126, -0.19248530452734947,0
-0.027836432815456714, -0.14766280437571938,0
-0.1943596434579367, -0.20523255515356728,0
0.22001907835428952, -0.08419857440947047,0
-0.05608646266422727, -0.14286447333502028,0
-0.20579755103157946, -0.2268212790286982,0
-0.1307871451179264, -0.17503685492815557,0
0.29660755652895915, -0.06340921188036037,0
-0.12161180222514956, -0.2190590713194813,0
0.10749085922818756, -0.10026239794468367,0
0.7305626623420141, 0.047759430454697646,0
-0.1838750348329056, -0.22535556000095863,0
-0.21796070408954504, -0.2001813260766228,0
0.17435985080088728, -0.09835194333469206,0
0.800294007460034, 0.08140960736328948,0
0.6660673421103175, 0.043531516893373846,0
0.16920731427300376, -0.10278855971032881,0
-0.45799567832601507, -0.2970526671106352,0
0.14443145285986728, -0.10305779986126741,0
0.2512045735057388, -0.09919775190031481,0
-0.1246569009287368, -0.17737062408389134,0
0.12531355678036185, -0.10634984361581941,0
0.5054436540646365, -0.039705273266110196,0
0.784487291324764, 0.0652527913054705,0
0.1019208097141935, -0.09297734025500479,0
0.277317030253934, -0.06757993792025263,0
-0.3829434357471207, -0.28432993231534065,0
-0.1620802034247027, -0.16955718586921087,0
0.28222030084136307, -0.07831668052342852,0
-0.17411142485687112, -0.20254498704349747,0
0.08112838601954925, -0.09868000786360011,0
-0.06809357389617895, -0.18110747024713583,0
0.44223934760575834, -0.006565830139276389,0
-0.7738825890265735, -0.44091767234449425,0
0.03559299026263522, -0.13535304962589698,0
-0.08278062957494604, -0.16701575701111984,0
0.13997382679293974, -0.10826808357663523,0
-0.33499727197151163, -0.24724073449309103,0
-0.23946030141450014, -0.2355023171729164,0
-0.11101801343017391, -0.18187328090489618,0
-0.09044285275913055, -0.17484872645484117,0
-0.14826776998747848, -0.2113012959950812,0
0.13511169845890977, -0.10987767425229016,0
-0.1472946844753952, -0.1797665123587188,0
-0.25444261348310415, -0.23047668797573734,0
0.13629500668490277, -0.09881449473269538,0
0.18783452618010335, -0.09274041136914915,0
-0.26431593997553887, -0.24227555869818504,0
-0.021266291522760966, -0.1318815687275302,0
-0.19650157344407226, -0.22377722258903252,0
0.5155901120893591, 0.014045463418155008,0
-0.12107471539248975, -0.1930048951456506,0
-0.13944182362597812, -0.20529661534895643,0
0.4243312825257189, -0.050728727610523106,0
-0.14205101493883648, -0.18599092728652,0
-0.2651678464121515, -0.23743766145355277,0
0.21547896941964803, -0.08210432930537523,0
-0.4280612311022587, -0.289839250778698,0
-0.02126629152276094, -0.13188156872753024,0
-0.2560879006978551, -0.24344644599171442,0
0.2513299826258732, -0.05115891299791128,0
0.3398255087517157, -0.07472558845345142,0
0.23945828824288126, -0.07800980150689006,0
0.09489439766862218, -0.13662577727501501,0
0.7200750981595189, 0.07288555732400383,0
0.09565507199324672, -0.13611247191148415,0
-0.03307716419039882, -0.134499787791689,0
0.10218884026857467, -0.13570197141105494,0
0.4176755362681636, -0.05109177984470594,0
0.24947236194237968, -0.07567494646687076,0
-0.17065485153014415, -0.1985622882997331,0
-0.3150389816294319, -0.250880807981983,0
0.37704272716407583, -0.04892255135445109,0
0.3205828019545427, -0.06853786619547766,0
0.45224905092732826, -0.02970663615291666,0
0.9917227709069576, 0.13455259781220658,0
-0.449042988373813, -0.3048305986241386,0
0.3083939951193017, -0.06758653797820081,0
0.0062585571422550295, -0.1371631317769709,0
0.5125706316248257, 0.0015128923201830125,0
0.20935429082309223, -0.09517731771933852,0
0.18165235618540515, -0.102705648003601,0
-0.6001347814835675, -0.36682700684013303,0
0.18637094314072467, -0.1031680226491794,0
-0.03563829990813686, -0.17025476468421546,0
-0.2989570872451756, -0.24971278552384224,0
0.2271378042732207, -0.09120732648307936,0
0.7253524579300242, 0.05437295167299471,0
0.18134926960048806, -0.061826912353749715,0
0.6989685763107972, 0.04179476641609927,0
-0.3060182465990866, -0.26073499352317064,0
-0.334619204574132, -0.2554052507139761,0
-0.06295308137504822, -0.1808379148559868,0
-0.034014747833848336, -0.15867861681485645,0
0.31838254745778494, -0.0726068776921801,0
0.21835525346454532, -0.07974353586464324,0
0.4364223452667719, -0.026636687346000623,0
-0.08422305931112986, -0.18079096456637783,0
0.2150626338728518, -0.08425650352536761,0
0.5030821597680569, -0.006163511792320682,0
0.15550668731034867, -0.08397954817982653,0
0.33428774003968065, -0.07233754135705539,0
0.2804799284836562, -0.06389622583046332,0
0.0166820347324138, -0.12623507210066823,0
-0.17337186218809403, -0.20461107643744875,0
-0.13044419510734, -0.19836170949978535,0
-0.15759822908098775, -0.2000183128947438,0
-0.09807560110142383, -0.17695612960564017,0
-0.3489239579185042, -0.2648943199750247,0
0.3959392824864095, -0.03740181768667606,0
0.2169068795318065, -0.10868753496676722,0
0.03241478428819149, -0.1487779438771936,0
0.6109381246264685, 0.01294493271871583,0
0.49648834607373915, -0.005323663405646102,0
0.3112035671503518, -0.016529003321367017,0
0.18212701671520387, -0.09481058587856159,0
-0.13321527796598343, -0.18458940659392228,0
-0.35938086174186573, -0.275227841774599,0
0.5007189264245475, -0.024564154137097876,0
0.5131421140494938, -0.03035731702955289,0
-0.08494816053032463, -0.19293554599364354,0
0.20145561902020048, -0.11356766956397743,0
-0.13503682463642533, -0.19173386333942508,0
0.35332175194958565, -0.06788370248269973,0
-0.30511042779335235, -0.26010549565260593,0
0.21541605304983233, -0.08533927372575283,0
0.29970965682481965, -0.07846040024847621,0
0.13974193573693636, -0.12763215941343686,0
-0.1861759808513452, -0.18023911432635428,0
-0.20234523423721543, -0.21373651330916246,0
-0.2506256659296221, -0.23074104469563025,0
0.4522900036508407, -0.024796067821708193,0
-0.04961570330714622, -0.16661618487412025,0
-0.2593724115301063, -0.24718524741290926,0
-0.14709269628004198, -0.18758245737295537,0
-0.1696256440082734, -0.20264050934655986,0
0.05453991219908237, -0.12872961096294652,0
0.2281257816981328, -0.09666214175428908,0
0.1917737403928819, -0.11175730148606783,0
0.05098165441720402, -0.12656843808972973,0
0.2788430335913354, -0.05903808893061563,0
0.3286369325860943, -0.08252260142122987,0
0.11314934068376734, -0.11814586161523762,0
0.2830356813778664, -0.08005597527444396,0
0.4317179926730272, -0.03799859012862729,0
-0.7360944398108902, -0.43530592593318285,0
-0.40889100906547754, -0.28422034775570815,0
0.13907861089057505, -0.10614533450699465,0
-0.25657619306983337, -0.230936853469641,0
-0.14623580396205862, -0.18447668519976243,0
-0.19485083037146253, -0.19852185005138923,0
0.6939253199619277, 0.05960189883233357,0
-0.13865973523388267, -0.18249961762162853,0
-0.23545968653351265, -0.22553449083173976,0
-0.010217669693670581, -0.1531431445519696,0
0.09920187892041117, -0.13769878539123842,0
-0.26905094318280137, -0.2341712928504775,0
-0.15541482436874507, -0.19639501054427755,0
-0.2669108933690951, -0.23325649444670216,0
-0.12241034553151903, -0.18430261865633601,0
-0.29252080634369054, -0.24922730338092164,0
0.21793778035920786, -0.09826442123168652,0
0.25132998262587325, -0.05115891299791128,0
0.23713829681505816, -0.08586200519030578,0
-0.21791632203666647, -0.212712684268778,0
-0.3363394001430899, -0.26579889645258814,0
0.1489346559099685, -0.11442636482374328,0
0.10774654118988124, -0.09396134157992639,0
-0.0844318244376621, -0.1769071744284691,0
0.3427121250735674, -0.055442088865733465,0
0.2513299826258731, -0.05115891299791128,0
-0.3973815051331436, -0.29756786873285473,0
-0.7069373994375296, -0.410879860082748,0
0.04870353624549444, -0.10837266251933578,0
-0.09625400017434871, -0.17568052821367222,0
-0.5506642173440718, -0.3515817210038499,0
0.1873385460893231, -0.10398973034241973,0
-0.34749021771793176, -0.25739916773978805,0
0.37317897621632545, -0.06435668851758271,0
-0.03764768570998926, -0.1495644932792368,0
-0.34936329597326643, -0.27044458319394116,0
-0.328118359720533, -0.27059192509130614,0
0.08526661909132603, -0.14031622711245156,0
0.09620638905562137, -0.1224555830194642,0
-0.0287923300072034, -0.16227471167001745,0
-0.22169378004364176, -0.21998467814128603,0
0.26884315497510186, -0.09642922909407173,0
-0.46015166708135996, -0.307098042527847,0
-0.015223311015926628, -0.1403024336798911,0
0.6877913412616422, 0.0446200212123535,0
-0.1300333541832857, -0.18508426083705518,0
0.9928748844912603, 0.13302914185530304,0
-0.07590690236207016, -0.17615242726411004,0
-0.04354393406955101, -0.17254953195349254,0
0.048116212981163906, -0.16050673941705226,0
-0.3700648591676619, -0.27263265971926665,0
0.03712472973191379, -0.13909085566580973,0
-0.09739443055704264, -0.17674841297909666,0
0.2139913574985886, -0.09571293421668506,0
0.1419409551651263, -0.11298737363924745,0
0.5126184019627451, -0.030337693889239143,0
-0.29183807228938097, -0.24694343175619748,0
-0.23554304547430693, -0.22863094246714985,0
0.1558077444120332, -0.05304293865478544,0
0.6214915006088276, 0.016798065441491802,0
0.13261752017293865, -0.09969482975880976,0
0.10776218668890221, -0.11930757083576818,0
0.2775006309139084, -0.07476801005011409,0
0.23751713052494552, -0.08458879896467951,0
-0.16159849128573145, -0.18846849474899643,0
0.1983553211724062, -0.09931470944563085,0
0.2227293038023548, -0.08837957966855882,0
0.058741619762543516, -0.14512298674310806,0
-0.2753709994936338, -0.24385258651535538,0
0.31350216895875543, -0.038628259235831616,0
-0.016358116581363557, -0.1356651941614592,0
-0.25492610936093096, -0.24158112341665766,0
-0.20814428058093395, -0.21976927506151742,0
0.5233663706672621, -0.046571435936163696,0
0.0010048533983048559, -0.12214949199485596,0
-0.29723242285745527, -0.25118964272435035,0
0.14194095516512634, -0.11298737363924742,0
0.6843797299371878, 0.029785326569278996,0
-0.1614908834331942, -0.18233187455885153,0
0.20321950950028128, -0.0968513694121646,0
0.01868958717759399, -0.15461235689294306,0
0.28639362316411987, -0.054147079434649886,0
0.19846144038539437, -0.09692243619488687,0
0.7653344148634016, 0.0686476517358167,0
0.21950646458231343, -0.0904708297630455,0
-0.18631954366374667, -0.21486979468253012,0
0.15814809170658842, -0.10293161218997489,0
-0.11260069108756385, -0.18124650186390914,0
0.061347237562193846, -0.1340753700923347,0
-0.22195922803916704, -0.21429541613979128,0
0.7190088313911004, 0.053347530462831846,0
-0.18412477968095226, -0.1916885960722871,0
0.02948889484696832, -0.12299899653941893,0
-0.028779613124305888, -0.13592758627036006,0
-0.10595210637485075, -0.1849397330010875,0
-0.06881387354581071, -0.17367472435050282,0
0.051428310712976114, -0.14126414123355258,0
0.4596938954636402, -0.014097952786817068,0
0.7485604267900785, 0.05573215473090972,0
-0.11926958855152917, -0.1841298268788978,0
-0.3966408051387934, -0.28774370552048106,0
-0.13959418855943495, -0.18860957131350595,0
-0.1485826440237619, -0.20856818697967733,0
0.47496362054229896, -0.04862885151240455,0
0.28451817686506253, -0.06898412946715721,0
0.06651021840143917, -0.10070542941824191,0
-0.3385789164046393, -0.2701288379290218,0
0.011768268854339988, -0.14273457802151945,0
-0.4078945161256953, -0.29216605878783053,0
0.6779408662952796, 0.036614946613864864,0
-0.15136790734147929, -0.19974922744764337,0
-0.2924755766171278, -0.2519797590141776,0
-0.36882876637365525, -0.2817768565825444,0
-0.35330733763002353, -0.2597957718786241,0
-0.14854336097318865, -0.19416912570304284,0
0.13579403223851513, -0.10540635072978971,0
0.19835532117240628, -0.09931470944563088,0
0.1989705521380845, -0.09251474911221053,0
-0.7771771553311548, -0.44011505524710914,0
0.2532593239576832, -0.09070737825353807,0
-0.08341937591784168, -0.17325857169886022,0
0.15071955303723503, -0.10146594353107317,0
0.36864038604251165, -0.0726661799332455,0
0.6745106230897159, 0.05172827404731909,0
-0.19941780074448542, -0.18965507211224333,0
0.16920731427300387, -0.10278855971032883,0
0.2801737989281083, -0.06505759513693249,0
0.6384885100272536, 0.008859980286028865,0
0.13815966276065983, -0.09530830949386007,0
-0.34944026502845404, -0.266684660409609,0
-0.029693825725225456, -0.15481120088685926,0
-0.37799986114127637, -0.29025489857599973,0
-0.2657441476353039, -0.23388727893635208,0
-0.10024340704298793, -0.19159371198786138,0
-0.0635212871769411, -0.19261301280161708,0
0.16598053129136095, -0.10286504125429914,0
0.7879175806309636, 0.10395274318534485,0
0.676186481430243, 0.013662485263481926,0
0.24342519944483906, -0.06708451302776372,0
-0.10400491114834114, -0.16176580462858056,0
-0.25001666878662854, -0.22796530878372626,0
0.12250522460031056, -0.11850203566887456,0
0.704763034349665, 0.06243537364010757,0
0.04811621298116401, -0.16050673941705232,0
-0.3254173679722461, -0.25700097566025937,0
0.10326085778160764, -0.10847642256989302,0
0.10614140476964909, -0.09911789299242312,0
0.19861347852744854, -0.09995445285567257,0
-0.1692005917133352, -0.21477067501434677,0
-0.2813703874470504, -0.22445551704929934,0
-0.7517576670636912, -0.434791880310488,0
-0.11129428061321203, -0.18583600481811355,0
-0.08570639775388839, -0.17001258420955861,0
0.08814876093294599, -0.12492791077651653,0
0.2171399238041137, -0.08686748832231626,0
-0.03167453986382055, -0.1354490580351622,0
0.4225835935454304, -0.0532312026146817,0
0.3235441354956915, -0.06949692379115564,0
0.7139916451557993, 0.049998696522959414,0
0.04572829299755217, -0.1253411414857534,0
-0.13957929661221813, -0.1796813132723661,0
0.5447770479008042, -0.003759392873416477,0
0.009686935313103896, -0.13901974629859584,0
0.20366898259428448, -0.08084783510332945,0
0.03976512315824916, -0.12942311923119723,0
-0.1065473201621528, -0.1768909414378718,0
-0.39370327681143286, -0.2813424811308039,0
0.28306768740916455, -0.0707854400978363,0
0.5281052200815974, 0.03362422413917272,0
-0.04963384124203683, -0.15675230095199466,0
0.08543412800302627, -0.1366318254995825,0
-0.09046968369942189, -0.1764439062315837,0
-0.2937959158539392, -0.22618242107438447,0
-0.19697177153628012, -0.22233472601989393,0
0.29449385196818145, -0.06719895040984115,0
0.044579717048281925, -0.13509270484988503,0
-0.015663354468238088, -0.1124091565714164,0
-0.3368159912198579, -0.2598957622408528,0
0.344651735995659, -0.06429073223601517,0
0.23453408882855967, -0.08127721750246468,0
0.13328873653078596, -0.12242500313234371,0
0.24992454574923847, -0.08747216946838812,0
0.7005349880196442, 0.03157498204040447,0
-0.17785096561131394, -0.2156902831168215,0
-0.14854336097318876, -0.19416912570304287,0
0.5244182489690351, -0.047887592728868285,0
-0.29830983583566406, -0.24636807637118716,0
0.4201296154621319, -0.015957745665689037,0
-0.03201024370984186, -0.15047119609965875,0
0.26566231529356427, -0.08670766319757287,0
0.5565810955065844, -0.004025624983964654,0
0.4684344608379324, -0.04469429967317633,0
-0.1060261321108607, -0.17114608355548455,0
0.08204864178517308, -0.12264152249520488,0
0.2852758222035722, -0.06643355098983285,0
-0.05581749943125929, -0.16736675265167733,0
-0.01903047810934344, -0.11764785488374672,0
-0.12934038754453966, -0.1942117911820692,0
-0.2416290306097334, -0.2276776975233219,0
0.3798816119329643, -0.031438848423712945,0
0.07200403988290804, -0.09678515010377549,0
0.5930146881698128, 0.021055205038491186,0
0.3755005616115237, -0.02796068306996007,0
-0.20373321055851942, -0.20687701189206856,0
0.1892267940878385, -0.10676852053146207,0
0.02138673792661527, -0.14307418409622186,0
-0.0378272895889149, -0.1640224782943264,0
0.06341204046017584, -0.12190653083465153,0
-0.0610794277997164, -0.1820167765587698,0
0.2515745154698038, -0.0820714969770785,0
-0.07746851405296584, -0.1596018379784331,0
0.6607150422674352, 0.025893112054032302,0
-0.03686703707925091, -0.1448046468339976,0
0.3319803062363698, -0.06778112103885597,0
-0.2429509713429174, -0.21145017924239262,0
0.599704669576914, -0.0050141755136776395,0
0.08903992135640608, -0.12818163228149684,0
-0.005979449467653717, -0.14924597342496365,0
-0.1043515896806535, -0.19158827292295041,0
-0.380261612255966, -0.28332159320572076,0
0.545435827614427, 0.024123772849989962,0
-0.7269109206908371, -0.4340856221451416,0
0.14082822134457487, -0.10814775124615185,0
-0.21691603411024443, -0.22293184703782076,0
0.19342823131810047, -0.095840784519094,0
0.5055486014663546, 0.015099818617560802,0
0.30290930090335666, -0.06906260931477262,0
0.6786295910373491, 0.02939528780193494,0
-0.2609031354273038, -0.23606720021542546,0
-0.15997081453037354, -0.19150961116409954,0
0.642464254059995, 0.011607009494751557,0
0.2073167911949999, -0.08331049190921316,0
-0.12684691668837658, -0.1909778463476256,0
0.22025949271221365, -0.09445719732159646,0
-0.008379445437954155, -0.14929426771492393,0
-0.8571495106261459, -0.46722394244545357,0
0.6145486500638374, 0.003587661741132848,0
0.03363872451245109, -0.1266970646734987,0
-0.17197271895727786, -0.20876588753265604,0
0.21267267445082605, -0.09923630061673143,0
-0.21113452296657606, -0.2270745302915648,0
-0.12216608109938583, -0.19573991216822545,0
0.23198041738938077, -0.10164138160027886,0
-0.2539123293340596, -0.2467195695793362,0
0.27982485736454377, -0.07552990494119352,0
-0.012576859620803118, -0.16859376334792753,0
-0.1236384293690075, -0.20355276324503616,0
-0.15713882388470776, -0.1934187386910144,0
0.10162572106594901, -0.1260697797288034,0
-0.15456347033426804, -0.18839875925043456,0
0.23510335263453752, -0.08583625523662568,0
-0.16204927908827105, -0.18985207411973223,0
-0.3980932692186738, -0.2967235751049193,0
0.3013559386046195, -0.06818202028783563,0
0.43596834409879004, -0.013325058835240175,0
0.7453489326148702, 0.08034343975241101,0
-0.513204505796969, -0.33181712622668424,0
0.21324826906610192, -0.06579433659246343,0
0.22322347781768379, -0.10416395283665104,0
0.21194209737398084, -0.08750211981707652,0
-0.009031939760145137, -0.13175727267090598,0
-0.03530887894355176, -0.15545516357306208,0
0.004554063470365253, -0.1555556346048404,0
0.19453563966545614, -0.10566449896593304,0
-0.36923588112478173, -0.2780047913040365,0
-0.17126930957061123, -0.1958674745172444,0
-0.19309581742485316, -0.20639064564330084,0
-0.12333689384094129, -0.18508233890816286,0
0.01904414914161738, -0.1450144843285894,0
-0.05639039874809013, -0.1701270021474244,0
0.13574007541212488, -0.10719722008330444,0
-0.3254324359750943, -0.25074192768114717,0
-0.19403569834183437, -0.23196135497387765,0
-0.3487913049618393, -0.2618045386201621,0
0.18676526640538138, -0.09771925461402554,0
0.2598554408221702, -0.10207227652356944,0
0.4348703545411302, -0.057908553794277284,0
0.2513299826258731, -0.051158912997911324,0
0.6893386816768552, 0.047163598100500255,0
0.08016876980242574, -0.11973045376613127,0
-0.20322050361224925, -0.21335865368145487,0
0.2164653327547892, -0.11741734645745971,0
0.04321984057546586, -0.12366090892338716,0
0.43957393413624146, -0.020059699363866805,0
-0.08597293847042876, -0.15189688199450502,0
-0.14709269628004193, -0.18758245737295534,0
0.15172741141884388, -0.09454171187371088,0
-0.6818845292840675, -0.39438080453330443,0
0.04101508393508713, -0.13303637364679363,0
-0.20043095670980862, -0.20458368661585838,0
-0.050059060524996625, -0.15544736451412872,0
-0.17788854660784828, -0.20405562414876427,0
0.04482550546382491, -0.13854007219462725,0
-0.07723496407872615, -0.18835641003248926,0
0.09219127168042168, -0.0947324019446116,0
-0.6220470332967728, -0.3939958531592315,0
0.10964370925369797, -0.10846834179871045,0
-0.1648867106394692, -0.18975866876660458,0
-0.28276634082930246, -0.2533030738828746,0
0.23902561177923595, -0.09657003437266201,0
-0.259048645048085, -0.23280038208466378,0
-0.08848172988793877, -0.16618782122305836,0
0.635896816016253, 0.018488177833165628,0
-0.13353378714903943, -0.19227266041849794,0
0.6216051799330692, 0.018881364304259626,0
-0.0277256503787371, -0.16455358916941712,0
-0.5181042347568865, -0.32547908729398567,0
0.5162895323659855, 0.015171260731424146,0
-0.02900500919128153, -0.15600524812729155,0
0.7328313414490634, 0.06972731750408745,0
0.18603017811897352, -0.09541430387543584,0
-0.19730747495788548, -0.2068669913789635,0
0.008376532942163008, -0.1650501502144823,0
0.2433950408165343, -0.0885717394848933,0
0.2316025345416842, -0.08952740498890559,0
-0.1699230357554115, -0.20446847097544713,0
0.3212065234480877, -0.08020602751259782,0
0.1545100275714352, -0.10626978483872186,0
0.6826025508546251, 0.029103778766857394,0
0.14397972077120813, -0.10321823848396929,0
-0.21091300758743292, -0.21414073624738608,0
-0.11934054617733279, -0.19131543213833657,0
0.1889509772855806, -0.07282983443490607,0
-0.32813134080934203, -0.2660118038582395,0
-0.8426918558872296, -0.47221220970323247,0
-0.7938569049029214, -0.4301957472395106,0
0.470212397291715, -0.03106910068717759,0
0.05440193323515884, -0.12077896289135094,0
0.22309438567500622, -0.07876818693901022,0
0.6874864816822381, 0.043113320095383156,0
-0.1938160932572791, -0.21727757431657072,0
-0.2523446534195496, -0.23989791071106986,0
-0.11431755710457632, -0.17567065753314742,0
0.605443731904032, 0.016502052511960193,0
-0.016797552339598502, -0.15240220292827272,0
0.3896090203089178, -0.06077669221761293,0
-0.018148970757269275, -0.126722051065565,0
0.3183825474577848, -0.0726068776921801,0
0.27066501191489706, -0.09202925079874888,0
-0.45857595532789486, -0.30427396161831044,0
-0.7138713705445054, -0.41070587062580066,0
-0.12333689384094135, -0.1850823389081627,0
-0.13230243953790155, -0.21552344919229913,0
0.05403043269031116, -0.14525340426607497,0
0.2909056463332188, -0.07622911271143315,0
-0.1801271019759094, -0.22611942867337775,0
0.01849767838221088, -0.13803009275781897,0
0.09448655419740697, -0.11264528896250943,0
0.26840017601815547, -0.061117755153200316,0
0.33460807855433583, -0.0498673048650619,0
-0.3315480532358298, -0.25429572050974636,0
-0.07713700651416648, -0.1435488250242242,0
-0.11537843692946921, -0.17300294084505635,0
-0.3315592561643205, -0.25742198307759667,0
-0.004485249045733852, -0.16841699575857147,0
-0.8671093684556677, -0.4745072575029116,0
0.16920731427300373, -0.10278855971032887,0
-0.10668028721440183, -0.19078390609804102,0
-0.7317992974334524, -0.41651377269343537,0
-0.8247376259527447, -0.4472949249825508,0
0.14304256755713804, -0.10590694411312031,0
0.0992018789204112, -0.13769878539123842,0
0.3266240125560131, -0.06572624258606889,0
-0.41348418267466047, -0.29553381744670576,0
0.7065993455456464, 0.038062888215187295,0
-0.3917931707429382, -0.2732555422348465,0
-0.03418961114721495, -0.17351865052624185,0
-0.3188919032902677, -0.25041676311340144,0
-0.004890518918507943, -0.13253865681736965,0
0.13123849260648401, -0.11834693580243003,0
-0.27697896532281696, -0.24473859047325933,0
-0.10212408427333886, -0.1622130465692362,0
-0.11997279574862785, -0.1906271335276362,0
-0.012243334013531209, -0.1400473025322117,0
0.7252512120437152, 0.03568781349492952,0
0.8730905820597192, 0.12492861570894304,0
-0.009856907829985589, -0.1454394510852633,0
0.03943979554075474, -0.1011120150467759,0
0.5091640877539616, 0.005367757162360584,0
0.0005707624039541742, -0.14467360411614422,0
0.35737154283425704, -0.05823694424576899,0
-0.38524738363906064, -0.2960829289653127,0
0.4587168218847301, -0.005773243869451246,0
-0.14910123823682414, -0.19215797304350402,0
0.3008180823790651, -0.09083560760753492,0
-0.035554497389876524, -0.15401462003369182,0
-0.030263051102475586, -0.14572872007294752,0
-0.3914965030117703, -0.28486811095824527,0
-0.04741775945992275, -0.14738625868832506,0
0.720924391739605, 0.04378021637123021,0
0.022536505641962964, -0.14279275901924945,0
-0.17738358884167646, -0.19203098137458138,0
0.7113274621333977, 0.062025721454294476,0
-0.12299330232641856, -0.19803680459341938,0
0.1385626353931856, -0.09969906368051823,0
0.06986151551274913, -0.12383127629806734,0
0.0988284279306192, -0.11742375389184996,0
0.575108103094694, 0.04473015182630127,0
0.02306052769237427, -0.15350340839513762,0
0.2395164659192692, -0.0923046948400161,0
0.1272859226635668, -0.1133218382153195,0
-0.1459016749670307, -0.2017800879548421,0
0.5591622828108365, -0.007024086369628389,0
-0.18137280865226554, -0.210691534105846,0
0.44213210531897446, -0.029259151256999738,0
0.3024497512644534, -0.08826830748410847,0
0.061510866000071274, -0.14778204839173384,0
-0.015822587987180333, -0.10180341980515889,0
0.09603204198417219, -0.13055551789914832,0
0.6897651466561023, 0.05496969274194621,0
-0.14357026385440366, -0.21131295089570606,0
0.09092955133953148, -0.12300150626416248,0
-0.1314714079031018, -0.1786529789744497,0
-0.3020284151412098, -0.2547800242118862,0
0.14717401436376082, -0.10406756670092895,0
0.3466455140272006, -0.08286948189306914,0
-0.04220562665557084, -0.15293997461018194,0
-0.3678407716818861, -0.28450064400845004,0
0.013950149746379144, -0.14052402861581192,0
0.037004137839989466, -0.14743514817234069,0
-0.09450443263984991, -0.17615012557862056,0
0.12773938276102342, -0.10877154578873817,0
0.3084310517415778, -0.0667936949283068,0
-0.27259911547555893, -0.23998270281472964,0
-0.4155387673079181, -0.2870446080025266,0
0.23521869915058144, -0.08203234370451544,0
0.25027365500657767, -0.06168121870943557,0
0.5859005581571811, 0.027824347725782107,0
0.16109542665208101, -0.10675095545623303,0
-0.2806576533043088, -0.2519340188157991,0
-0.06151080587021303, -0.17162010564111327,0
-0.31229685543301217, -0.25534342013508443,0
0.10049189794143949, -0.09461758858755918,0
-0.08341937591784158, -0.17325857169886022,0
0.04877149974306215, -0.12194756892753823,0
0.09618216400922418, -0.12494553827745496,0
-0.3376400139385568, -0.26415047873189074,0
0.3224072052681036, -0.07037283042936725,0
-0.17316536492498, -0.2213023168894924,0
0.7644340364190478, 0.05943819021018309,0
-0.04578515882288352, -0.16884587224249917,0
-0.01077228489551156, -0.17001021262005217,0
0.7109854078726087, 0.03535623378166,0
0.6432374302561686, 0.015708812813100496,0
0.20002986976022902, -0.09765720126984304,0
0.24489959156279378, -0.0721209818549634,0
-0.3414457057189803, -0.2661960363579886,0
-0.3180606878043179, -0.26566504697832305,0
0.2915767721051653, -0.06202242253519715,0
-0.24249833862399617, -0.21897087985519958,0
-0.28433362621472574, -0.23098795051670615,0
-0.19218004012165443, -0.1669798196925398,0
0.021520084003481453, -0.14694291571034068,0
0.2760125846919316, -0.07461684303837561,0
-0.2716922930876049, -0.2451918169883624,0
0.048116212981163975, -0.16050673941705232,0
0.184812827962957, -0.08996002531153073,0
0.4749070305259635, -0.03309463451540331,0
0.7681362231992546, 0.08110568144656045,0
0.1692073142730039, -0.10278855971032881,0
-0.21466192739247722, -0.2264213686766324,0
0.030028919114899306, -0.14133856553117652,0
0.09925031996715199, -0.1250589193163093,0
0.29836422508972277, -0.06566865260511384,0
0.07514838098479425, -0.1409269672303414,0
-0.2874096295262522, -0.23080968918243908,0
-0.11536665556973094, -0.19263289057447838,0
-0.2598514692997708, -0.23981300411401393,0
-0.31969086781127526, -0.2479882035893293,0
0.10500324693023287, -0.10666947628731462,0
0.5022211027447507, 0.003875510650632753,0
-0.2097897374312995, -0.21335434404961237,0
0.21547896941964814, -0.08210432930537516,0
-0.3087596120602223, -0.25046996098053753,0
0.33044753900563806, -0.06452845887261155,0
-0.4121367477974024, -0.2948776209273225,0
0.46877606180576015, -0.042064193850772195,0
-0.16121785647707104, -0.1943977216593,0
0.021414927962802126, -0.11895762851108717,0
0.29744416373405436, -0.061600540759121906,0
0.14895696549384843, -0.10165231336828298,0
0.7964715332991932, 0.09190445255316977,0
-0.035791147728371935, -0.14269443451405162,0
0.8026319950582073, 0.08127401610177326,0
-0.3014687239754803, -0.24249801913330032,0
-0.45915274562747693, -0.29709386596820914,0
0.6842136030598505, 0.0375960727953373,0
0.2982287632436892, -0.08710983800413558,0
0.00808741945261986, -0.12625417706007577,0
-0.03096701623551503, -0.16715501817280018,0
0.22077665915716935, -0.08849495447346058,0
0.691870350015678, 0.036072417723177666,0
-0.7659332349348924, -0.4438979347171674,0
0.3096312992989239, -0.06467565068541485,0
0.16919041333780638, -0.11813657682001737,0
0.44599826794975955, -0.03775139882097349,0
0.01639166001764639, -0.1385590043441004,0
0.4001181156150621, -0.01461713613926722,0
0.6619003031713863, 0.04369629303512703,0
-0.3160498721147985, -0.2555075222064806,0
0.407873885346208, -0.031889755656698986,0
0.0016967342080999688, -0.13485478360028355,0
0.4256540697685803, -0.03819173704854903,0
0.12569524487753253, -0.10912612118119662,0
-0.0462373646187932, -0.16444009020556835,0
-0.49033402122347414, -0.31327892988360057,0
0.04811621298116395, -0.1605067394170523,0
0.07657947593171263, -0.1268673436185644,0
0.23989865641538516, -0.08710412879763582,0
0.22928599488919013, -0.036674172934706754,0
-0.21358521444739467, -0.2187219812511687,0
0.6786044456090597, 0.026637947770812843,0
0.1085536390926032, -0.12834638514066707,0
-0.10201924901897533, -0.16887955265563664,0
0.4041362220908253, -0.03205731456821743,0
0.007110753997612783, -0.11643624225509641,0
0.43812688172884173, -0.027657889966388648,0
0.3511325105060925, -0.044289570875050505,0
0.23728319095811554, -0.08459469873631587,0
-0.2981085708976833, -0.24939496617804344,0
-0.16595030967854055, -0.19980226305672893,0
0.5612232252025396, 0.021843160719422768,0
-0.7916848278035967, -0.43268577228755417,0
0.017727997165636923, -0.14711145682634638,0
-0.054993460563002014, -0.14976586020743612,0
0.09359854640897917, -0.11459044958936698,0
-0.0648564622810825, -0.15465976252852304,0
0.675344833250045, 0.08980730858273471,0
-0.2785479610253965, -0.2417786176210271,0
-0.11497419926595223, -0.17038359631093744,0
0.20645128637187926, -0.106346972283616,0
0.008106429580809973, -0.1406642670889678,0
-0.25792763501691085, -0.2234281725867141,0
0.22881613899590236, -0.10750644382930068,0
-0.24459092631137822, -0.22364349940511397,0
0.715675679466276, 0.060721735409736556,0
-0.24818690008341351, -0.23246722792976593,0
-0.18591795119509863, -0.20278758452179324,0
0.7551875375317647, 0.050879908403223095,0
-0.21805204780558077, -0.21779053491081737,0
0.6760614783231808, 0.02824271882065595,0
-0.03873370132173452, -0.14301171917091363,0
-0.832596418096098, -0.44666816075070825,0
-0.0009238627473142364, -0.15540873974650984,0
-0.03238154244732021, -0.16189008926738244,0
-0.2933785440128935, -0.25771357473956635,0
0.22064181438280492, -0.08634061220072234,0
-0.692171867781238, -0.41685778598865303,0
-0.215808292356981, -0.2184874516693829,0
0.6788110427451418, 0.021013301943691335,0
0.12907096580872893, -0.09250082955733133,0
0.541676553506759, 0.020978378330492535,0
0.29968916326210543, -0.07588309672775584,0
-0.1374432551584566, -0.17225225815551917,0
0.06653181994611365, -0.12461782609495145,0
-0.4063925017485641, -0.2900308141720453,0
0.30084778457336464, -0.06897349125261469,0
-0.19898761677844193, -0.22002305107304204,0
0.4455640606251463, -0.029048706732120805,0
0.33536853089885177, -0.06846005976774439,0
0.059119583955489594, -0.11953129098462631,0
-0.06608769812521142, -0.14659954900530778,0
0.2489410433130753, -0.09835204604953764,0
0.2704034844166644, -0.08445099209832968,0
-0.549639906260255, -0.34201932001041846,0
-0.1924215996239185, -0.21332441471399197,0
0.22134671518616295, -0.10142670627906797,0
